member_id,gender,age,prefecture_code,join_date,leave_date,member_rank,annual_spend,has_spouse,email_optin,registration_channel
M0000001,2,39,27,2019-04-27,,BRONZE,126416,0,1,WEB
M0000002,1,16,23,2025-03-15,,GOLD,900021,0,0,WEB
M0000003,2,47,13,2024-11-16,,SILVER,211262,0,1,APP
M0000004,2,35,27,2023-06-25,,SILVER,87466,1,0,STORE
M0000005,1,49,20,2024-08-27,,BRONZE,123020,1,1,STORE
M0000006,9,48,11,2023-11-12,,SILVER,497715,1,1,STORE
M0000007,2,30,13,2018-03-17,,BRONZE,94625,1,1,PHONE
M0000008,2,51,13,2023-11-23,,SILVER,267782,0,1,STORE
M0000009,1,32,38,2022-05-05,,GOLD,806847,1,0,WEB
M0000010,2,33,43,2016-03-07,2018-07-25,SILVER,237444,1,1,STORE
M0000011,1,31,12,2024-02-01,,BRONZE,34279,1,0,WEB
M0000012,2,59,27,2010-06-29,2013-02-04,SILVER,299732,1,1,WEB
M0000013,2,35,40,2011-08-24,,BRONZE,48305,1,0,WEB
M0000014,2,63,14,2012-08-20,,BRONZE,44674,1,1,WEB
M0000015,1,70,19,2018-07-23,,SILVER,143512,1,1,APP
M0000016,1,27,23,2011-03-12,,BRONZE,42966,1,0,STORE
M0000017,2,58,19,2013-08-07,,SILVER,230052,0,1,WEB
M0000018,1,58,40,2013-11-17,2020-06-09,SILVER,122712,0,0,WEB
M0000019,2,34,32,2013-11-18,,BRONZE,19076,1,0,PHONE
M0000020,2,25,11,2010-11-20,2014-11-19,BRONZE,137111,0,1,WEB
M0000021,2,30,40,2013-08-03,,SILVER,62804,1,0,APP
M0000022,1,33,23,2014-06-07,,PLATINUM,695155,1,1,APP
M0000023,9,62,01,2022-02-20,,BRONZE,57539,1,1,APP
M0000024,2,43,35,2019-06-04,,BRONZE,91931,0,0,APP
M0000025,2,62,11,2015-01-14,,PLATINUM,716794,1,1,APP
M0000026,1,48,39,2012-04-04,,GOLD,353355,1,0,APP
M0000027,2,35,40,2018-03-20,,PLATINUM,868491,0,0,STORE
M0000028,1,33,14,2015-01-20,,BRONZE,79390,0,1,WEB
M0000029,1,50,14,2021-02-25,,PLATINUM,520733,1,0,STORE
M0000030,2,54,13,2013-08-02,2017-01-17,GOLD,753318,1,1,WEB
M0000031,2,57,30,2025-12-13,,BRONZE,36915,1,1,STORE
M0000032,9,36,13,2011-07-10,,SILVER,196780,0,1,APP
M0000033,1,43,14,2023-05-12,,BRONZE,17508,0,1,STORE
M0000034,1,50,27,2020-10-26,,BRONZE,84568,0,1,APP
M0000035,2,33,15,2020-10-08,,SILVER,441142,1,1,APP
M0000036,1,21,39,2024-04-15,2025-12-31,BRONZE,64675,0,1,APP
M0000037,1,26,24,2017-03-23,,PLATINUM,1027537,1,0,PHONE
M0000038,2,36,14,2021-06-16,2025-12-31,GOLD,721356,1,0,WEB
M0000039,1,51,11,2018-06-15,,GOLD,262803,1,1,STORE
M0000040,2,61,27,2020-12-12,,BRONZE,52054,1,0,WEB
M0000041,1,17,38,2018-11-06,,SILVER,323422,0,1,WEB
M0000042,2,30,13,2025-09-23,,GOLD,190847,0,1,STORE
M0000043,2,34,42,2015-03-05,,BRONZE,225592,1,1,WEB
M0000044,1,54,24,2021-09-13,,SILVER,181991,1,1,STORE
M0000045,2,31,07,2012-08-29,2014-04-20,BRONZE,33637,0,1,STORE
M0000046,2,33,18,2010-10-03,2013-01-19,SILVER,174171,0,1,APP
M0000047,1,16,14,2021-04-03,,SILVER,64322,0,1,WEB
M0000048,1,48,14,2013-06-29,,GOLD,484967,0,1,STORE
M0000049,2,37,40,2010-04-02,,SILVER,340167,1,1,STORE
M0000050,1,29,27,2020-03-14,,GOLD,422027,0,0,WEB
M0000051,1,36,15,2019-10-16,,BRONZE,40115,0,0,APP
M0000052,1,59,11,2020-03-23,,SILVER,247121,1,0,PHONE
M0000053,2,23,34,2017-04-07,,GOLD,132112,0,1,APP
M0000054,2,26,33,2023-04-28,,SILVER,181956,0,1,APP
M0000055,2,61,13,2010-03-16,,GOLD,398326,1,0,WEB
M0000056,2,41,27,2012-07-17,,SILVER,74599,1,1,APP
M0000057,2,51,40,2016-01-10,,SILVER,81203,1,1,WEB
M0000058,2,47,13,2025-09-13,2025-12-31,GOLD,453693,1,1,APP
M0000059,1,39,05,2021-07-13,,BRONZE,57783,1,1,APP
M0000060,1,34,10,2018-04-06,,SILVER,213374,1,1,APP
M0000061,2,54,08,2025-03-10,,SILVER,92485,1,1,WEB
M0000062,2,60,11,2024-09-22,2025-12-31,GOLD,349079,1,1,STORE
M0000063,2,58,29,2011-09-07,2016-09-28,SILVER,261752,1,1,APP
M0000064,2,20,01,2018-06-21,,SILVER,214569,0,0,WEB
M0000065,2,62,47,2025-03-22,,BRONZE,30007,1,0,WEB
M0000066,2,34,24,2012-12-28,,PLATINUM,998294,1,1,WEB
M0000067,2,27,08,2012-07-11,,BRONZE,42423,0,1,STORE
M0000068,1,37,13,2015-08-14,,SILVER,103647,1,1,WEB
M0000069,1,54,26,2025-07-03,,BRONZE,103008,1,1,WEB
M0000070,1,49,14,2013-07-16,2015-10-02,SILVER,204893,0,1,APP
M0000071,1,36,40,2020-03-02,,BRONZE,31778,1,1,STORE
M0000072,1,54,11,2014-03-25,2016-03-21,SILVER,125067,1,1,STORE
M0000073,2,42,14,2021-10-16,,SILVER,320217,1,0,WEB
M0000074,1,30,13,2024-03-31,,SILVER,1036602,0,1,WEB
M0000075,1,28,27,2010-08-26,,BRONZE,33331,0,0,WEB
M0000076,1,47,22,2016-01-15,,GOLD,837210,1,0,WEB
M0000077,1,39,12,2019-04-07,,SILVER,188454,1,1,WEB
M0000078,2,17,41,2012-12-03,,BRONZE,52439,0,0,STORE
M0000079,2,54,25,2020-02-28,,BRONZE,19850,1,1,WEB
M0000080,2,32,40,2015-11-01,,GOLD,407222,0,1,WEB
M0000081,2,67,20,2010-07-25,,PLATINUM,531731,0,1,APP
M0000082,1,16,28,2019-11-17,,GOLD,266221,0,0,APP
M0000083,2,37,14,2010-08-11,,GOLD,445419,1,1,WEB
M0000084,1,28,45,2013-03-19,,SILVER,418714,0,0,APP
M0000085,1,23,39,2012-08-14,,BRONZE,37771,0,1,PHONE
M0000086,1,32,13,2010-10-25,2020-01-01,GOLD,258207,1,0,WEB
M0000087,2,70,29,2016-07-31,,BRONZE,38685,1,1,APP
M0000088,2,42,13,2023-12-15,,SILVER,334365,0,1,APP
M0000089,1,27,39,2014-11-21,,SILVER,192391,0,0,APP
M0000090,2,30,01,2013-10-30,,BRONZE,77531,0,0,WEB
M0000091,1,36,13,2022-11-29,,BRONZE,87736,1,1,STORE
M0000092,2,31,24,2024-12-25,2025-12-31,BRONZE,44707,0,1,STORE
M0000093,1,29,23,2014-10-27,,BRONZE,47082,0,1,WEB
M0000094,1,36,13,2010-10-03,,BRONZE,48784,1,0,STORE
M0000095,1,25,21,2022-03-03,,BRONZE,40304,0,1,WEB
M0000096,2,38,20,2020-05-31,,BRONZE,123521,1,0,WEB
M0000097,1,57,23,2025-12-17,,BRONZE,71041,1,1,WEB
M0000098,1,68,09,2020-08-23,2025-12-31,SILVER,221812,1,1,PHONE
M0000099,1,58,13,2024-11-16,,GOLD,308737,0,1,WEB
M0000100,9,26,14,2012-06-30,,SILVER,106221,0,1,APP
M0000101,2,25,03,2012-08-21,,SILVER,214258,0,1,APP
M0000102,2,42,27,2020-08-23,,SILVER,172141,1,0,STORE
M0000103,1,19,11,2021-12-19,,SILVER,315748,0,1,WEB
M0000104,9,69,39,2016-03-15,,PLATINUM,1321196,0,1,APP
M0000105,2,41,25,2016-11-23,,SILVER,146212,0,1,STORE
M0000106,2,38,28,2016-02-10,,SILVER,118060,1,1,STORE
M0000107,1,67,28,2010-10-07,,GOLD,122630,0,1,STORE
M0000108,1,40,34,2024-01-15,,SILVER,120355,0,1,WEB
M0000109,1,47,31,2024-07-08,,SILVER,306786,0,1,PHONE
M0000110,2,27,13,2025-03-28,,SILVER,182426,0,0,APP
M0000111,2,17,11,2018-01-26,,BRONZE,84920,0,1,APP
M0000112,1,30,27,2012-09-21,2020-09-21,SILVER,86174,1,1,STORE
M0000113,1,77,13,2016-06-19,,GOLD,363836,1,1,WEB
M0000114,2,51,14,2020-12-11,,SILVER,332158,1,1,STORE
M0000115,1,45,01,2012-10-09,,BRONZE,27066,0,1,STORE
M0000116,2,23,21,2012-06-23,2019-06-17,SILVER,75182,1,1,STORE
M0000117,2,55,37,2025-11-17,,GOLD,642473,1,1,STORE
M0000118,2,17,11,2010-07-24,,BRONZE,84031,0,0,APP
M0000119,1,29,11,2019-07-28,2025-12-31,GOLD,498560,1,1,APP
M0000120,2,30,13,2012-05-23,,BRONZE,54363,0,1,APP
M0000121,2,73,27,2010-05-09,2017-11-29,SILVER,129226,0,0,STORE
M0000122,2,72,13,2020-02-26,,BRONZE,68610,1,1,APP
M0000123,1,32,45,2012-12-11,,SILVER,180001,0,1,WEB
M0000124,1,29,13,2021-08-16,2025-12-31,PLATINUM,829749,0,0,WEB
M0000125,1,59,16,2023-03-12,,SILVER,115634,1,1,STORE
M0000126,2,41,14,2018-02-11,,BRONZE,13141,1,1,PHONE
M0000127,1,43,23,2012-09-02,,GOLD,483289,1,1,APP
M0000128,1,53,32,2025-03-24,2025-12-31,SILVER,85618,1,1,PHONE
M0000129,1,55,39,2015-12-16,2023-10-15,SILVER,300372,0,1,STORE
M0000130,2,37,27,2022-03-24,,BRONZE,156097,1,0,STORE
M0000131,1,49,37,2013-02-01,,SILVER,277062,1,1,APP
M0000132,2,28,27,2012-08-02,,SILVER,205455,0,0,STORE
M0000133,2,49,22,2020-10-15,,SILVER,240083,1,1,WEB
M0000134,1,31,13,2013-04-30,,BRONZE,68058,0,1,WEB
M0000135,2,48,23,2018-07-11,,BRONZE,184316,1,1,WEB
M0000136,1,46,09,2019-07-16,,BRONZE,108886,1,1,WEB
M0000137,9,41,26,2011-12-16,2020-08-15,GOLD,429440,1,0,PHONE
M0000138,2,54,29,2015-05-02,2020-11-02,PLATINUM,595331,1,1,WEB
M0000139,2,58,14,2013-02-03,,SILVER,85436,0,1,WEB
M0000140,1,22,30,2010-01-06,,GOLD,649042,0,0,APP
M0000141,2,35,14,2025-03-09,2025-12-31,BRONZE,11928,0,1,PHONE
M0000142,2,15,27,2010-05-22,,GOLD,292531,0,1,WEB
M0000143,2,33,13,2023-04-10,,BRONZE,145058,0,1,WEB
M0000144,2,34,27,2016-07-12,,BRONZE,56988,1,1,WEB
M0000145,2,62,13,2014-06-07,,BRONZE,66609,1,1,STORE
M0000146,1,42,03,2018-05-19,2025-12-31,SILVER,259639,1,1,WEB
M0000147,1,58,13,2024-08-27,,SILVER,245949,0,1,WEB
M0000148,2,45,28,2020-06-14,,BRONZE,73066,1,1,WEB
M0000149,1,31,13,2011-04-16,,BRONZE,46662,1,0,PHONE
M0000150,1,42,06,2022-03-18,,SILVER,249507,1,1,APP
M0000151,2,52,14,2022-03-20,,GOLD,633883,1,1,PHONE
M0000152,2,60,14,2025-07-02,,BRONZE,37671,1,0,APP
M0000153,1,38,12,2013-03-26,2021-04-03,BRONZE,81939,0,1,PHONE
M0000154,2,32,41,2023-06-04,,SILVER,249066,1,1,WEB
M0000155,1,41,47,2015-12-03,,SILVER,328795,1,1,APP
M0000156,2,34,14,2015-09-12,,SILVER,188730,1,0,PHONE
M0000157,1,32,42,2020-02-18,,SILVER,206396,1,1,STORE
M0000158,2,71,01,2018-07-22,,SILVER,87214,1,0,APP
M0000159,2,50,36,2013-09-04,,BRONZE,27924,1,1,PHONE
M0000160,2,29,13,2013-06-15,,GOLD,608529,0,1,APP
M0000161,1,21,13,2020-05-28,2021-07-24,GOLD,204147,0,1,WEB
M0000162,2,57,13,2025-07-02,2025-12-31,SILVER,281789,0,1,APP
M0000163,1,21,22,2013-09-03,,BRONZE,40799,0,1,WEB
M0000164,1,23,13,2018-07-27,,PLATINUM,703149,1,0,PHONE
M0000165,2,27,13,2014-11-28,,BRONZE,133395,1,0,APP
M0000166,1,42,28,2013-12-30,2023-04-05,PLATINUM,606030,1,0,WEB
M0000167,2,51,43,2022-09-22,,SILVER,143163,0,0,STORE
M0000168,2,60,28,2021-08-02,,SILVER,148407,1,0,PHONE
M0000169,1,58,10,2017-09-02,,BRONZE,21293,1,1,WEB
M0000170,9,40,27,2017-10-22,,BRONZE,43501,1,0,APP
M0000171,1,57,37,2016-10-22,2022-11-06,BRONZE,113261,1,0,WEB
M0000172,2,29,13,2025-12-12,,BRONZE,28201,0,1,STORE
M0000173,1,49,14,2025-02-19,,BRONZE,13149,1,0,PHONE
M0000174,2,29,11,2011-03-13,,BRONZE,12487,1,0,STORE
M0000175,1,26,27,2023-01-21,2025-12-31,SILVER,163013,0,1,WEB
M0000176,1,29,02,2015-05-15,,GOLD,575170,0,1,STORE
M0000177,1,24,04,2020-06-13,,BRONZE,28782,0,0,WEB
M0000178,9,32,27,2025-01-26,,SILVER,117000,1,1,APP
M0000179,2,51,13,2016-09-29,,BRONZE,162545,0,1,APP
M0000180,2,69,13,2017-05-19,,SILVER,161182,1,1,APP
M0000181,2,37,13,2020-01-08,,SILVER,301997,1,1,APP
M0000182,2,18,36,2014-12-28,,SILVER,91768,0,0,PHONE
M0000183,2,27,01,2014-03-21,,BRONZE,29315,0,1,WEB
M0000184,1,53,13,2019-09-05,,BRONZE,40872,1,0,WEB
M0000185,2,37,13,2013-04-28,,BRONZE,51893,1,0,APP
M0000186,2,28,24,2020-08-19,,PLATINUM,1351212,1,1,STORE
M0000187,1,52,22,2013-12-29,,BRONZE,108451,1,1,WEB
M0000188,1,56,38,2011-06-27,,SILVER,198349,1,1,WEB
M0000189,2,40,13,2011-08-14,,BRONZE,91098,0,1,WEB
M0000190,1,26,23,2014-02-24,,SILVER,279086,0,0,WEB
M0000191,2,45,13,2011-08-20,,BRONZE,44909,1,0,WEB
M0000192,1,36,21,2014-12-11,,BRONZE,76070,0,1,APP
M0000193,1,36,40,2016-09-08,,BRONZE,105077,1,1,STORE
M0000194,2,31,06,2013-12-07,2015-06-09,BRONZE,15803,1,1,STORE
M0000195,1,56,13,2018-07-19,,BRONZE,38408,0,0,WEB
M0000196,1,44,19,2016-02-16,2023-09-13,BRONZE,21575,1,0,PHONE
M0000197,2,58,27,2011-04-13,2020-08-05,GOLD,283179,1,1,WEB
M0000198,2,63,29,2015-05-11,2020-03-09,BRONZE,25556,1,1,STORE
M0000199,1,48,27,2010-03-12,,BRONZE,78814,1,1,WEB
M0000200,1,31,20,2021-09-14,,BRONZE,21581,0,1,STORE
M0000201,2,58,13,2017-02-01,,GOLD,353336,1,0,WEB
M0000202,9,48,02,2019-08-02,2025-12-31,BRONZE,251797,1,1,STORE
M0000203,2,84,19,2012-04-12,,GOLD,288049,0,1,APP
M0000204,1,45,40,2016-11-13,,BRONZE,79308,1,1,WEB
M0000205,1,52,27,2022-12-12,,BRONZE,33208,0,0,WEB
M0000206,1,45,14,2013-03-14,,BRONZE,45603,1,1,WEB
M0000207,1,38,14,2025-09-29,,BRONZE,20293,1,1,WEB
M0000208,2,36,12,2016-09-24,2020-09-08,BRONZE,17811,0,1,WEB
M0000209,1,45,13,2012-03-08,,BRONZE,38177,0,1,PHONE
M0000210,2,49,13,2012-11-20,,PLATINUM,628919,1,0,STORE
M0000211,2,60,14,2017-05-24,,SILVER,57873,1,1,STORE
M0000212,2,45,27,2025-03-27,,GOLD,730034,1,1,APP
M0000213,1,32,13,2017-07-20,2025-12-31,GOLD,332203,1,1,WEB
M0000214,2,34,08,2012-10-12,,BRONZE,124960,1,1,WEB
M0000215,2,18,13,2016-03-17,,GOLD,404058,0,1,WEB
M0000216,2,68,38,2023-09-28,,SILVER,429644,1,0,WEB
M0000217,1,31,16,2025-10-01,,SILVER,158749,0,1,WEB
M0000218,1,56,40,2019-11-07,,SILVER,125315,1,1,STORE
M0000219,2,45,31,2023-11-09,,SILVER,208323,1,1,STORE
M0000220,1,45,01,2022-12-22,,SILVER,142716,0,0,WEB
M0000221,1,38,28,2016-10-15,,BRONZE,18676,1,1,WEB
M0000222,2,27,14,2024-03-20,,PLATINUM,585079,0,0,STORE
M0000223,2,24,02,2011-03-16,,BRONZE,94822,0,1,WEB
M0000224,9,69,13,2022-11-12,,BRONZE,37320,1,1,WEB
M0000225,1,42,23,2019-04-20,2025-06-07,BRONZE,59091,1,0,WEB
M0000226,2,59,13,2019-06-06,,SILVER,193058,0,1,STORE
M0000227,1,64,11,2024-12-18,,BRONZE,44729,0,1,WEB
M0000228,2,33,01,2014-04-10,,GOLD,236995,1,1,WEB
M0000229,2,47,13,2013-03-01,,SILVER,137524,0,1,WEB
M0000230,1,41,27,2020-07-24,,GOLD,410552,0,1,APP
M0000231,1,20,24,2021-11-13,,BRONZE,68786,0,1,STORE
M0000232,1,37,27,2010-01-29,,BRONZE,107812,0,1,STORE
M0000233,9,50,13,2017-12-31,,SILVER,351341,1,0,APP
M0000234,2,32,14,2016-01-15,,BRONZE,43027,0,0,APP
M0000235,2,34,39,2023-02-11,,BRONZE,71444,1,0,APP
M0000236,2,37,05,2023-09-23,,GOLD,365450,1,1,STORE
M0000237,2,76,28,2012-03-22,2015-02-21,SILVER,535690,1,1,STORE
M0000238,2,33,29,2019-04-16,,GOLD,732913,1,1,APP
M0000239,1,49,02,2021-07-22,,SILVER,287093,1,1,WEB
M0000240,1,36,22,2014-03-04,,BRONZE,124282,0,0,STORE
M0000241,2,29,12,2024-12-09,,GOLD,327888,0,1,PHONE
M0000242,2,35,31,2024-04-10,,PLATINUM,806743,1,1,APP
M0000243,1,51,01,2012-10-03,,SILVER,220986,1,1,STORE
M0000244,2,52,27,2010-03-31,,BRONZE,88401,1,1,APP
M0000245,2,43,13,2019-04-02,,BRONZE,37442,1,0,WEB
M0000246,2,59,13,2024-02-16,,GOLD,236821,1,1,PHONE
M0000247,2,62,23,2020-12-03,,BRONZE,37075,1,1,STORE
M0000248,1,54,44,2022-02-25,,BRONZE,25065,1,0,APP
M0000249,1,31,17,2021-07-09,,BRONZE,178474,1,1,STORE
M0000250,1,48,18,2012-05-05,,GOLD,372455,0,1,STORE
M0000251,2,48,02,2011-01-29,,BRONZE,61964,1,0,WEB
M0000252,2,26,36,2011-01-03,2013-09-22,SILVER,151757,0,0,WEB
M0000253,2,41,10,2025-09-27,,SILVER,339998,1,1,STORE
M0000254,1,56,27,2025-03-22,,GOLD,346069,0,1,PHONE
M0000255,1,41,23,2023-05-06,,BRONZE,18721,1,1,WEB
M0000256,2,45,40,2011-01-27,,BRONZE,27775,0,1,WEB
M0000257,2,20,13,2024-03-21,,BRONZE,35923,0,1,WEB
M0000258,1,58,27,2025-07-31,,BRONZE,127929,1,1,APP
M0000259,1,43,14,2022-07-23,,BRONZE,43743,1,1,WEB
M0000260,2,63,13,2016-09-24,,BRONZE,64863,1,1,PHONE
M0000261,1,46,27,2011-06-28,,BRONZE,30320,0,0,WEB
M0000262,2,22,37,2015-08-28,,GOLD,390627,0,0,STORE
M0000263,1,48,14,2013-04-07,,BRONZE,78498,0,1,PHONE
M0000264,1,51,25,2020-05-26,,PLATINUM,507134,1,1,WEB
M0000265,2,31,13,2024-02-16,,BRONZE,124321,1,1,WEB
M0000266,1,15,45,2017-12-08,,BRONZE,60833,0,1,APP
M0000267,1,42,17,2010-10-09,,GOLD,751524,1,1,WEB
M0000268,1,23,36,2016-03-29,,GOLD,310035,0,1,STORE
M0000269,1,59,23,2022-10-18,,BRONZE,8954,1,1,WEB
M0000270,1,33,12,2020-03-30,2021-12-17,GOLD,513269,1,1,STORE
M0000271,1,69,40,2010-08-27,2016-11-13,GOLD,362335,1,1,WEB
M0000272,1,39,11,2015-08-08,,SILVER,136212,1,1,APP
M0000273,1,42,16,2015-08-19,,SILVER,234537,1,1,WEB
M0000274,2,64,13,2010-07-20,,BRONZE,38195,0,1,PHONE
M0000275,2,25,13,2015-08-06,,BRONZE,23846,0,1,APP
M0000276,1,37,33,2023-03-13,,BRONZE,79990,0,1,APP
M0000277,1,33,13,2012-01-31,2015-06-19,BRONZE,52520,1,0,APP
M0000278,2,28,08,2018-03-27,2021-08-31,SILVER,154204,0,1,PHONE
M0000279,2,44,27,2020-07-04,,BRONZE,165702,1,1,APP
M0000280,2,18,40,2020-12-26,,BRONZE,31697,1,1,STORE
M0000281,1,38,14,2015-04-12,,BRONZE,52615,1,1,APP
M0000282,1,49,23,2019-03-16,,SILVER,106707,1,1,PHONE
M0000283,1,36,25,2021-07-26,,SILVER,179792,0,1,APP
M0000284,1,23,33,2019-10-30,,GOLD,433584,1,1,STORE
M0000285,2,58,27,2023-05-30,,PLATINUM,590858,1,0,PHONE
M0000286,1,52,14,2013-07-03,,PLATINUM,917029,1,1,STORE
M0000287,1,22,26,2011-09-23,,BRONZE,36695,0,0,WEB
M0000288,1,18,13,2024-12-15,,BRONZE,66154,0,1,WEB
M0000289,2,24,13,2021-10-01,,SILVER,97761,0,1,APP
M0000290,1,49,11,2017-03-01,,BRONZE,25328,0,1,WEB
M0000291,2,45,20,2019-02-17,,BRONZE,24827,0,1,WEB
M0000292,1,53,14,2024-09-21,,GOLD,300155,1,1,WEB
M0000293,2,34,13,2023-11-14,,BRONZE,33707,1,1,WEB
M0000294,1,24,44,2022-11-29,,SILVER,334612,1,1,APP
M0000295,2,56,41,2019-06-16,,SILVER,137175,1,1,WEB
M0000296,2,31,12,2021-07-10,,GOLD,439735,1,1,APP
M0000297,9,43,04,2019-04-15,,GOLD,647623,1,1,WEB
M0000298,2,51,39,2017-05-12,,GOLD,327285,1,1,WEB
M0000299,2,30,12,2020-10-12,,BRONZE,75291,0,0,APP
M0000300,2,57,20,2010-05-13,,SILVER,187396,0,0,APP
M0000301,2,28,11,2023-03-23,,BRONZE,103482,0,1,STORE
M0000302,1,54,27,2015-01-17,,PLATINUM,861700,1,1,WEB
M0000303,2,42,26,2018-09-22,,BRONZE,46848,0,1,WEB
M0000304,2,30,04,2020-08-21,,BRONZE,75649,1,1,WEB
M0000305,2,37,14,2015-03-31,,PLATINUM,1106879,1,0,APP
M0000306,2,70,01,2015-04-17,,SILVER,122860,1,1,STORE
M0000307,1,20,24,2012-10-30,,BRONZE,57080,1,0,APP
M0000308,2,51,27,2011-08-03,,BRONZE,48027,0,1,APP
M0000309,1,58,18,2024-02-09,,SILVER,107841,0,1,APP
M0000310,1,28,13,2018-04-14,,SILVER,281612,0,1,APP
M0000311,2,34,01,2020-11-13,,SILVER,190760,1,0,WEB
M0000312,1,42,47,2012-06-21,,BRONZE,47234,0,1,WEB
M0000313,1,15,32,2023-08-24,,SILVER,451810,0,1,WEB
M0000314,1,32,33,2014-11-25,,BRONZE,85268,1,1,WEB
M0000315,1,62,04,2017-05-14,,PLATINUM,585053,1,1,WEB
M0000316,1,49,11,2018-01-12,,SILVER,337662,1,1,APP
M0000317,1,37,03,2021-11-25,,GOLD,414066,0,0,WEB
M0000318,2,42,14,2011-11-11,,BRONZE,191130,0,0,STORE
M0000319,1,50,28,2024-07-07,2025-12-31,GOLD,431742,1,1,PHONE
M0000320,2,53,23,2011-10-20,,GOLD,245163,1,1,WEB
M0000321,2,31,28,2020-03-13,,SILVER,207129,0,1,STORE
M0000322,2,66,40,2013-05-12,,PLATINUM,1054800,1,1,STORE
M0000323,1,62,14,2024-10-10,,SILVER,204239,1,0,APP
M0000324,2,52,14,2019-06-21,2025-12-18,PLATINUM,594097,0,0,PHONE
M0000325,2,26,27,2025-02-14,,GOLD,592112,0,1,PHONE
M0000326,2,23,11,2024-12-06,,GOLD,282604,0,0,WEB
M0000327,2,34,13,2014-04-14,2016-01-09,BRONZE,99847,0,1,PHONE
M0000328,2,41,35,2013-10-28,,BRONZE,116051,1,1,APP
M0000329,2,56,13,2011-10-20,,SILVER,191195,1,1,STORE
M0000330,1,48,26,2021-07-08,,SILVER,119662,1,1,STORE
M0000331,2,62,27,2010-05-24,,BRONZE,177129,1,1,WEB
M0000332,1,50,30,2013-01-11,,BRONZE,30673,0,0,APP
M0000333,2,29,08,2024-07-17,,BRONZE,81699,1,0,WEB
M0000334,2,26,38,2020-03-02,,GOLD,435497,0,1,STORE
M0000335,1,45,32,2017-03-19,2020-12-31,SILVER,97498,1,1,APP
M0000336,2,37,06,2012-03-15,,BRONZE,138576,1,0,APP
M0000337,1,48,13,2023-07-10,,BRONZE,96492,1,1,APP
M0000338,2,50,28,2023-07-12,,PLATINUM,679513,1,0,STORE
M0000339,1,59,14,2010-09-27,,BRONZE,32874,1,1,WEB
M0000340,2,21,34,2021-11-18,,SILVER,94388,0,1,APP
M0000341,1,44,32,2015-04-08,,PLATINUM,1094230,1,1,WEB
M0000342,9,34,14,2020-11-22,,PLATINUM,1027874,1,0,APP
M0000343,2,38,03,2014-09-19,,BRONZE,28624,1,1,WEB
M0000344,2,55,14,2010-03-27,2017-04-04,SILVER,390340,1,1,STORE
M0000345,2,57,04,2022-01-24,,PLATINUM,938553,1,1,WEB
M0000346,2,64,01,2023-05-20,,BRONZE,133305,1,1,APP
M0000347,2,47,23,2020-12-10,,SILVER,227436,0,1,APP
M0000348,1,38,33,2012-05-31,,GOLD,567232,0,1,WEB
M0000349,2,36,27,2017-03-15,,BRONZE,66887,1,0,WEB
M0000350,1,34,21,2018-07-15,,BRONZE,61925,0,0,APP
M0000351,2,63,05,2022-09-12,,BRONZE,43084,0,1,WEB
M0000352,1,35,14,2022-06-05,,BRONZE,143894,0,1,PHONE
M0000353,2,49,11,2024-03-17,,BRONZE,98880,0,1,APP
M0000354,2,52,13,2020-02-09,,BRONZE,43895,1,1,WEB
M0000355,2,19,01,2025-01-14,,SILVER,209299,0,0,APP
M0000356,2,24,34,2023-02-08,,PLATINUM,943833,0,1,WEB
M0000357,2,66,13,2013-03-15,2023-01-01,PLATINUM,667861,1,0,WEB
M0000358,2,45,13,2021-05-05,,GOLD,590684,1,1,WEB
M0000359,2,30,11,2011-05-13,,GOLD,275804,1,1,APP
M0000360,2,38,14,2022-02-05,2025-12-31,BRONZE,94634,1,0,WEB
M0000361,2,58,27,2013-07-17,,BRONZE,56643,1,1,WEB
M0000362,1,56,12,2014-10-13,,GOLD,523710,1,1,APP
M0000363,1,15,40,2019-03-09,2023-08-25,PLATINUM,622644,0,1,WEB
M0000364,1,68,29,2016-01-25,,SILVER,251986,1,1,WEB
M0000365,2,56,11,2020-05-12,,SILVER,180959,0,1,PHONE
M0000366,1,37,01,2018-01-09,,PLATINUM,630304,1,1,APP
M0000367,2,20,40,2020-03-05,,SILVER,118201,0,0,APP
M0000368,2,58,27,2019-05-19,2024-12-15,GOLD,657862,1,0,STORE
M0000369,1,48,11,2013-04-18,,PLATINUM,1569835,1,0,APP
M0000370,2,15,08,2021-01-25,,SILVER,384329,0,1,STORE
M0000371,2,36,42,2025-05-04,,BRONZE,92048,0,1,WEB
M0000372,1,93,13,2018-11-21,,PLATINUM,580027,1,1,STORE
M0000373,1,40,23,2019-09-19,2021-03-01,GOLD,341290,1,0,APP
M0000374,1,27,12,2021-05-14,,BRONZE,129201,0,0,STORE
M0000375,1,23,13,2011-05-10,,PLATINUM,594029,0,1,STORE
M0000376,1,70,25,2012-05-30,,BRONZE,100984,1,1,PHONE
M0000377,2,54,27,2018-12-06,,PLATINUM,860893,1,1,WEB
M0000378,1,64,33,2016-04-25,,GOLD,518345,1,1,WEB
M0000379,1,44,28,2021-01-26,,BRONZE,14939,1,0,WEB
M0000380,2,61,13,2024-08-12,,GOLD,445086,1,0,WEB
M0000381,2,26,10,2022-07-08,,BRONZE,71635,1,1,WEB
M0000382,2,43,13,2013-06-21,,PLATINUM,1010415,1,1,WEB
M0000383,2,45,08,2014-12-01,,SILVER,260794,1,0,WEB
M0000384,2,64,22,2012-04-19,,SILVER,73967,1,1,APP
M0000385,1,45,28,2011-07-25,,PLATINUM,1006786,0,1,STORE
M0000386,9,29,27,2021-12-01,,BRONZE,140708,1,1,PHONE
M0000387,2,41,11,2021-01-27,,SILVER,83157,1,1,PHONE
M0000388,9,32,23,2013-02-10,,SILVER,291001,1,1,APP
M0000389,1,21,02,2021-04-11,,BRONZE,24184,0,1,STORE
M0000390,2,54,12,2017-04-28,,BRONZE,201240,0,0,STORE
M0000391,2,34,40,2024-01-07,,SILVER,128586,1,1,APP
M0000392,1,36,16,2021-05-22,,BRONZE,77209,1,0,WEB
M0000393,2,54,18,2014-05-01,,SILVER,187392,0,1,WEB
M0000394,2,64,06,2017-10-04,,SILVER,56934,1,0,WEB
M0000395,1,49,27,2013-09-26,,BRONZE,97803,1,1,APP
M0000396,2,73,11,2024-06-04,,BRONZE,83080,1,1,WEB
M0000397,2,49,11,2018-03-26,,BRONZE,19510,1,0,PHONE
M0000398,1,45,24,2024-01-19,2025-12-31,BRONZE,100365,1,1,STORE
M0000399,2,44,22,2018-03-07,,SILVER,158656,1,1,PHONE
M0000400,1,18,32,2018-01-18,,BRONZE,56492,1,1,APP
M0000401,1,56,27,2012-12-16,,PLATINUM,717095,1,1,WEB
M0000402,2,33,15,2025-05-17,,BRONZE,36541,0,1,STORE
M0000403,2,30,32,2020-10-06,,BRONZE,155785,1,1,WEB
M0000404,1,40,13,2014-09-02,,GOLD,540851,0,1,WEB
M0000405,9,27,13,2023-06-09,,BRONZE,13272,0,1,STORE
M0000406,2,32,13,2013-09-28,,SILVER,315587,1,1,WEB
M0000407,1,71,01,2011-07-21,,BRONZE,27681,0,1,STORE
M0000408,2,59,11,2020-09-21,2025-02-25,PLATINUM,1484849,1,1,STORE
M0000409,1,28,27,2021-12-21,2024-10-18,BRONZE,138299,1,1,WEB
M0000410,9,32,23,2019-03-02,,BRONZE,101326,0,0,WEB
M0000411,2,18,20,2021-06-01,,SILVER,122429,0,1,PHONE
M0000412,2,52,30,2014-01-07,,BRONZE,34318,0,1,WEB
M0000413,1,36,16,2014-06-11,,GOLD,627506,1,1,WEB
M0000414,2,73,34,2015-12-09,,GOLD,265226,1,1,WEB
M0000415,1,42,01,2013-04-27,,GOLD,304691,0,0,APP
M0000416,1,47,26,2013-09-23,,BRONZE,30373,1,1,STORE
M0000417,1,56,40,2010-10-06,2020-07-17,SILVER,111410,1,1,WEB
M0000418,2,39,30,2013-10-16,,BRONZE,44643,0,1,WEB
M0000419,1,34,35,2018-10-05,,BRONZE,65774,1,0,STORE
M0000420,2,74,04,2015-11-19,2021-03-14,BRONZE,33416,1,0,WEB
M0000421,2,40,11,2016-11-13,2019-06-22,SILVER,177002,1,1,STORE
M0000422,1,52,14,2024-10-15,,SILVER,203509,0,0,WEB
M0000423,1,31,14,2010-02-07,,GOLD,708026,1,1,WEB
M0000424,1,52,13,2023-05-12,,SILVER,167694,1,1,APP
M0000425,2,15,13,2010-07-13,,BRONZE,35343,0,1,STORE
M0000426,2,32,40,2018-03-14,,BRONZE,57220,0,1,WEB
M0000427,1,19,13,2012-01-31,,SILVER,72675,0,0,WEB
M0000428,2,30,33,2017-08-24,,SILVER,243472,0,1,STORE
M0000429,1,61,12,2024-04-25,,BRONZE,36377,1,1,STORE
M0000430,2,30,29,2010-07-03,,SILVER,150114,1,1,WEB
M0000431,2,52,11,2018-02-09,2024-09-11,GOLD,393510,0,1,STORE
M0000432,2,66,27,2017-05-25,,BRONZE,33788,1,1,STORE
M0000433,2,40,14,2017-03-22,,GOLD,249516,1,1,WEB
M0000434,2,57,30,2019-12-25,,PLATINUM,1405368,0,1,APP
M0000435,1,49,13,2015-03-22,,PLATINUM,1240096,0,0,APP
M0000436,1,42,06,2022-06-17,2025-12-31,BRONZE,23984,0,1,STORE
M0000437,1,53,27,2013-10-23,,BRONZE,53656,1,1,STORE
M0000438,2,71,14,2015-09-12,,SILVER,185483,1,1,WEB
M0000439,2,29,13,2017-06-30,2025-01-03,BRONZE,52915,0,0,WEB
M0000440,2,24,11,2024-09-16,,BRONZE,22694,0,1,APP
M0000441,2,23,13,2018-07-16,2023-04-17,BRONZE,53271,0,0,APP
M0000442,1,57,31,2023-06-12,,SILVER,122746,1,1,APP
M0000443,2,59,13,2012-03-27,,BRONZE,124608,0,1,APP
M0000444,1,31,27,2011-04-26,,BRONZE,57132,0,1,APP
M0000445,1,45,13,2018-01-10,,GOLD,418679,1,0,STORE
M0000446,2,29,47,2024-06-12,,SILVER,372882,0,0,WEB
M0000447,9,49,12,2013-09-29,,BRONZE,73808,0,1,PHONE
M0000448,2,39,12,2013-07-26,,PLATINUM,842100,0,1,APP
M0000449,1,43,23,2012-05-15,,GOLD,428234,1,1,WEB
M0000450,2,31,32,2024-10-09,,BRONZE,109059,0,1,WEB
M0000451,1,57,13,2011-06-23,,BRONZE,53324,1,1,APP
M0000452,2,46,20,2020-02-03,,SILVER,285596,1,1,APP
M0000453,2,50,22,2016-02-01,,SILVER,167082,1,1,WEB
M0000454,1,43,13,2016-08-04,,GOLD,493318,1,0,STORE
M0000455,1,49,13,2021-05-16,,BRONZE,102029,0,0,STORE
M0000456,1,48,28,2016-12-25,,SILVER,232858,1,1,STORE
M0000457,9,24,13,2010-05-15,,BRONZE,8715,0,1,STORE
M0000458,2,46,14,2019-01-02,,PLATINUM,1238067,1,0,WEB
M0000459,2,53,40,2010-05-31,2013-12-22,BRONZE,33273,0,0,STORE
M0000460,2,60,13,2023-07-03,,SILVER,453133,1,1,WEB
M0000461,2,47,06,2025-02-17,,SILVER,359909,1,1,STORE
M0000462,1,24,23,2023-05-23,,GOLD,306827,0,1,STORE
M0000463,2,26,12,2016-08-14,,SILVER,425363,0,1,WEB
M0000464,1,33,11,2016-08-21,,SILVER,270661,1,1,PHONE
M0000465,2,43,40,2019-05-13,,GOLD,896598,0,1,STORE
M0000466,2,38,23,2023-08-02,2025-12-31,SILVER,152525,1,1,WEB
M0000467,2,21,35,2022-01-19,,SILVER,214728,0,0,STORE
M0000468,2,21,40,2017-07-21,,GOLD,250186,1,1,STORE
M0000469,1,30,12,2022-12-25,,BRONZE,25254,0,0,PHONE
M0000470,2,23,26,2016-09-06,,SILVER,374199,1,1,PHONE
M0000471,1,38,01,2022-04-26,,BRONZE,146542,0,0,APP
M0000472,2,79,27,2013-11-22,,BRONZE,59482,1,1,APP
M0000473,1,71,13,2017-04-04,2025-12-31,SILVER,230125,1,1,WEB
M0000474,1,23,01,2023-04-01,2025-12-31,BRONZE,18738,1,1,WEB
M0000475,1,43,09,2013-12-10,,BRONZE,27568,1,0,WEB
M0000476,1,15,18,2019-12-03,,SILVER,92583,0,1,WEB
M0000477,1,18,05,2014-06-27,,SILVER,165388,0,0,STORE
M0000478,2,20,13,2016-11-24,2023-02-16,BRONZE,16721,0,1,STORE
M0000479,2,36,18,2015-03-11,,SILVER,292517,1,0,WEB
M0000480,1,37,01,2020-08-06,,BRONZE,68631,0,1,APP
M0000481,1,44,46,2022-02-01,,BRONZE,62506,0,1,PHONE
M0000482,1,51,17,2023-10-11,2025-12-31,BRONZE,40597,1,0,STORE
M0000483,2,34,11,2015-09-11,,SILVER,217958,1,1,WEB
M0000484,1,41,03,2013-03-02,,SILVER,292942,1,1,APP
M0000485,1,21,01,2024-11-23,2025-12-31,PLATINUM,701481,1,1,WEB
M0000486,1,17,14,2016-04-12,,SILVER,102712,0,0,STORE
M0000487,2,15,23,2020-06-09,,PLATINUM,611122,0,1,WEB
M0000488,1,51,27,2016-02-01,,BRONZE,29541,1,0,WEB
M0000489,2,34,13,2023-05-08,,SILVER,179619,0,0,STORE
M0000490,2,24,10,2011-03-21,,SILVER,189763,1,1,WEB
M0000491,2,39,40,2010-08-22,,SILVER,242890,0,0,STORE
M0000492,2,19,16,2015-05-07,2025-02-08,GOLD,164691,0,1,APP
M0000493,2,68,23,2016-08-22,,SILVER,123885,0,1,APP
M0000494,1,30,22,2022-03-10,2025-12-31,BRONZE,53387,0,0,STORE
M0000495,2,52,10,2017-07-11,,SILVER,58761,1,1,WEB
M0000496,2,59,17,2014-01-20,,BRONZE,331352,1,0,WEB
M0000497,1,24,11,2011-03-20,,BRONZE,33366,0,1,APP
M0000498,2,41,43,2022-12-22,,SILVER,47360,1,1,APP
M0000499,1,49,40,2018-02-22,,BRONZE,121493,0,0,WEB
M0000500,2,42,20,2025-04-14,,SILVER,195377,1,1,STORE
M0000501,2,46,23,2015-04-18,,BRONZE,44235,1,1,PHONE
M0000502,2,17,27,2013-08-01,,GOLD,174176,0,1,APP
M0000503,2,49,01,2014-05-06,,BRONZE,107459,1,0,STORE
M0000504,2,32,11,2016-07-22,,BRONZE,83143,0,0,STORE
M0000505,2,46,27,2012-04-04,,BRONZE,53259,1,1,STORE
M0000506,2,56,40,2012-02-07,2014-08-19,SILVER,219169,0,1,WEB
M0000507,1,51,13,2022-09-09,,BRONZE,85231,1,0,STORE
M0000508,2,46,46,2021-01-27,,BRONZE,126071,0,1,STORE
M0000509,2,51,12,2018-01-10,,BRONZE,57117,1,1,WEB
M0000510,1,52,13,2017-09-18,2025-12-31,BRONZE,47990,1,1,WEB
M0000511,1,65,17,2017-12-13,,GOLD,283264,1,1,STORE
M0000512,2,39,01,2019-06-03,2025-12-31,SILVER,180332,1,0,STORE
M0000513,1,43,08,2014-07-29,,SILVER,203546,0,1,APP
M0000514,1,56,28,2022-06-17,,BRONZE,86777,1,1,WEB
M0000515,1,32,13,2010-02-17,,SILVER,445342,1,0,WEB
M0000516,1,17,27,2022-06-02,,GOLD,378795,0,1,APP
M0000517,1,48,18,2022-09-09,,BRONZE,170589,1,0,WEB
M0000518,2,36,16,2018-04-04,,GOLD,412016,1,1,WEB
M0000519,1,19,16,2014-09-22,,BRONZE,16464,0,1,PHONE
M0000520,2,49,13,2024-02-13,,BRONZE,22432,1,1,WEB
M0000521,2,64,22,2023-02-06,,GOLD,436653,1,0,STORE
M0000522,1,26,11,2024-11-29,,SILVER,156035,0,0,APP
M0000523,1,57,05,2010-04-06,2016-02-22,SILVER,240049,1,1,WEB
M0000524,2,53,27,2020-02-03,,GOLD,341864,1,0,STORE
M0000525,1,33,18,2010-02-12,,GOLD,526930,1,1,PHONE
M0000526,1,71,46,2010-08-13,,PLATINUM,868230,0,1,WEB
M0000527,9,34,27,2010-12-31,,SILVER,464175,1,0,APP
M0000528,9,42,19,2022-06-01,,SILVER,119125,1,1,STORE
M0000529,2,53,01,2021-08-20,,SILVER,484680,1,0,APP
M0000530,1,33,27,2024-04-09,,BRONZE,146622,1,0,WEB
M0000531,2,41,14,2020-02-27,,BRONZE,37285,1,1,APP
M0000532,2,41,10,2018-11-27,2025-10-25,GOLD,237150,1,1,STORE
M0000533,1,72,14,2012-11-27,,BRONZE,110639,0,1,APP
M0000534,2,19,13,2021-03-16,,GOLD,380897,1,0,WEB
M0000535,1,34,32,2024-07-29,,BRONZE,33987,1,0,WEB
M0000536,1,24,28,2015-09-12,,BRONZE,31388,1,1,WEB
M0000537,2,22,17,2021-02-22,2025-05-22,BRONZE,90232,0,1,APP
M0000538,1,59,01,2018-01-13,,BRONZE,91032,1,0,STORE
M0000539,1,40,23,2018-05-05,,BRONZE,24621,1,1,STORE
M0000540,2,31,18,2022-10-09,,BRONZE,82702,0,1,WEB
M0000541,9,31,13,2014-08-28,,SILVER,325018,0,0,WEB
M0000542,2,30,14,2024-01-07,,BRONZE,34118,1,1,WEB
M0000543,2,32,01,2025-10-07,,BRONZE,73891,1,1,STORE
M0000544,9,19,41,2011-11-05,,BRONZE,45477,1,1,STORE
M0000545,1,36,40,2018-03-07,2024-09-20,BRONZE,48324,0,1,PHONE
M0000546,1,34,45,2010-04-11,2012-06-12,GOLD,567161,1,0,WEB
M0000547,1,27,16,2015-06-01,2024-03-13,GOLD,308674,0,1,WEB
M0000548,1,43,23,2015-12-24,,BRONZE,35373,0,1,STORE
M0000549,2,44,11,2020-08-15,,BRONZE,16918,1,1,STORE
M0000550,1,31,13,2016-04-03,,BRONZE,35036,0,0,STORE
M0000551,2,38,01,2015-10-19,2018-03-01,SILVER,171263,0,0,APP
M0000552,1,77,13,2022-05-17,,BRONZE,62031,1,0,STORE
M0000553,1,76,11,2022-02-18,,SILVER,39415,0,1,WEB
M0000554,2,22,27,2010-02-20,,BRONZE,60002,0,0,APP
M0000555,1,24,43,2015-05-24,,SILVER,320691,0,0,STORE
M0000556,1,22,40,2022-03-23,2025-12-31,BRONZE,24341,0,1,WEB
M0000557,1,58,23,2011-08-25,2018-03-17,BRONZE,118280,0,0,WEB
M0000558,2,33,40,2018-08-01,,BRONZE,70561,1,1,STORE
M0000559,2,44,13,2017-11-15,,SILVER,484659,1,1,PHONE
M0000560,2,74,14,2021-03-02,,SILVER,120117,1,1,WEB
M0000561,1,40,19,2020-10-26,,SILVER,500132,0,0,APP
M0000562,1,52,01,2018-02-24,,BRONZE,84435,0,1,WEB
M0000563,2,49,11,2016-08-11,,SILVER,85887,1,1,APP
M0000564,2,30,24,2022-08-26,,BRONZE,26549,0,1,WEB
M0000565,2,58,13,2016-02-11,,SILVER,231401,1,0,WEB
M0000566,2,26,25,2016-12-29,,GOLD,874402,0,1,APP
M0000567,2,63,13,2016-09-17,,BRONZE,165316,1,1,STORE
M0000568,1,30,32,2015-07-15,,GOLD,210775,1,0,APP
M0000569,1,32,42,2020-01-28,,GOLD,590722,1,1,WEB
M0000570,2,21,24,2020-03-08,,PLATINUM,774072,0,0,STORE
M0000571,1,24,13,2024-05-23,,BRONZE,61680,0,1,WEB
M0000572,2,33,23,2017-02-10,,GOLD,623234,1,0,APP
M0000573,2,24,25,2022-02-28,,BRONZE,129440,0,0,STORE
M0000574,2,36,28,2014-11-09,,BRONZE,35539,1,1,STORE
M0000575,2,31,14,2025-05-28,,SILVER,183007,1,1,WEB
M0000576,2,53,11,2024-08-13,,BRONZE,15365,0,1,WEB
M0000577,2,47,13,2019-06-18,,BRONZE,28554,1,1,STORE
M0000578,2,28,23,2021-07-28,,GOLD,315628,1,0,WEB
M0000579,2,32,13,2019-04-12,,BRONZE,114729,1,1,WEB
M0000580,1,36,12,2013-02-24,2020-11-10,SILVER,102487,1,1,APP
M0000581,2,65,40,2025-01-21,,GOLD,430410,1,1,APP
M0000582,2,26,27,2021-11-04,,BRONZE,25105,0,0,WEB
M0000583,1,28,13,2016-09-19,,PLATINUM,1144835,0,1,APP
M0000584,1,21,38,2014-01-15,,PLATINUM,654602,0,1,PHONE
M0000585,2,15,28,2020-09-12,2025-12-31,BRONZE,110169,0,1,APP
M0000586,2,45,12,2016-11-25,,SILVER,176507,0,1,WEB
M0000587,1,43,19,2023-04-03,2024-06-06,BRONZE,33365,0,1,APP
M0000588,1,62,01,2013-06-24,2016-03-20,PLATINUM,659200,1,1,APP
M0000589,1,58,40,2018-05-02,,BRONZE,72695,0,1,APP
M0000590,1,81,01,2011-10-25,,BRONZE,45711,1,0,WEB
M0000591,2,39,27,2021-06-01,,SILVER,196939,1,1,STORE
M0000592,1,36,28,2016-05-21,,SILVER,110330,1,1,WEB
M0000593,1,18,27,2013-02-01,2016-04-15,SILVER,224251,0,1,PHONE
M0000594,2,52,37,2018-11-18,,BRONZE,44596,1,0,WEB
M0000595,1,42,23,2019-02-21,,SILVER,142237,1,1,PHONE
M0000596,1,51,27,2014-11-01,,SILVER,167119,1,1,APP
M0000597,2,21,12,2025-01-12,,SILVER,329846,0,1,WEB
M0000598,2,46,13,2011-03-15,,SILVER,144184,0,0,STORE
M0000599,9,43,11,2015-04-28,2023-11-22,BRONZE,44785,1,1,STORE
M0000600,2,42,32,2013-12-29,,BRONZE,27795,0,1,WEB
M0000601,2,28,18,2024-10-22,,BRONZE,218318,1,1,STORE
M0000602,2,60,06,2013-12-06,,BRONZE,79562,1,0,WEB
M0000603,2,75,11,2013-07-11,,BRONZE,15095,1,0,WEB
M0000604,2,21,11,2019-06-15,,BRONZE,17132,0,1,APP
M0000605,9,52,13,2014-03-03,,BRONZE,80266,1,1,STORE
M0000606,2,26,01,2014-07-07,,SILVER,64552,0,1,APP
M0000607,2,51,28,2013-12-02,2014-12-29,SILVER,176363,1,1,PHONE
M0000608,1,51,13,2018-07-17,,GOLD,316375,1,0,WEB
M0000609,2,31,13,2021-12-26,,BRONZE,54919,0,0,APP
M0000610,1,18,13,2017-07-11,,BRONZE,12418,0,1,WEB
M0000611,2,36,27,2024-03-28,,BRONZE,327162,0,0,STORE
M0000612,2,54,13,2014-04-06,,GOLD,501535,0,0,WEB
M0000613,9,39,40,2023-07-09,,SILVER,211199,1,0,WEB
M0000614,9,34,11,2021-11-10,2025-12-31,BRONZE,7854,1,1,APP
M0000615,1,31,11,2011-03-07,,BRONZE,39998,0,0,WEB
M0000616,2,67,27,2020-09-06,,BRONZE,47615,1,1,WEB
M0000617,2,47,23,2025-11-19,,BRONZE,34295,1,0,APP
M0000618,1,20,24,2020-11-19,,BRONZE,80359,0,1,WEB
M0000619,1,32,14,2014-02-17,,GOLD,408013,0,0,STORE
M0000620,1,66,14,2016-12-08,,BRONZE,67276,1,1,WEB
M0000621,2,52,28,2023-11-29,,GOLD,446102,0,1,WEB
M0000622,2,24,27,2015-01-25,2023-03-23,BRONZE,48836,1,1,WEB
M0000623,9,35,14,2017-08-12,,BRONZE,52566,0,1,WEB
M0000624,2,36,11,2019-06-15,,GOLD,352890,1,1,WEB
M0000625,9,31,40,2023-03-31,,BRONZE,80511,0,0,STORE
M0000626,1,29,24,2025-05-06,,GOLD,353644,0,1,STORE
M0000627,2,28,30,2021-04-11,,BRONZE,47735,1,1,WEB
M0000628,1,64,40,2016-12-11,,SILVER,150669,1,1,WEB
M0000629,2,34,11,2016-07-26,,GOLD,327223,0,0,APP
M0000630,2,38,43,2020-08-23,,BRONZE,19191,0,1,APP
M0000631,2,42,23,2011-03-09,,BRONZE,108813,1,0,PHONE
M0000632,2,78,47,2017-01-29,,BRONZE,131733,1,0,WEB
M0000633,1,40,17,2015-09-09,,BRONZE,58648,0,1,STORE
M0000634,1,59,27,2024-12-03,,BRONZE,59503,1,1,WEB
M0000635,1,30,27,2023-09-08,,SILVER,307502,1,0,STORE
M0000636,1,36,13,2014-03-28,,BRONZE,53927,1,0,STORE
M0000637,2,40,22,2020-06-26,,SILVER,244307,1,0,STORE
M0000638,2,27,14,2017-05-02,,SILVER,148202,0,0,WEB
M0000639,2,37,03,2023-04-16,,GOLD,576541,0,1,STORE
M0000640,2,55,28,2017-11-24,,PLATINUM,521800,1,1,STORE
M0000641,2,26,25,2020-04-06,,GOLD,868936,0,0,PHONE
M0000642,2,40,16,2021-08-29,,BRONZE,21980,1,1,WEB
M0000643,1,52,13,2023-03-04,2025-12-31,BRONZE,37803,1,1,STORE
M0000644,1,26,14,2021-07-17,,SILVER,283315,0,1,APP
M0000645,2,59,23,2014-10-01,2023-07-06,BRONZE,96585,0,1,WEB
M0000646,2,41,22,2021-10-31,,BRONZE,66110,1,1,STORE
M0000647,1,37,08,2015-01-24,,GOLD,1108690,1,0,WEB
M0000648,2,35,28,2021-09-23,2024-01-18,SILVER,252171,1,1,STORE
M0000649,2,34,22,2025-03-11,,BRONZE,184070,0,1,WEB
M0000650,1,46,11,2017-07-08,,SILVER,248387,1,1,APP
M0000651,1,70,13,2024-04-12,,BRONZE,79410,1,1,STORE
M0000652,2,50,32,2012-06-28,,BRONZE,41661,1,1,STORE
M0000653,2,59,23,2016-10-20,,PLATINUM,1108147,0,1,APP
M0000654,1,19,22,2023-12-05,2025-12-31,BRONZE,71086,0,0,WEB
M0000655,2,38,40,2021-09-08,,SILVER,184649,0,1,WEB
M0000656,1,61,28,2015-03-14,,BRONZE,41071,1,1,WEB
M0000657,2,25,14,2018-01-06,,BRONZE,17530,0,0,APP
M0000658,1,56,40,2011-10-07,,BRONZE,115450,1,0,WEB
M0000659,2,52,13,2023-01-22,2024-07-09,BRONZE,79235,1,0,WEB
M0000660,1,45,15,2012-01-23,,SILVER,230676,0,1,APP
M0000661,1,34,14,2019-01-10,,BRONZE,435405,1,1,STORE
M0000662,2,23,14,2017-12-01,,SILVER,168969,0,1,APP
M0000663,1,70,14,2019-11-21,,SILVER,146300,1,1,STORE
M0000664,1,51,11,2016-10-25,,BRONZE,38172,1,1,WEB
M0000665,1,46,28,2011-05-15,2012-06-05,BRONZE,92904,1,1,STORE
M0000666,2,33,04,2020-08-13,,BRONZE,33104,0,0,WEB
M0000667,2,41,03,2024-04-26,,BRONZE,30296,0,1,WEB
M0000668,9,43,11,2019-10-16,,BRONZE,284336,0,0,STORE
M0000669,1,47,23,2010-09-13,2018-05-05,BRONZE,13121,1,1,WEB
M0000670,1,52,13,2011-09-20,,BRONZE,54069,1,1,WEB
M0000671,1,27,23,2014-05-25,,BRONZE,187482,0,0,WEB
M0000672,2,15,33,2014-10-01,2021-06-22,BRONZE,13148,0,1,STORE
M0000673,9,41,11,2011-12-18,,SILVER,254147,0,1,WEB
M0000674,2,78,41,2024-05-04,,BRONZE,27110,1,1,APP
M0000675,2,34,13,2021-10-18,,BRONZE,104377,0,0,STORE
M0000676,1,31,10,2022-04-08,,GOLD,648278,1,1,APP
M0000677,2,48,07,2025-05-31,,GOLD,445084,1,0,WEB
M0000678,2,74,04,2023-12-06,,BRONZE,20244,0,1,STORE
M0000679,1,61,02,2012-09-26,,SILVER,224559,1,0,PHONE
M0000680,1,79,13,2010-05-09,,PLATINUM,882718,1,1,WEB
M0000681,1,36,15,2021-09-03,,SILVER,264246,1,1,PHONE
M0000682,1,46,23,2024-08-05,,SILVER,272278,1,0,WEB
M0000683,1,16,23,2021-03-20,2025-12-31,SILVER,45458,0,0,WEB
M0000684,2,57,13,2023-10-12,,GOLD,664721,1,1,APP
M0000685,2,41,27,2019-09-27,,BRONZE,69587,1,1,PHONE
M0000686,1,39,37,2017-03-28,,SILVER,314342,1,1,APP
M0000687,1,65,14,2012-01-31,,BRONZE,27005,1,0,WEB
M0000688,9,41,40,2020-10-11,2025-05-16,SILVER,123504,1,0,WEB
M0000689,2,54,27,2014-09-02,,BRONZE,141005,1,0,APP
M0000690,2,36,12,2014-05-09,,GOLD,513493,1,0,APP
M0000691,1,60,15,2024-01-06,,BRONZE,137528,1,1,STORE
M0000692,2,59,38,2020-07-15,,SILVER,350153,0,1,APP
M0000693,1,29,28,2017-02-13,,GOLD,389031,0,0,STORE
M0000694,1,67,27,2022-10-13,2025-12-31,BRONZE,33564,0,1,STORE
M0000695,2,41,13,2021-09-23,2025-12-31,BRONZE,7401,0,0,APP
M0000696,2,41,27,2017-09-26,,BRONZE,79267,1,1,APP
M0000697,2,42,01,2025-08-23,,SILVER,101299,1,1,STORE
M0000698,2,41,45,2010-06-15,,BRONZE,113042,0,1,WEB
M0000699,2,26,13,2017-11-21,,SILVER,441106,0,1,STORE
M0000700,1,37,40,2016-08-30,,SILVER,67119,0,1,APP
M0000701,1,17,02,2011-12-16,,BRONZE,55819,0,0,WEB
M0000702,1,68,28,2021-08-07,,SILVER,199822,1,1,STORE
M0000703,1,67,12,2011-08-10,,BRONZE,62012,1,1,STORE
M0000704,2,54,11,2021-04-05,,BRONZE,66470,1,1,STORE
M0000705,1,36,27,2022-01-25,2025-12-31,PLATINUM,724574,1,1,STORE
M0000706,2,23,23,2017-10-12,,BRONZE,34775,1,1,STORE
M0000707,2,29,40,2013-11-28,,BRONZE,32302,0,1,APP
M0000708,2,73,07,2025-10-09,,BRONZE,48061,1,1,WEB
M0000709,1,28,13,2021-04-13,,SILVER,166581,1,1,PHONE
M0000710,2,37,23,2011-11-16,,SILVER,252150,0,1,WEB
M0000711,9,58,43,2021-10-14,2025-09-26,BRONZE,46480,0,0,PHONE
M0000712,2,66,23,2012-07-14,2022-02-12,BRONZE,75134,1,1,APP
M0000713,2,68,27,2019-12-21,2025-12-31,GOLD,835237,1,0,APP
M0000714,2,58,39,2014-02-18,2023-10-28,BRONZE,30004,1,1,APP
M0000715,2,60,27,2020-02-27,,BRONZE,40228,0,0,STORE
M0000716,1,41,16,2022-11-09,2024-08-16,PLATINUM,1110207,1,1,WEB
M0000717,2,29,13,2022-07-17,,SILVER,473926,0,1,STORE
M0000718,1,40,30,2022-03-16,,BRONZE,57435,1,1,APP
M0000719,2,51,27,2021-04-26,,BRONZE,31754,0,1,STORE
M0000720,9,38,40,2022-05-14,,BRONZE,20357,1,1,APP
M0000721,2,37,44,2024-06-09,,SILVER,225120,0,0,APP
M0000722,1,24,28,2024-01-28,,BRONZE,67613,0,1,WEB
M0000723,1,23,27,2022-05-11,2025-12-31,SILVER,255945,0,1,APP
M0000724,9,71,13,2017-02-01,,BRONZE,18329,1,1,WEB
M0000725,1,72,13,2014-09-10,,BRONZE,52092,1,1,PHONE
M0000726,1,40,27,2015-02-05,,SILVER,430789,1,0,WEB
M0000727,1,45,23,2019-10-23,,SILVER,146760,1,1,WEB
M0000728,1,23,23,2019-08-10,,SILVER,191748,1,1,WEB
M0000729,2,51,38,2016-11-01,,BRONZE,78046,1,1,PHONE
M0000730,2,70,17,2016-07-23,,BRONZE,123516,1,1,APP
M0000731,1,49,38,2021-08-09,2025-12-31,BRONZE,269874,1,1,WEB
M0000732,1,48,23,2018-05-20,,BRONZE,135076,1,0,WEB
M0000733,1,49,11,2010-04-21,2015-05-07,BRONZE,32731,0,1,APP
M0000734,1,49,28,2012-03-30,,SILVER,396372,1,0,WEB
M0000735,1,68,40,2015-04-20,,GOLD,561330,0,1,APP
M0000736,2,75,27,2016-05-05,,PLATINUM,1074914,1,1,APP
M0000737,1,36,26,2021-09-21,2025-12-31,SILVER,238577,0,1,WEB
M0000738,1,51,04,2017-07-25,,GOLD,331952,1,1,STORE
M0000739,1,41,14,2016-10-29,,BRONZE,43575,1,1,APP
M0000740,1,29,11,2011-05-27,,GOLD,657062,0,1,WEB
M0000741,1,45,27,2010-12-24,,BRONZE,66285,1,1,PHONE
M0000742,1,51,28,2025-11-29,2025-12-31,BRONZE,51371,0,0,WEB
M0000743,2,44,14,2023-10-13,,BRONZE,59724,0,1,APP
M0000744,1,25,33,2010-08-09,,SILVER,149168,0,1,APP
M0000745,2,32,23,2017-04-06,,SILVER,258747,1,1,WEB
M0000746,2,32,40,2024-09-17,2025-12-31,BRONZE,128291,1,1,WEB
M0000747,1,26,16,2021-05-24,,GOLD,563176,0,1,APP
M0000748,1,45,36,2011-04-14,,GOLD,307469,1,0,STORE
M0000749,2,47,24,2016-11-13,,SILVER,211824,1,0,APP
M0000750,2,57,23,2023-10-01,,BRONZE,58660,0,1,WEB
M0000751,1,25,14,2014-10-16,,SILVER,258001,0,0,APP
M0000752,1,30,02,2018-10-09,,BRONZE,101579,1,1,APP
M0000753,1,66,24,2015-03-02,,BRONZE,20614,1,1,STORE
M0000754,2,37,45,2013-02-21,,BRONZE,74921,0,1,WEB
M0000755,2,41,11,2023-10-05,2025-12-31,BRONZE,16562,1,1,WEB
M0000756,1,37,02,2013-09-13,,BRONZE,116865,1,1,WEB
M0000757,1,59,14,2019-05-01,,BRONZE,46852,1,0,WEB
M0000758,2,60,13,2015-08-17,2020-08-29,BRONZE,20290,1,1,WEB
M0000759,1,59,27,2019-10-24,,GOLD,461033,1,1,WEB
M0000760,2,40,13,2022-09-15,2025-10-10,GOLD,437485,1,1,WEB
M0000761,2,25,23,2018-11-04,,GOLD,158445,1,0,STORE
M0000762,1,73,40,2012-05-09,2019-09-13,BRONZE,37271,1,0,WEB
M0000763,1,55,04,2014-08-07,,GOLD,254832,1,0,APP
M0000764,1,32,01,2013-11-16,,SILVER,153561,1,1,WEB
M0000765,2,64,13,2021-01-07,,BRONZE,63144,0,1,WEB
M0000766,1,31,03,2021-01-31,,BRONZE,22372,0,1,WEB
M0000767,1,64,27,2012-04-17,,BRONZE,24463,0,0,STORE
M0000768,1,65,13,2019-10-29,,BRONZE,34307,0,1,APP
M0000769,1,24,44,2017-06-04,,GOLD,554455,0,1,APP
M0000770,2,50,13,2016-09-25,,BRONZE,95430,1,0,STORE
M0000771,1,53,14,2023-09-24,,BRONZE,13014,1,1,WEB
M0000772,2,84,12,2010-12-20,,SILVER,158024,1,1,PHONE
M0000773,2,27,40,2021-08-15,,GOLD,336328,1,0,WEB
M0000774,2,64,40,2018-12-08,,SILVER,158546,1,0,WEB
M0000775,1,40,09,2014-02-19,,SILVER,156168,1,0,STORE
M0000776,2,19,01,2013-09-01,,GOLD,454352,0,1,APP
M0000777,2,38,23,2012-08-14,,BRONZE,73394,0,1,PHONE
M0000778,1,40,34,2019-10-18,,SILVER,384984,0,0,WEB
M0000779,2,22,13,2020-06-25,,PLATINUM,871733,0,1,WEB
M0000780,2,45,11,2014-05-24,,GOLD,745756,1,1,APP
M0000781,1,56,27,2016-02-08,,BRONZE,44560,0,0,PHONE
M0000782,2,44,13,2025-09-08,,GOLD,196338,0,1,STORE
M0000783,2,31,45,2021-04-13,,BRONZE,112744,1,1,WEB
M0000784,2,37,10,2019-06-14,,SILVER,154698,0,1,STORE
M0000785,9,40,27,2011-11-30,,SILVER,137095,0,1,WEB
M0000786,1,44,40,2019-02-21,,BRONZE,70511,1,1,STORE
M0000787,2,59,27,2016-04-17,,BRONZE,137875,1,1,WEB
M0000788,1,45,04,2023-05-23,,SILVER,110507,1,0,APP
M0000789,2,16,14,2013-01-28,,BRONZE,49687,0,1,PHONE
M0000790,2,30,38,2025-11-22,,BRONZE,22797,1,1,APP
M0000791,1,43,27,2025-01-23,2025-12-31,SILVER,193635,0,0,WEB
M0000792,1,59,14,2022-06-20,,SILVER,185338,1,1,STORE
M0000793,1,62,39,2018-01-04,,GOLD,728030,1,0,STORE
M0000794,1,70,34,2019-07-03,,GOLD,356899,1,1,APP
M0000795,1,42,14,2024-07-02,,GOLD,525094,1,1,APP
M0000796,1,53,23,2023-10-26,,BRONZE,71884,1,1,STORE
M0000797,1,15,34,2022-12-12,,BRONZE,52589,0,1,PHONE
M0000798,1,47,03,2012-11-24,,SILVER,286972,1,1,PHONE
M0000799,2,22,12,2016-07-11,,GOLD,781254,1,0,APP
M0000800,2,39,02,2022-03-25,,GOLD,661539,0,1,APP
M0000801,2,92,38,2011-12-28,,SILVER,75639,1,0,STORE
M0000802,1,45,23,2020-11-17,,GOLD,418995,1,1,WEB
M0000803,2,25,27,2015-09-25,,BRONZE,32640,1,1,STORE
M0000804,2,47,11,2019-01-05,,SILVER,86150,1,0,STORE
M0000805,1,31,09,2024-09-08,2025-12-31,BRONZE,36260,0,0,WEB
M0000806,1,24,23,2023-11-14,2025-08-26,SILVER,63293,0,1,WEB
M0000807,2,76,14,2015-11-20,,BRONZE,6874,1,1,WEB
M0000808,1,58,02,2021-05-10,,BRONZE,88393,1,0,APP
M0000809,2,46,11,2010-03-05,,BRONZE,47757,0,1,STORE
M0000810,9,33,43,2021-06-20,2025-12-31,SILVER,251225,1,1,WEB
M0000811,1,35,14,2012-03-16,,SILVER,335497,1,0,PHONE
M0000812,1,66,08,2024-07-22,,GOLD,308898,1,1,WEB
M0000813,9,45,28,2014-10-08,,GOLD,375921,1,0,STORE
M0000814,2,58,13,2021-03-11,,BRONZE,35267,1,1,STORE
M0000815,1,81,11,2020-08-30,,BRONZE,18174,1,1,PHONE
M0000816,2,43,13,2014-02-01,,BRONZE,37052,1,1,WEB
M0000817,2,46,20,2023-06-01,,BRONZE,71207,1,1,WEB
M0000818,2,58,10,2012-12-09,,SILVER,322099,1,0,STORE
M0000819,2,48,13,2024-05-28,,SILVER,155642,1,0,WEB
M0000820,1,53,23,2018-03-19,,BRONZE,59418,1,1,WEB
M0000821,1,33,43,2017-06-19,,SILVER,213442,1,1,STORE
M0000822,2,19,14,2013-10-04,,GOLD,287073,0,1,PHONE
M0000823,1,45,36,2010-02-19,,BRONZE,41418,0,1,STORE
M0000824,2,64,13,2021-03-12,2025-08-30,GOLD,633718,1,1,WEB
M0000825,2,29,13,2021-09-19,,BRONZE,22181,0,0,WEB
M0000826,1,28,23,2023-06-26,,BRONZE,41077,0,0,STORE
M0000827,2,61,27,2025-06-05,,BRONZE,24698,0,1,STORE
M0000828,1,32,33,2014-09-02,,BRONZE,44604,1,0,STORE
M0000829,2,33,03,2019-01-28,,BRONZE,80183,0,0,APP
M0000830,1,34,05,2024-08-13,2025-12-31,BRONZE,35541,0,1,WEB
M0000831,2,39,03,2019-01-27,,BRONZE,166928,1,1,APP
M0000832,2,46,04,2021-12-13,,SILVER,65033,1,1,APP
M0000833,1,31,15,2021-06-01,,BRONZE,34687,0,1,WEB
M0000834,2,44,03,2025-10-23,,BRONZE,15554,1,1,PHONE
M0000835,2,44,26,2015-06-13,,SILVER,449108,0,1,WEB
M0000836,2,60,28,2013-03-07,2019-10-05,SILVER,356640,1,1,STORE
M0000837,2,71,14,2024-08-26,,SILVER,267141,1,0,WEB
M0000838,9,66,11,2017-05-21,,SILVER,108523,1,1,STORE
M0000839,1,56,11,2013-02-07,,GOLD,558448,0,1,STORE
M0000840,2,37,14,2020-03-30,,BRONZE,44161,1,1,PHONE
M0000841,1,29,40,2023-08-17,,GOLD,489328,0,1,PHONE
M0000842,2,40,40,2022-03-17,,BRONZE,33792,0,0,WEB
M0000843,2,50,13,2015-05-18,,GOLD,412216,1,1,WEB
M0000844,1,54,26,2024-08-04,,BRONZE,562128,1,1,APP
M0000845,1,51,16,2010-08-24,,PLATINUM,1041246,1,0,STORE
M0000846,2,38,14,2024-04-05,,GOLD,602151,0,1,APP
M0000847,1,53,41,2012-12-06,2016-12-31,BRONZE,37271,0,0,STORE
M0000848,2,61,42,2013-10-11,,BRONZE,15017,1,1,PHONE
M0000849,1,55,30,2015-01-11,,BRONZE,51462,1,1,STORE
M0000850,9,39,13,2016-10-04,,BRONZE,44601,0,1,STORE
M0000851,1,26,40,2010-10-07,2012-07-15,BRONZE,22111,0,1,WEB
M0000852,1,25,11,2021-06-29,,SILVER,166757,1,1,WEB
M0000853,2,28,08,2012-02-07,,BRONZE,64311,1,1,PHONE
M0000854,2,44,12,2012-02-13,,BRONZE,74316,1,0,STORE
M0000855,1,49,04,2010-01-29,,BRONZE,52921,1,1,STORE
M0000856,2,16,17,2025-05-08,,BRONZE,29037,0,0,APP
M0000857,2,31,42,2010-10-09,,BRONZE,38637,1,1,PHONE
M0000858,2,44,28,2021-12-14,,SILVER,181861,0,1,STORE
M0000859,1,25,36,2020-02-22,2025-12-31,BRONZE,32320,0,1,APP
M0000860,2,47,24,2023-04-06,,GOLD,211749,1,1,WEB
M0000861,2,35,14,2017-03-16,,SILVER,467998,0,1,WEB
M0000862,2,28,24,2024-07-09,2025-12-31,PLATINUM,527982,0,1,WEB
M0000863,2,41,13,2017-07-19,,BRONZE,20390,1,0,WEB
M0000864,2,47,13,2012-11-05,,BRONZE,141388,1,1,APP
M0000865,1,26,47,2024-06-08,,BRONZE,275430,1,1,STORE
M0000866,2,36,11,2016-10-02,,BRONZE,24365,0,0,APP
M0000867,2,48,11,2010-02-06,,GOLD,947941,0,1,STORE
M0000868,2,27,42,2020-06-05,2025-12-31,SILVER,329744,0,1,WEB
M0000869,1,25,40,2015-02-18,,PLATINUM,560379,0,0,WEB
M0000870,1,29,27,2023-02-28,2025-10-07,GOLD,404264,1,0,WEB
M0000871,2,33,13,2012-06-14,,BRONZE,32792,0,1,APP
M0000872,1,18,23,2021-10-22,,BRONZE,18760,1,1,STORE
M0000873,9,34,27,2023-04-15,2025-12-31,BRONZE,93269,1,1,STORE
M0000874,1,68,13,2011-12-12,,SILVER,154827,0,1,PHONE
M0000875,2,17,24,2019-05-12,,SILVER,187530,0,1,STORE
M0000876,2,35,14,2020-05-01,,BRONZE,24568,1,1,STORE
M0000877,1,76,28,2024-10-02,,GOLD,215226,1,1,PHONE
M0000878,1,47,13,2014-09-15,,GOLD,711843,1,1,WEB
M0000879,2,34,23,2017-10-14,,PLATINUM,500434,0,1,PHONE
M0000880,2,37,12,2016-07-03,,BRONZE,81526,0,1,APP
M0000881,1,47,11,2015-12-25,,GOLD,705233,1,1,STORE
M0000882,2,69,14,2025-11-28,,SILVER,107765,1,0,WEB
M0000883,2,31,14,2020-06-29,,BRONZE,67462,0,1,WEB
M0000884,2,27,13,2012-07-06,,BRONZE,44915,0,1,WEB
M0000885,1,17,13,2023-10-30,,BRONZE,90673,0,0,WEB
M0000886,1,42,23,2011-09-02,2020-07-08,BRONZE,39141,0,0,WEB
M0000887,1,16,13,2024-01-11,,SILVER,70051,0,1,STORE
M0000888,1,32,27,2016-07-19,,GOLD,436843,0,0,PHONE
M0000889,1,25,13,2020-10-27,,PLATINUM,552810,0,1,WEB
M0000890,2,58,21,2023-10-29,,BRONZE,50081,0,1,WEB
M0000891,1,31,11,2023-12-12,2025-12-31,SILVER,193237,0,0,WEB
M0000892,9,47,28,2012-08-05,,BRONZE,21334,1,1,WEB
M0000893,1,51,28,2016-06-27,,BRONZE,9053,1,0,WEB
M0000894,1,42,40,2011-04-13,,GOLD,765284,0,0,WEB
M0000895,2,20,14,2020-04-17,,PLATINUM,676433,1,1,APP
M0000896,2,33,40,2016-09-13,,PLATINUM,1137453,0,1,APP
M0000897,1,78,23,2025-12-23,,SILVER,79278,1,1,APP
M0000898,1,56,14,2020-02-13,,SILVER,85833,1,0,WEB
M0000899,1,38,13,2017-01-07,2021-02-11,BRONZE,105012,1,0,PHONE
M0000900,2,94,37,2012-06-23,,SILVER,142348,1,0,PHONE
M0000901,2,24,10,2014-08-07,,BRONZE,25947,1,1,APP
M0000902,1,60,13,2022-11-16,,BRONZE,112342,0,1,PHONE
M0000903,1,52,36,2012-04-17,,PLATINUM,1136025,1,0,APP
M0000904,2,36,13,2023-07-15,,BRONZE,39072,1,0,WEB
M0000905,9,17,13,2019-08-21,,GOLD,470476,0,1,STORE
M0000906,2,44,13,2018-05-13,,BRONZE,46332,1,1,WEB
M0000907,2,41,39,2017-08-17,2025-12-31,GOLD,523838,1,0,WEB
M0000908,1,35,27,2010-06-28,,PLATINUM,945168,1,1,APP
M0000909,1,59,20,2013-08-14,,BRONZE,57758,1,0,STORE
M0000910,1,30,12,2018-04-05,,BRONZE,34276,0,1,STORE
M0000911,2,46,23,2017-10-06,,GOLD,233495,1,1,PHONE
M0000912,2,54,40,2013-06-05,,BRONZE,16140,1,0,WEB
M0000913,2,15,13,2022-11-05,,BRONZE,19018,0,1,APP
M0000914,9,27,07,2017-02-19,,BRONZE,25713,1,1,APP
M0000915,9,41,40,2016-03-16,,BRONZE,48840,1,1,WEB
M0000916,9,51,23,2022-02-26,,BRONZE,109281,1,1,STORE
M0000917,1,64,13,2012-05-20,,BRONZE,25574,1,1,WEB
M0000918,1,36,18,2010-11-15,,BRONZE,46633,1,1,WEB
M0000919,1,35,05,2015-03-02,,PLATINUM,789889,0,1,APP
M0000920,2,25,23,2010-01-01,2013-11-22,BRONZE,59097,0,0,APP
M0000921,1,46,23,2015-12-10,,BRONZE,28677,1,0,APP
M0000922,2,35,14,2012-02-19,,GOLD,473338,1,1,WEB
M0000923,2,35,14,2020-07-21,,GOLD,451592,1,1,WEB
M0000924,2,38,13,2010-09-23,,SILVER,175202,0,1,STORE
M0000925,1,49,04,2013-04-21,,BRONZE,65481,1,1,WEB
M0000926,1,30,13,2014-03-02,2019-10-29,BRONZE,108025,1,1,APP
M0000927,1,27,13,2019-07-18,2023-03-20,PLATINUM,726838,0,1,WEB
M0000928,2,47,13,2016-06-20,,GOLD,407377,1,0,PHONE
M0000929,2,42,27,2022-04-18,,BRONZE,65858,1,1,WEB
M0000930,2,30,28,2022-06-23,,SILVER,120782,1,1,WEB
M0000931,1,20,04,2016-03-01,,SILVER,130979,0,0,WEB
M0000932,1,60,11,2010-06-27,,GOLD,387996,1,1,PHONE
M0000933,1,33,40,2025-05-13,,BRONZE,48273,0,0,STORE
M0000934,2,30,28,2015-08-14,2016-11-01,PLATINUM,1092209,1,0,APP
M0000935,2,39,01,2018-08-09,2022-03-09,GOLD,607819,1,1,WEB
M0000936,1,30,29,2024-11-14,,SILVER,241696,0,1,WEB
M0000937,2,33,24,2020-06-07,,SILVER,178653,0,1,WEB
M0000938,1,42,25,2019-03-23,,SILVER,214505,1,1,WEB
M0000939,2,33,29,2015-06-09,,GOLD,273494,0,1,WEB
M0000940,1,33,33,2023-03-25,,SILVER,183708,1,1,WEB
M0000941,1,23,28,2013-02-11,,GOLD,580393,0,1,STORE
M0000942,2,20,01,2017-09-26,,GOLD,352818,1,0,STORE
M0000943,1,41,09,2015-08-07,,SILVER,475012,1,0,STORE
M0000944,1,45,27,2011-07-23,,BRONZE,27753,0,0,STORE
M0000945,1,16,40,2014-06-08,2021-11-07,BRONZE,32210,0,1,WEB
M0000946,1,53,37,2012-12-28,,BRONZE,29519,1,1,STORE
M0000947,2,53,23,2011-06-14,,BRONZE,33161,1,1,PHONE
M0000948,2,57,13,2022-02-17,,SILVER,388743,1,1,STORE
M0000949,2,45,40,2021-05-18,,SILVER,211968,1,0,APP
M0000950,1,51,13,2023-10-29,,BRONZE,45904,1,1,APP
M0000951,2,77,14,2010-06-27,2013-04-28,SILVER,92939,1,1,WEB
M0000952,1,35,28,2017-06-25,,BRONZE,43220,1,0,WEB
M0000953,1,22,23,2020-07-27,,PLATINUM,855704,1,1,WEB
M0000954,1,42,23,2017-11-17,,SILVER,151126,1,0,STORE
M0000955,2,70,13,2010-05-31,,BRONZE,87591,1,1,PHONE
M0000956,2,70,11,2017-03-15,,GOLD,273113,1,0,APP
M0000957,2,24,13,2011-12-28,,BRONZE,26505,0,0,STORE
M0000958,2,28,40,2010-04-18,2019-03-30,BRONZE,65633,0,0,STORE
M0000959,2,34,12,2021-09-10,,BRONZE,36119,0,0,APP
M0000960,2,61,13,2011-07-13,2019-10-20,BRONZE,22462,0,1,STORE
M0000961,2,18,37,2014-10-13,,GOLD,320551,0,0,WEB
M0000962,1,41,12,2025-11-14,,PLATINUM,1059241,1,1,WEB
M0000963,1,77,27,2025-03-03,2025-12-31,GOLD,341106,1,1,STORE
M0000964,1,45,40,2010-09-03,,BRONZE,76452,1,1,WEB
M0000965,9,48,13,2016-06-01,2019-07-25,BRONZE,67037,1,1,WEB
M0000966,2,37,13,2015-08-02,,BRONZE,32849,0,1,WEB
M0000967,9,48,37,2019-12-14,,BRONZE,5609,1,1,STORE
M0000968,1,45,03,2021-01-19,,GOLD,801242,1,1,STORE
M0000969,2,26,19,2011-03-16,2016-01-18,BRONZE,109557,1,1,APP
M0000970,1,42,01,2016-10-18,,BRONZE,86147,1,1,STORE
M0000971,1,52,36,2014-06-24,,SILVER,104860,0,1,WEB
M0000972,1,35,35,2025-09-21,2025-12-31,SILVER,134232,0,1,STORE
M0000973,1,34,13,2014-09-02,,PLATINUM,646724,0,1,STORE
M0000974,2,35,27,2010-07-11,,PLATINUM,717862,0,0,APP
M0000975,1,31,40,2019-12-27,,BRONZE,112167,1,1,PHONE
M0000976,2,23,14,2023-12-29,2025-12-31,GOLD,478272,0,0,STORE
M0000977,2,51,23,2023-02-23,,PLATINUM,841793,0,1,WEB
M0000978,1,42,27,2012-02-27,,GOLD,721788,0,1,STORE
M0000979,2,35,21,2021-11-18,2023-11-25,PLATINUM,924672,0,1,WEB
M0000980,1,17,13,2013-04-11,,SILVER,195513,0,0,WEB
M0000981,9,41,20,2012-04-24,,BRONZE,116454,1,0,WEB
M0000982,2,35,40,2018-06-15,,GOLD,438771,1,0,STORE
M0000983,2,32,13,2022-11-20,,BRONZE,50518,0,1,APP
M0000984,2,40,29,2023-12-11,2025-12-31,GOLD,413379,1,1,WEB
M0000985,1,52,11,2019-11-24,,SILVER,148635,1,1,WEB
M0000986,2,19,09,2016-08-16,,SILVER,146599,0,1,STORE
M0000987,1,41,33,2019-05-18,,GOLD,945778,0,1,WEB
M0000988,1,26,13,2014-09-12,,BRONZE,37357,1,0,WEB
M0000989,1,33,27,2012-03-01,,BRONZE,14267,1,0,STORE
M0000990,2,60,13,2016-06-05,,GOLD,425875,1,1,WEB
M0000991,2,49,13,2012-09-15,,BRONZE,54978,1,1,WEB
M0000992,2,59,41,2011-07-06,,GOLD,361461,0,0,APP
M0000993,2,46,22,2021-12-16,,GOLD,346996,0,0,APP
M0000994,1,47,40,2023-05-31,,BRONZE,36506,1,1,APP
M0000995,2,39,05,2021-12-26,,SILVER,361058,0,0,STORE
M0000996,1,35,37,2024-08-23,,BRONZE,28906,1,1,WEB
M0000997,2,36,27,2017-10-04,,GOLD,506333,1,1,WEB
M0000998,1,61,13,2020-10-24,,SILVER,224149,1,0,STORE
M0000999,9,31,25,2013-03-30,,BRONZE,19315,0,1,STORE
M0001000,1,45,09,2017-02-11,,GOLD,291668,1,1,WEB
M0001001,1,44,13,2011-08-11,2019-09-03,BRONZE,24308,0,1,WEB
M0001002,2,60,23,2019-10-30,,GOLD,484196,1,1,APP
M0001003,1,38,13,2016-12-24,,BRONZE,19490,1,1,PHONE
M0001004,1,54,01,2018-10-31,,PLATINUM,637507,1,1,WEB
M0001005,2,39,12,2023-09-02,,SILVER,207002,0,1,APP
M0001006,1,27,27,2010-10-29,,SILVER,188900,0,1,WEB
M0001007,2,27,19,2017-02-14,,BRONZE,100191,0,0,WEB
M0001008,1,53,11,2016-04-23,,SILVER,181143,1,0,WEB
M0001009,2,51,07,2021-11-04,,SILVER,318585,0,1,APP
M0001010,2,55,12,2020-07-05,,SILVER,232123,1,1,STORE
M0001011,2,28,11,2021-07-12,,GOLD,480493,0,1,STORE
M0001012,2,30,14,2023-07-26,,SILVER,175924,0,0,APP
M0001013,2,38,27,2014-10-08,,SILVER,105786,0,0,STORE
M0001014,9,65,15,2015-09-29,2024-11-27,GOLD,484536,1,0,WEB
M0001015,1,69,12,2015-07-20,,SILVER,216405,1,1,STORE
M0001016,1,53,14,2023-02-09,,GOLD,223485,0,1,WEB
M0001017,2,46,44,2017-06-08,,GOLD,202323,0,1,STORE
M0001018,2,63,22,2022-02-10,,BRONZE,92801,0,1,APP
M0001019,1,36,13,2013-12-02,,SILVER,237357,1,1,APP
M0001020,1,33,13,2024-11-13,,BRONZE,29738,1,1,STORE
M0001021,2,38,28,2017-09-28,,SILVER,90666,0,1,STORE
M0001022,2,23,13,2025-10-31,2025-12-31,BRONZE,94266,0,1,APP
M0001023,9,37,44,2017-02-24,,SILVER,185127,1,0,WEB
M0001024,2,21,12,2010-09-01,,BRONZE,42982,0,1,STORE
M0001025,2,57,13,2014-03-18,,SILVER,236465,1,0,WEB
M0001026,1,49,11,2016-12-31,,BRONZE,139742,0,1,WEB
M0001027,2,64,27,2012-02-16,,BRONZE,64525,1,1,WEB
M0001028,1,49,23,2022-05-18,,SILVER,175500,1,0,STORE
M0001029,2,72,27,2015-07-31,,SILVER,421096,1,1,WEB
M0001030,1,28,26,2023-03-04,,SILVER,429166,1,1,APP
M0001031,2,20,08,2025-06-06,,SILVER,85128,0,0,WEB
M0001032,2,29,36,2011-04-30,,BRONZE,77831,0,1,APP
M0001033,2,62,27,2014-06-18,2021-06-26,SILVER,150158,1,1,WEB
M0001034,2,44,40,2019-09-15,,BRONZE,59355,1,0,APP
M0001035,1,36,22,2023-11-06,,BRONZE,30169,0,1,PHONE
M0001036,2,27,40,2024-05-17,,GOLD,377711,0,1,APP
M0001037,1,17,40,2013-02-10,,PLATINUM,724454,0,0,PHONE
M0001038,1,59,46,2013-08-19,,BRONZE,19842,1,0,WEB
M0001039,1,54,18,2013-03-06,,BRONZE,57710,0,1,STORE
M0001040,1,63,31,2015-07-23,,GOLD,361749,1,1,PHONE
M0001041,1,47,40,2019-10-15,2025-12-31,PLATINUM,547061,0,0,WEB
M0001042,2,54,28,2016-04-26,,BRONZE,46772,1,1,APP
M0001043,2,19,11,2021-08-15,,GOLD,230269,1,0,STORE
M0001044,2,48,11,2016-04-24,,BRONZE,308476,0,0,WEB
M0001045,1,34,13,2019-06-09,,BRONZE,84386,0,1,WEB
M0001046,1,30,29,2018-12-27,2022-11-19,BRONZE,27684,1,1,PHONE
M0001047,1,21,40,2014-01-19,,SILVER,259716,0,1,WEB
M0001048,2,56,28,2010-12-22,,SILVER,191830,1,0,STORE
M0001049,2,48,31,2013-07-14,,SILVER,289094,0,0,WEB
M0001050,1,49,18,2022-06-20,,BRONZE,47132,1,0,APP
M0001051,2,29,27,2021-12-14,,BRONZE,38636,0,0,APP
M0001052,1,43,01,2011-12-20,,SILVER,144655,0,1,APP
M0001053,1,17,23,2016-02-23,,SILVER,63860,0,1,APP
M0001054,1,38,27,2023-01-06,2025-12-31,BRONZE,48642,1,0,PHONE
M0001055,1,39,13,2022-11-30,,SILVER,282854,0,1,APP
M0001056,2,54,01,2010-04-10,,BRONZE,19965,0,0,STORE
M0001057,2,35,19,2022-07-30,,GOLD,260313,1,1,WEB
M0001058,1,80,41,2022-08-05,,GOLD,374477,1,1,WEB
M0001059,2,51,14,2011-11-12,,BRONZE,94375,1,1,WEB
M0001060,2,19,40,2015-09-08,,GOLD,317776,0,1,APP
M0001061,9,44,13,2010-11-10,,SILVER,169388,1,1,WEB
M0001062,2,70,46,2020-06-29,,SILVER,617027,0,0,WEB
M0001063,1,43,30,2023-10-16,,SILVER,320027,0,1,STORE
M0001064,2,52,43,2012-11-13,,PLATINUM,1347135,1,1,WEB
M0001065,1,34,23,2015-08-19,,BRONZE,37916,1,1,PHONE
M0001066,9,31,27,2018-08-05,,BRONZE,79047,1,0,APP
M0001067,1,41,28,2011-02-26,,GOLD,621854,1,1,WEB
M0001068,2,29,40,2014-10-15,,BRONZE,32769,1,1,APP
M0001069,1,52,14,2013-06-24,,GOLD,259531,1,1,STORE
M0001070,1,54,13,2010-01-23,,BRONZE,37855,0,0,STORE
M0001071,2,55,13,2020-09-10,,PLATINUM,1225938,1,1,APP
M0001072,2,41,40,2021-08-08,2025-12-31,BRONZE,75741,1,1,PHONE
M0001073,1,36,38,2011-04-17,,PLATINUM,545813,0,1,APP
M0001074,2,32,09,2012-02-06,,GOLD,430940,0,1,APP
M0001075,2,23,17,2011-02-17,,PLATINUM,539943,0,1,APP
M0001076,1,60,27,2025-01-13,,BRONZE,11731,1,1,STORE
M0001077,2,36,10,2019-02-11,,BRONZE,99795,1,1,APP
M0001078,2,45,40,2018-09-13,,BRONZE,139897,1,1,STORE
M0001079,2,25,13,2011-05-19,,GOLD,878519,0,1,APP
M0001080,1,40,40,2010-01-10,2015-11-25,BRONZE,138003,1,1,APP
M0001081,1,17,13,2024-11-06,2025-12-31,SILVER,82403,0,0,WEB
M0001082,2,42,30,2025-02-13,,BRONZE,30611,0,1,STORE
M0001083,2,46,29,2018-09-18,,SILVER,280076,1,1,APP
M0001084,2,45,14,2012-02-15,,SILVER,193062,0,1,WEB
M0001085,9,25,01,2010-06-23,,BRONZE,61759,0,1,WEB
M0001086,2,34,40,2023-05-06,,SILVER,260123,1,0,WEB
M0001087,2,49,13,2018-06-18,,BRONZE,36585,1,1,APP
M0001088,2,36,12,2015-04-09,2022-09-24,PLATINUM,551919,1,1,WEB
M0001089,2,35,17,2010-03-13,,GOLD,399537,1,1,APP
M0001090,2,72,18,2019-02-02,,BRONZE,15017,1,1,STORE
M0001091,1,24,13,2024-01-19,,BRONZE,42563,1,1,WEB
M0001092,2,58,23,2023-05-16,,SILVER,139296,1,1,PHONE
M0001093,1,20,13,2021-09-13,,GOLD,285070,0,1,STORE
M0001094,1,51,13,2010-10-21,,PLATINUM,572636,1,1,WEB
M0001095,2,52,13,2022-02-09,,BRONZE,18036,1,1,APP
M0001096,1,31,13,2020-11-18,2025-12-31,SILVER,233777,1,0,APP
M0001097,1,19,14,2023-06-06,,BRONZE,60855,1,1,APP
M0001098,2,47,14,2012-05-18,2017-07-31,BRONZE,88692,1,0,STORE
M0001099,2,30,06,2023-10-19,,PLATINUM,1583639,0,1,STORE
M0001100,1,49,14,2021-06-18,,PLATINUM,618681,1,1,APP
M0001101,1,22,13,2022-03-29,,BRONZE,98765,1,1,STORE
M0001102,1,42,42,2012-07-28,,BRONZE,71574,1,1,WEB
M0001103,2,15,33,2023-09-08,,SILVER,237761,0,1,APP
M0001104,2,36,13,2010-05-09,2019-06-11,BRONZE,37430,0,1,PHONE
M0001105,1,21,40,2013-07-24,,GOLD,518498,0,1,STORE
M0001106,2,39,13,2012-06-27,,SILVER,301727,0,0,WEB
M0001107,1,31,43,2013-09-16,,SILVER,345695,0,1,PHONE
M0001108,1,20,14,2020-01-05,2025-12-31,BRONZE,35045,0,0,STORE
M0001109,9,29,13,2024-10-21,,SILVER,949722,0,0,WEB
M0001110,1,24,09,2025-10-09,,SILVER,126693,0,1,APP
M0001111,1,18,07,2011-09-28,2017-03-06,SILVER,394606,0,1,APP
M0001112,1,58,27,2025-07-10,2025-12-31,SILVER,231861,1,1,STORE
M0001113,2,34,14,2011-09-30,,GOLD,732662,1,1,WEB
M0001114,2,53,40,2021-12-06,,BRONZE,54488,0,1,APP
M0001115,9,29,27,2012-12-10,,BRONZE,139216,1,0,WEB
M0001116,1,56,14,2023-03-12,2025-12-31,BRONZE,140247,1,1,STORE
M0001117,1,27,21,2015-08-03,,SILVER,164802,0,1,STORE
M0001118,2,65,16,2023-12-26,,BRONZE,40070,0,1,PHONE
M0001119,1,25,05,2018-09-02,,SILVER,199270,0,0,APP
M0001120,2,49,04,2018-06-15,,BRONZE,99489,1,0,APP
M0001121,2,58,23,2017-01-18,,GOLD,349034,1,1,STORE
M0001122,1,48,14,2013-08-28,,SILVER,314107,1,1,STORE
M0001123,2,17,08,2018-03-31,,BRONZE,24389,0,1,WEB
M0001124,1,24,13,2020-07-30,,BRONZE,54286,1,1,APP
M0001125,1,60,13,2012-03-29,,BRONZE,39150,1,1,PHONE
M0001126,2,26,13,2012-04-07,,GOLD,359438,0,1,APP
M0001127,2,57,10,2016-11-02,2020-03-16,GOLD,636117,0,1,WEB
M0001128,2,33,01,2023-04-27,,GOLD,507380,1,1,WEB
M0001129,2,42,11,2015-08-26,,BRONZE,59310,1,1,APP
M0001130,9,16,11,2016-08-05,,PLATINUM,730539,0,0,APP
M0001131,9,30,25,2025-05-07,,BRONZE,28126,1,1,WEB
M0001132,2,25,13,2014-04-07,,SILVER,166366,0,1,APP
M0001133,1,44,40,2015-11-12,,SILVER,75065,0,1,PHONE
M0001134,2,42,17,2023-07-01,,BRONZE,18500,1,0,APP
M0001135,9,48,12,2018-04-17,,BRONZE,20898,0,0,STORE
M0001136,1,32,11,2011-10-12,,BRONZE,75202,1,1,STORE
M0001137,2,24,27,2013-06-09,,GOLD,409580,0,1,APP
M0001138,1,43,42,2025-08-06,,SILVER,304353,1,0,WEB
M0001139,1,22,40,2022-12-21,,PLATINUM,568474,0,1,APP
M0001140,2,58,33,2025-03-17,2025-12-31,SILVER,224092,0,1,WEB
M0001141,1,38,19,2017-09-07,,BRONZE,22921,0,0,APP
M0001142,2,34,31,2019-09-28,,BRONZE,39378,0,0,PHONE
M0001143,2,48,13,2012-03-15,,SILVER,154285,1,1,WEB
M0001144,2,39,11,2021-05-24,,BRONZE,93252,0,1,PHONE
M0001145,1,49,27,2019-02-11,2023-07-31,BRONZE,109538,1,1,WEB
M0001146,1,22,27,2010-08-06,,BRONZE,20152,0,1,STORE
M0001147,2,58,27,2023-07-22,,SILVER,106468,1,1,WEB
M0001148,2,41,40,2016-12-29,,SILVER,245113,0,0,WEB
M0001149,2,69,40,2025-11-22,,BRONZE,7919,0,1,WEB
M0001150,2,46,12,2024-02-26,2025-12-31,GOLD,494683,1,0,WEB
M0001151,1,30,14,2016-09-23,,PLATINUM,740839,0,1,APP
M0001152,2,25,27,2010-03-09,,GOLD,440979,0,0,PHONE
M0001153,1,21,40,2012-05-06,,BRONZE,22791,0,0,WEB
M0001154,1,57,04,2014-08-26,,GOLD,672018,1,1,APP
M0001155,2,79,13,2014-10-05,,SILVER,266966,1,1,WEB
M0001156,1,26,15,2015-08-30,,BRONZE,57535,1,1,PHONE
M0001157,1,42,14,2025-04-13,2025-12-31,SILVER,127740,1,1,APP
M0001158,1,67,28,2020-10-20,,PLATINUM,614593,0,1,APP
M0001159,1,49,17,2013-01-21,,BRONZE,79985,1,1,WEB
M0001160,2,26,23,2021-04-12,2025-12-31,BRONZE,21894,0,0,STORE
M0001161,1,66,12,2010-11-27,,BRONZE,12340,1,0,STORE
M0001162,2,17,38,2011-01-16,,SILVER,161199,0,0,APP
M0001163,2,45,13,2020-04-24,2025-12-31,GOLD,784204,1,1,APP
M0001164,1,48,14,2013-06-25,,BRONZE,26485,0,1,WEB
M0001165,1,25,38,2016-12-31,,BRONZE,34765,0,1,WEB
M0001166,2,52,26,2023-03-18,,GOLD,298072,0,0,APP
M0001167,2,31,01,2016-03-21,2018-05-24,GOLD,641684,1,1,WEB
M0001168,2,52,27,2013-01-25,,GOLD,442165,0,1,STORE
M0001169,2,56,14,2025-12-27,,BRONZE,215585,1,1,STORE
M0001170,1,46,31,2014-08-02,,PLATINUM,909810,1,1,STORE
M0001171,1,33,06,2020-07-17,,BRONZE,53996,0,1,WEB
M0001172,2,60,14,2012-08-06,,SILVER,604888,1,1,STORE
M0001173,1,39,13,2012-08-04,2020-06-22,SILVER,321409,1,1,WEB
M0001174,2,61,19,2022-01-26,,PLATINUM,637399,1,1,STORE
M0001175,2,49,28,2024-05-13,,BRONZE,78733,0,1,WEB
M0001176,2,38,43,2010-06-08,,PLATINUM,1038474,0,0,WEB
M0001177,2,53,40,2025-08-08,,PLATINUM,1198747,1,1,APP
M0001178,1,53,14,2014-10-31,,GOLD,269042,1,1,WEB
M0001179,1,48,14,2025-10-11,,BRONZE,107999,1,1,APP
M0001180,1,54,23,2018-07-08,,BRONZE,36501,1,1,STORE
M0001181,2,23,14,2022-04-03,,BRONZE,42914,1,1,PHONE
M0001182,1,64,13,2010-02-05,,SILVER,170405,1,1,STORE
M0001183,1,19,14,2012-07-10,,BRONZE,47750,0,1,WEB
M0001184,1,55,27,2025-04-07,,SILVER,190642,1,0,APP
M0001185,1,52,24,2012-08-21,,GOLD,310916,0,1,STORE
M0001186,2,28,27,2023-11-29,,PLATINUM,643871,0,1,WEB
M0001187,1,50,11,2011-11-23,,BRONZE,76435,1,1,WEB
M0001188,9,30,03,2020-05-10,2025-12-31,BRONZE,45696,0,1,APP
M0001189,1,75,13,2015-12-13,2024-07-28,SILVER,134551,1,1,STORE
M0001190,2,25,23,2017-01-10,,GOLD,382014,0,0,APP
M0001191,1,26,29,2021-05-18,,BRONZE,103835,1,1,STORE
M0001192,1,23,28,2012-06-26,2015-10-10,BRONZE,86602,0,1,APP
M0001193,2,61,23,2015-07-05,,BRONZE,34852,0,0,WEB
M0001194,9,36,26,2018-11-10,,GOLD,687119,1,0,WEB
M0001195,2,29,42,2015-10-06,,BRONZE,85062,0,1,WEB
M0001196,1,64,24,2013-10-29,,PLATINUM,730378,1,1,STORE
M0001197,1,50,40,2010-09-15,,PLATINUM,814155,0,1,STORE
M0001198,2,24,01,2020-03-17,,GOLD,238036,0,1,WEB
M0001199,1,19,23,2010-12-29,,SILVER,166738,0,1,APP
M0001200,2,60,14,2012-04-30,,PLATINUM,666400,1,1,APP
M0001201,2,40,11,2013-10-20,,BRONZE,65659,1,1,STORE
M0001202,2,35,25,2021-06-22,,BRONZE,322235,0,1,STORE
M0001203,2,38,14,2011-12-16,,SILVER,163376,0,1,APP
M0001204,2,21,34,2015-03-03,,SILVER,140678,1,1,PHONE
M0001205,1,19,47,2011-03-09,,BRONZE,74905,0,0,WEB
M0001206,1,56,14,2018-01-12,,SILVER,189749,0,0,WEB
M0001207,2,21,13,2012-11-22,,PLATINUM,644097,1,1,STORE
M0001208,2,24,43,2012-08-03,,BRONZE,52418,0,1,WEB
M0001209,1,32,13,2015-02-15,,BRONZE,33566,1,1,WEB
M0001210,1,69,18,2014-02-06,2022-04-04,PLATINUM,634245,1,1,PHONE
M0001211,2,35,13,2010-10-13,,GOLD,218979,0,1,WEB
M0001212,2,37,27,2017-03-16,,BRONZE,24237,0,1,STORE
M0001213,2,49,27,2018-01-17,2025-03-23,SILVER,90157,0,0,WEB
M0001214,1,36,14,2017-05-01,,BRONZE,72345,1,1,APP
M0001215,1,47,37,2017-01-27,,BRONZE,15123,0,1,STORE
M0001216,2,45,13,2025-12-30,,BRONZE,155831,1,1,WEB
M0001217,1,42,13,2014-05-25,,BRONZE,11828,1,1,WEB
M0001218,2,87,05,2015-05-15,,SILVER,131333,1,1,STORE
M0001219,2,55,42,2018-03-04,,BRONZE,24327,1,0,APP
M0001220,1,22,40,2011-05-09,,BRONZE,80551,1,1,WEB
M0001221,1,46,18,2025-10-27,,BRONZE,48776,1,0,WEB
M0001222,1,27,13,2018-05-22,,BRONZE,56835,1,0,APP
M0001223,2,48,25,2021-02-22,,SILVER,784378,1,0,APP
M0001224,2,17,09,2015-02-24,,SILVER,71276,0,0,PHONE
M0001225,1,21,35,2021-01-25,,PLATINUM,616069,0,1,WEB
M0001226,2,46,12,2024-01-17,,BRONZE,30901,1,1,APP
M0001227,2,57,41,2019-04-05,,BRONZE,45728,1,1,WEB
M0001228,2,49,40,2013-05-13,2019-04-27,SILVER,439780,1,0,WEB
M0001229,2,55,10,2020-12-11,,BRONZE,80719,1,1,STORE
M0001230,1,46,09,2023-09-10,,SILVER,346256,1,1,WEB
M0001231,1,43,27,2021-02-05,,SILVER,283446,1,1,STORE
M0001232,2,31,38,2020-08-13,,BRONZE,27923,0,1,WEB
M0001233,1,54,19,2017-06-03,,BRONZE,41620,1,1,APP
M0001234,2,57,32,2013-01-03,2014-11-15,BRONZE,50186,1,1,WEB
M0001235,1,39,40,2021-07-03,,SILVER,157679,1,0,WEB
M0001236,1,38,29,2016-06-26,,BRONZE,41366,0,1,APP
M0001237,1,67,14,2013-09-09,,BRONZE,71887,1,1,APP
M0001238,1,40,44,2017-11-17,,SILVER,326856,0,0,APP
M0001239,1,41,13,2010-05-11,,BRONZE,68967,0,0,STORE
M0001240,1,48,01,2018-05-08,,BRONZE,46469,0,1,STORE
M0001241,2,38,13,2018-10-03,,BRONZE,15147,1,0,WEB
M0001242,1,26,08,2016-05-09,2025-02-10,BRONZE,114355,0,1,STORE
M0001243,1,46,40,2021-04-03,2025-12-31,BRONZE,26191,0,1,WEB
M0001244,1,39,32,2019-05-10,2021-04-19,GOLD,404773,1,0,APP
M0001245,1,71,32,2015-11-09,,BRONZE,147340,1,1,APP
M0001246,1,53,40,2021-06-20,2025-12-31,GOLD,371772,1,1,APP
M0001247,2,30,22,2011-11-13,,PLATINUM,958561,0,1,STORE
M0001248,1,52,04,2018-02-06,,BRONZE,27678,0,1,WEB
M0001249,2,45,11,2012-03-31,,BRONZE,59735,0,1,APP
M0001250,2,62,14,2019-08-22,,BRONZE,66331,1,0,WEB
M0001251,1,31,27,2010-04-14,,GOLD,690559,0,1,STORE
M0001252,1,43,13,2023-10-03,,PLATINUM,1031216,1,1,WEB
M0001253,1,38,23,2010-07-03,,SILVER,518487,0,1,STORE
M0001254,2,41,28,2017-12-18,,PLATINUM,703732,1,1,STORE
M0001255,1,25,11,2020-08-29,,GOLD,498705,0,1,APP
M0001256,2,50,42,2016-08-29,2021-09-14,SILVER,357561,0,1,WEB
M0001257,2,47,13,2013-06-12,,GOLD,598384,1,0,STORE
M0001258,2,62,30,2013-12-18,,SILVER,201048,1,0,WEB
M0001259,2,40,21,2023-06-26,,BRONZE,43571,1,1,STORE
M0001260,9,33,17,2012-02-07,,SILVER,211125,1,1,PHONE
M0001261,1,53,23,2021-05-17,2025-03-04,SILVER,152050,1,0,STORE
M0001262,1,26,27,2014-09-04,,BRONZE,62202,0,1,STORE
M0001263,1,58,31,2010-03-12,,SILVER,220975,0,0,STORE
M0001264,2,58,15,2016-07-01,2020-08-02,BRONZE,41028,0,1,WEB
M0001265,2,61,26,2011-07-08,,BRONZE,159482,1,0,STORE
M0001266,2,46,27,2022-03-25,,BRONZE,57602,1,0,APP
M0001267,1,32,28,2022-04-22,,SILVER,275503,1,1,PHONE
M0001268,9,42,40,2013-06-24,,BRONZE,46087,1,1,WEB
M0001269,2,46,12,2022-05-16,,BRONZE,59322,0,1,APP
M0001270,2,30,16,2021-03-27,2024-05-18,BRONZE,110452,0,1,STORE
M0001271,9,63,13,2020-10-27,,GOLD,326807,1,0,PHONE
M0001272,1,50,13,2011-04-07,2012-08-09,SILVER,214543,1,1,STORE
M0001273,1,25,13,2012-01-18,,BRONZE,65714,0,1,WEB
M0001274,2,72,13,2012-07-14,,SILVER,171962,1,1,WEB
M0001275,1,42,27,2023-02-02,,SILVER,203700,0,1,APP
M0001276,1,21,13,2015-03-23,,SILVER,421298,0,1,APP
M0001277,1,26,14,2018-06-23,,GOLD,276488,0,0,PHONE
M0001278,1,65,03,2017-07-08,,SILVER,195472,1,1,WEB
M0001279,2,71,20,2025-12-31,,BRONZE,48322,1,0,PHONE
M0001280,2,57,14,2012-11-23,,GOLD,760605,0,0,WEB
M0001281,1,62,13,2022-06-14,,BRONZE,15569,1,1,STORE
M0001282,1,61,17,2011-10-17,,GOLD,302112,0,1,STORE
M0001283,1,49,40,2025-08-24,,PLATINUM,852915,1,0,WEB
M0001284,2,46,27,2019-01-20,,BRONZE,112254,1,0,STORE
M0001285,2,49,11,2014-03-21,2023-01-03,GOLD,583013,1,0,WEB
M0001286,2,53,44,2016-08-04,2022-11-12,GOLD,388399,0,1,APP
M0001287,1,27,40,2021-08-27,2025-12-31,GOLD,585394,0,1,STORE
M0001288,1,52,43,2016-08-27,2021-09-14,BRONZE,63893,1,1,WEB
M0001289,2,65,27,2011-01-31,,BRONZE,31117,0,1,STORE
M0001290,2,36,13,2014-12-05,,SILVER,234295,0,1,PHONE
M0001291,2,35,13,2024-08-25,,SILVER,63496,0,1,APP
M0001292,2,48,18,2015-12-10,2017-11-03,BRONZE,62848,0,1,APP
M0001293,2,29,23,2017-11-07,,BRONZE,132376,1,1,PHONE
M0001294,1,18,28,2012-12-11,2022-05-29,BRONZE,65984,1,0,APP
M0001295,1,60,44,2010-06-07,,BRONZE,198345,1,1,WEB
M0001296,1,32,23,2014-05-01,,BRONZE,92210,0,1,WEB
M0001297,1,40,13,2023-11-22,,BRONZE,12955,0,1,WEB
M0001298,1,30,08,2018-09-05,2020-07-02,BRONZE,120866,1,1,STORE
M0001299,2,62,27,2016-01-13,2025-05-26,SILVER,290225,1,0,WEB
M0001300,1,55,28,2018-05-11,,BRONZE,14758,1,1,APP
M0001301,1,36,30,2023-01-01,,BRONZE,128725,0,1,WEB
M0001302,2,20,11,2024-06-30,,BRONZE,74326,0,0,WEB
M0001303,2,34,14,2015-01-31,,BRONZE,162065,1,1,PHONE
M0001304,1,50,28,2023-04-28,,BRONZE,68173,1,1,APP
M0001305,2,43,13,2022-10-29,,SILVER,282503,1,0,WEB
M0001306,2,42,14,2010-02-11,,SILVER,275897,1,1,WEB
M0001307,2,44,23,2024-04-21,,BRONZE,61092,1,1,WEB
M0001308,2,53,27,2013-09-04,,PLATINUM,716542,1,1,WEB
M0001309,1,39,13,2022-04-04,2025-12-31,GOLD,507787,0,1,APP
M0001310,2,48,28,2024-03-15,2025-12-31,GOLD,473668,1,1,STORE
M0001311,1,23,40,2019-03-07,,SILVER,228303,1,1,STORE
M0001312,2,83,40,2015-01-14,,SILVER,91727,1,1,APP
M0001313,2,35,47,2023-09-08,2025-12-31,SILVER,182149,1,0,STORE
M0001314,1,43,13,2017-08-23,,SILVER,508253,1,1,WEB
M0001315,1,50,13,2022-04-16,,SILVER,104529,0,1,PHONE
M0001316,2,33,33,2020-10-19,,BRONZE,118995,0,1,STORE
M0001317,2,40,13,2015-02-19,,BRONZE,21939,1,0,WEB
M0001318,1,40,37,2018-09-11,,GOLD,530892,1,1,APP
M0001319,2,24,03,2013-03-19,,BRONZE,41145,0,1,WEB
M0001320,2,47,23,2010-01-29,,SILVER,107754,0,0,APP
M0001321,2,23,27,2021-01-12,2025-12-31,BRONZE,34051,0,1,WEB
M0001322,2,70,14,2013-04-22,,SILVER,85865,1,1,PHONE
M0001323,1,53,25,2018-04-25,,SILVER,192035,0,0,STORE
M0001324,2,51,13,2011-08-10,,SILVER,467436,1,1,WEB
M0001325,1,22,18,2020-06-23,,BRONZE,29614,0,1,WEB
M0001326,2,27,25,2012-09-06,,BRONZE,33533,0,1,STORE
M0001327,1,64,07,2013-12-24,,BRONZE,47472,1,1,APP
M0001328,2,33,13,2012-05-11,,SILVER,241979,0,1,STORE
M0001329,1,60,15,2024-09-03,,BRONZE,82668,1,1,STORE
M0001330,1,58,09,2019-12-19,,BRONZE,141618,1,0,WEB
M0001331,2,49,13,2020-08-26,,BRONZE,40963,1,1,WEB
M0001332,2,26,34,2016-07-03,,GOLD,408634,0,1,WEB
M0001333,2,57,13,2023-09-26,,BRONZE,38658,1,0,WEB
M0001334,9,21,43,2011-01-24,,BRONZE,5552,0,1,WEB
M0001335,9,19,13,2016-08-14,,SILVER,290111,0,1,WEB
M0001336,2,18,27,2011-04-26,,SILVER,62010,1,1,APP
M0001337,1,57,05,2021-02-26,,BRONZE,139377,0,1,STORE
M0001338,2,39,13,2025-03-16,,SILVER,138249,0,1,WEB
M0001339,2,42,27,2022-04-06,,BRONZE,19325,0,1,WEB
M0001340,1,40,13,2012-06-23,,SILVER,149727,1,0,WEB
M0001341,1,21,25,2022-08-11,,BRONZE,55990,0,1,WEB
M0001342,2,29,13,2014-01-23,,SILVER,468975,0,1,STORE
M0001343,2,29,12,2015-07-31,,SILVER,226201,0,0,APP
M0001344,2,16,28,2019-03-11,,PLATINUM,560886,0,1,STORE
M0001345,9,31,23,2017-04-02,,BRONZE,61364,0,1,WEB
M0001346,2,22,40,2012-12-29,,BRONZE,80008,1,1,STORE
M0001347,1,50,14,2018-06-24,,BRONZE,27013,1,1,APP
M0001348,1,51,43,2013-02-28,,SILVER,205439,0,1,STORE
M0001349,1,18,20,2021-06-28,,BRONZE,59786,0,1,WEB
M0001350,1,35,38,2011-03-01,,GOLD,227535,0,1,STORE
M0001351,2,72,10,2022-12-17,,BRONZE,132880,1,1,PHONE
M0001352,2,23,25,2025-09-10,,PLATINUM,1043207,0,1,STORE
M0001353,1,47,43,2021-12-11,,BRONZE,58838,0,0,WEB
M0001354,1,42,11,2019-09-12,,SILVER,232193,0,1,APP
M0001355,2,59,36,2017-01-21,,SILVER,187023,1,0,WEB
M0001356,1,45,13,2018-06-23,,BRONZE,27077,1,0,WEB
M0001357,2,33,13,2018-03-13,,BRONZE,17903,0,1,PHONE
M0001358,2,41,23,2024-03-21,2025-12-31,BRONZE,141781,0,1,WEB
M0001359,2,41,11,2012-01-16,,BRONZE,36767,0,0,WEB
M0001360,1,38,11,2019-07-06,2025-12-31,SILVER,569406,1,1,PHONE
M0001361,2,18,23,2018-10-19,2022-08-01,BRONZE,33802,0,1,APP
M0001362,1,61,23,2014-03-18,,SILVER,474449,1,0,WEB
M0001363,2,58,32,2016-08-10,,BRONZE,293529,1,1,APP
M0001364,1,22,14,2017-07-22,,PLATINUM,629085,0,1,WEB
M0001365,2,35,14,2010-07-23,,GOLD,505126,0,1,STORE
M0001366,2,36,06,2017-08-22,,BRONZE,95400,1,1,APP
M0001367,1,20,12,2012-09-24,,GOLD,569231,0,1,STORE
M0001368,1,51,25,2016-05-15,,BRONZE,111495,1,1,PHONE
M0001369,1,29,14,2014-06-14,,SILVER,368801,0,1,STORE
M0001370,1,34,13,2022-01-22,,GOLD,442089,1,1,WEB
M0001371,1,15,41,2025-05-14,,BRONZE,110440,0,0,WEB
M0001372,2,43,13,2011-10-03,,SILVER,348575,1,0,APP
M0001373,1,60,04,2014-02-09,,BRONZE,16778,1,1,STORE
M0001374,2,54,14,2012-07-19,,GOLD,396955,1,0,APP
M0001375,9,38,11,2017-09-26,2020-12-19,BRONZE,146398,1,1,STORE
M0001376,1,25,26,2015-12-16,,BRONZE,161039,0,1,WEB
M0001377,2,52,40,2017-04-13,,BRONZE,36588,1,1,WEB
M0001378,2,42,13,2011-02-20,,SILVER,163162,0,1,STORE
M0001379,2,47,16,2023-12-09,,SILVER,266277,1,1,STORE
M0001380,1,73,13,2025-10-19,,SILVER,65759,1,1,WEB
M0001381,1,26,27,2024-08-02,,SILVER,169920,0,1,WEB
M0001382,1,36,23,2017-12-07,,BRONZE,84642,0,1,APP
M0001383,2,22,11,2020-09-01,,SILVER,77514,0,1,APP
M0001384,9,48,01,2010-10-20,,BRONZE,98425,0,0,APP
M0001385,9,40,40,2019-10-10,,BRONZE,30464,1,0,WEB
M0001386,1,19,40,2019-09-23,,BRONZE,75872,0,1,STORE
M0001387,2,16,14,2021-10-04,,GOLD,349680,0,1,WEB
M0001388,1,34,34,2022-07-01,,BRONZE,32052,0,0,PHONE
M0001389,2,19,13,2010-01-01,,BRONZE,245504,0,0,WEB
M0001390,1,49,41,2016-07-10,,GOLD,665769,1,1,APP
M0001391,2,33,14,2017-10-07,,BRONZE,55991,0,1,STORE
M0001392,2,29,40,2017-09-09,,BRONZE,74365,1,1,WEB
M0001393,1,27,09,2018-10-15,,BRONZE,16002,0,1,APP
M0001394,1,44,40,2021-03-18,,PLATINUM,785248,1,1,WEB
M0001395,2,41,01,2019-05-25,,GOLD,402150,1,1,STORE
M0001396,1,43,36,2013-09-28,,SILVER,270573,1,1,APP
M0001397,2,43,29,2020-08-16,2025-12-31,GOLD,247502,1,0,WEB
M0001398,2,39,23,2019-07-25,,SILVER,200259,1,1,APP
M0001399,2,22,08,2013-03-14,,GOLD,383478,1,1,WEB
M0001400,1,28,40,2020-02-05,,GOLD,520652,0,1,WEB
M0001401,1,33,18,2018-05-05,2019-08-20,BRONZE,65972,0,1,APP
M0001402,1,75,13,2022-11-16,,BRONZE,99833,1,1,APP
M0001403,9,17,13,2016-04-09,,BRONZE,18711,0,1,STORE
M0001404,1,33,28,2024-04-04,,SILVER,309193,0,1,WEB
M0001405,1,42,27,2018-08-02,2023-11-07,BRONZE,34690,1,1,WEB
M0001406,1,35,09,2025-01-20,,SILVER,292305,0,1,APP
M0001407,9,58,13,2011-08-18,,PLATINUM,1323804,1,1,STORE
M0001408,1,35,13,2012-01-09,,SILVER,369721,0,1,WEB
M0001409,2,36,03,2013-06-29,,BRONZE,30399,0,1,WEB
M0001410,2,54,23,2023-01-23,,BRONZE,22289,0,0,WEB
M0001411,2,71,42,2018-02-09,,PLATINUM,697349,1,0,STORE
M0001412,9,64,27,2020-10-22,,SILVER,122111,1,1,APP
M0001413,2,38,13,2010-04-24,,SILVER,85778,0,1,APP
M0001414,2,39,13,2015-12-07,,BRONZE,20192,1,1,WEB
M0001415,1,41,11,2015-08-28,,SILVER,556353,1,0,APP
M0001416,2,42,13,2024-10-06,,SILVER,160562,0,1,PHONE
M0001417,2,26,18,2011-09-05,,GOLD,482458,0,1,APP
M0001418,2,56,13,2023-10-06,,SILVER,205993,1,1,STORE
M0001419,2,44,38,2015-11-23,,BRONZE,102771,0,1,APP
M0001420,9,39,28,2022-05-23,,SILVER,360140,1,0,WEB
M0001421,2,18,06,2014-08-28,,SILVER,145632,0,1,APP
M0001422,2,41,13,2010-12-02,2019-04-02,BRONZE,20615,0,1,WEB
M0001423,2,38,13,2020-11-14,,SILVER,118957,0,1,WEB
M0001424,1,30,14,2012-10-31,,BRONZE,14346,1,1,STORE
M0001425,1,30,23,2012-05-14,,GOLD,369225,1,1,STORE
M0001426,1,45,28,2024-09-10,,BRONZE,34450,1,1,STORE
M0001427,1,72,14,2013-08-17,,SILVER,516160,0,0,APP
M0001428,1,50,27,2025-09-19,,SILVER,160188,1,0,WEB
M0001429,2,65,45,2015-07-29,2016-08-05,GOLD,437252,1,1,APP
M0001430,1,51,27,2014-06-09,,GOLD,410312,1,1,WEB
M0001431,2,59,13,2017-04-09,,BRONZE,51787,1,1,WEB
M0001432,2,72,14,2014-06-10,,BRONZE,63799,0,0,PHONE
M0001433,1,28,14,2024-11-03,,SILVER,531145,0,0,APP
M0001434,1,26,11,2019-10-07,,SILVER,253743,0,0,WEB
M0001435,1,51,01,2021-11-21,,SILVER,349453,1,0,STORE
M0001436,9,40,01,2011-03-22,,BRONZE,26866,0,1,WEB
M0001437,1,44,06,2013-10-29,,SILVER,346100,1,0,STORE
M0001438,2,36,13,2019-07-12,,SILVER,172093,1,1,PHONE
M0001439,2,30,13,2017-10-15,,BRONZE,33124,0,1,STORE
M0001440,9,68,20,2025-07-02,,BRONZE,62063,1,1,STORE
M0001441,1,21,27,2021-07-26,,PLATINUM,767201,0,1,APP
M0001442,1,52,14,2014-10-02,,BRONZE,94177,1,1,STORE
M0001443,1,49,11,2017-04-06,,BRONZE,119399,1,0,STORE
M0001444,1,23,08,2021-11-19,,PLATINUM,593320,0,1,WEB
M0001445,1,26,13,2016-07-22,,SILVER,285589,1,0,STORE
M0001446,2,29,36,2018-05-26,,SILVER,567701,0,1,APP
M0001447,2,50,14,2022-10-16,2024-04-02,GOLD,377810,0,1,STORE
M0001448,2,34,46,2014-08-07,2020-04-24,BRONZE,69944,1,1,STORE
M0001449,2,39,14,2011-08-07,,SILVER,409652,1,0,WEB
M0001450,1,15,09,2016-08-07,,BRONZE,10967,0,0,WEB
M0001451,2,80,40,2013-07-05,,GOLD,280976,1,1,PHONE
M0001452,2,41,26,2018-10-26,,BRONZE,27096,1,0,WEB
M0001453,2,48,11,2023-08-26,,BRONZE,120277,0,0,STORE
M0001454,2,31,32,2022-03-09,,BRONZE,172703,1,1,APP
M0001455,1,29,16,2021-09-02,,BRONZE,47023,0,0,WEB
M0001456,1,73,28,2018-08-27,,BRONZE,37582,0,1,WEB
M0001457,1,57,27,2024-03-17,,SILVER,377553,0,0,WEB
M0001458,1,45,27,2024-10-20,,SILVER,298854,1,1,STORE
M0001459,2,19,47,2022-02-16,,BRONZE,19850,1,0,WEB
M0001460,1,33,38,2011-11-15,,GOLD,482249,1,0,WEB
M0001461,2,29,13,2014-10-06,,GOLD,503494,0,0,WEB
M0001462,2,23,27,2025-04-28,,BRONZE,108105,0,1,WEB
M0001463,1,41,13,2011-03-01,,BRONZE,23836,1,1,WEB
M0001464,1,23,27,2018-10-24,2022-11-23,SILVER,161270,1,1,WEB
M0001465,2,35,14,2020-03-23,,BRONZE,197399,0,1,APP
M0001466,2,38,26,2016-04-08,,SILVER,138205,0,0,PHONE
M0001467,1,17,13,2021-04-05,2025-12-31,SILVER,329479,0,1,STORE
M0001468,1,66,33,2011-03-21,,SILVER,135651,1,1,WEB
M0001469,2,30,44,2013-07-04,,SILVER,166217,1,1,STORE
M0001470,1,36,14,2014-09-28,,GOLD,366418,0,0,APP
M0001471,2,30,11,2012-09-25,,SILVER,214041,0,1,APP
M0001472,1,39,23,2017-01-03,,BRONZE,47222,1,1,STORE
M0001473,1,62,27,2017-06-30,,BRONZE,23279,1,0,WEB
M0001474,2,82,09,2024-12-29,,SILVER,71414,0,1,WEB
M0001475,2,53,28,2017-10-07,2024-02-11,SILVER,176138,0,1,PHONE
M0001476,2,58,13,2022-02-07,,GOLD,487293,1,1,APP
M0001477,1,69,35,2011-05-30,,SILVER,123670,1,1,APP
M0001478,9,44,14,2010-12-12,,SILVER,103482,0,1,WEB
M0001479,2,67,13,2016-04-26,,PLATINUM,1263936,0,1,WEB
M0001480,2,53,45,2015-04-01,,BRONZE,14351,1,1,STORE
M0001481,1,42,13,2024-10-10,,BRONZE,41376,1,0,WEB
M0001482,1,46,13,2017-11-11,,PLATINUM,1205666,1,1,WEB
M0001483,2,44,27,2017-10-19,2024-10-02,GOLD,524258,1,1,APP
M0001484,1,45,14,2023-08-08,2025-12-31,BRONZE,45771,0,0,WEB
M0001485,2,48,11,2023-11-06,,BRONZE,40000,1,1,WEB
M0001486,1,48,04,2022-06-04,,SILVER,113258,1,1,WEB
M0001487,9,43,40,2017-01-03,,BRONZE,50177,1,0,PHONE
M0001488,2,21,28,2013-06-17,,BRONZE,105510,0,0,WEB
M0001489,2,40,13,2010-07-26,,BRONZE,77108,1,1,STORE
M0001490,2,42,40,2010-10-22,2017-04-01,SILVER,208503,1,1,PHONE
M0001491,1,43,41,2023-01-18,,BRONZE,57304,1,1,APP
M0001492,2,25,18,2012-02-13,,BRONZE,111186,0,0,APP
M0001493,2,55,15,2016-08-21,,BRONZE,26328,0,1,APP
M0001494,2,38,14,2018-01-20,,SILVER,352498,0,1,APP
M0001495,1,47,23,2018-11-23,,GOLD,562400,1,0,WEB
M0001496,2,20,29,2011-06-10,,SILVER,161451,1,0,WEB
M0001497,2,37,33,2018-05-17,,BRONZE,82383,1,0,WEB
M0001498,2,59,07,2013-12-30,,PLATINUM,667345,1,0,STORE
M0001499,1,56,11,2015-06-14,,PLATINUM,1368978,1,0,APP
M0001500,2,26,13,2023-02-21,2024-03-19,BRONZE,81294,1,1,STORE
M0001501,2,31,13,2017-05-14,2023-09-26,PLATINUM,999896,0,1,WEB
M0001502,9,23,13,2016-06-07,2019-10-06,BRONZE,114282,0,1,APP
M0001503,1,29,14,2010-04-04,,BRONZE,19155,1,1,WEB
M0001504,1,16,13,2025-12-09,,SILVER,85537,0,1,APP
M0001505,2,38,11,2019-07-01,,SILVER,151886,0,0,PHONE
M0001506,2,51,01,2022-02-04,,GOLD,545660,0,1,STORE
M0001507,2,27,01,2016-12-09,2018-05-17,BRONZE,27268,0,1,STORE
M0001508,2,38,28,2014-03-29,,GOLD,757726,1,1,WEB
M0001509,1,36,27,2014-05-16,,GOLD,592127,1,1,STORE
M0001510,2,58,23,2010-02-14,,BRONZE,28358,1,1,STORE
M0001511,1,30,45,2024-03-21,2025-12-31,SILVER,250542,1,1,APP
M0001512,1,30,11,2018-06-09,,SILVER,374622,1,1,WEB
M0001513,2,26,32,2015-08-23,,BRONZE,69878,0,1,WEB
M0001514,2,21,40,2021-04-18,,BRONZE,46790,0,1,WEB
M0001515,2,49,01,2012-01-28,2015-10-27,GOLD,1003166,1,1,APP
M0001516,1,38,23,2017-07-07,,SILVER,341075,1,1,STORE
M0001517,1,41,05,2016-12-27,,SILVER,238163,0,0,APP
M0001518,9,62,35,2024-07-03,,BRONZE,63240,1,0,WEB
M0001519,1,63,11,2022-10-08,,SILVER,383005,1,1,APP
M0001520,1,50,16,2022-04-15,2025-12-31,GOLD,679841,1,1,STORE
M0001521,1,51,33,2014-02-28,,PLATINUM,558126,1,1,PHONE
M0001522,2,44,20,2018-04-29,,GOLD,671245,1,0,STORE
M0001523,2,32,13,2025-09-08,,BRONZE,11441,1,1,APP
M0001524,2,46,13,2010-04-21,,PLATINUM,770823,1,1,STORE
M0001525,2,29,33,2020-06-04,,GOLD,275538,0,1,APP
M0001526,1,65,09,2015-05-31,,BRONZE,119109,1,1,APP
M0001527,1,49,43,2021-11-13,,SILVER,162087,0,0,STORE
M0001528,2,25,14,2017-11-29,,BRONZE,58941,1,1,WEB
M0001529,1,30,20,2021-03-18,,SILVER,117342,0,1,STORE
M0001530,1,26,21,2014-01-02,,BRONZE,73613,0,0,PHONE
M0001531,1,35,31,2024-02-13,,SILVER,183100,0,1,APP
M0001532,1,32,05,2023-05-28,,BRONZE,64796,0,1,STORE
M0001533,2,17,13,2020-03-14,,GOLD,426280,0,1,WEB
M0001534,2,53,04,2016-10-16,,BRONZE,32219,1,0,WEB
M0001535,1,62,01,2012-06-06,2016-06-18,BRONZE,61076,1,1,WEB
M0001536,2,40,14,2013-04-06,,BRONZE,52740,0,1,STORE
M0001537,2,35,27,2016-05-19,2020-09-03,BRONZE,52252,0,1,PHONE
M0001538,2,47,34,2022-06-20,,SILVER,396891,0,0,APP
M0001539,2,40,13,2025-02-23,,SILVER,299767,1,1,WEB
M0001540,1,22,11,2019-09-25,2023-04-13,SILVER,291578,1,1,WEB
M0001541,2,29,01,2025-01-05,,GOLD,632495,0,0,APP
M0001542,1,35,44,2013-02-25,2021-06-30,SILVER,202151,0,1,APP
M0001543,1,44,03,2021-11-20,,SILVER,227373,1,1,WEB
M0001544,1,40,14,2018-07-11,,BRONZE,70616,1,1,WEB
M0001545,2,44,13,2012-03-31,,PLATINUM,1515397,0,1,WEB
M0001546,1,46,14,2021-02-10,,BRONZE,46538,0,0,APP
M0001547,1,51,14,2024-06-16,,BRONZE,19289,1,0,STORE
M0001548,2,40,24,2017-03-05,,SILVER,190300,1,1,WEB
M0001549,1,83,40,2014-02-01,,SILVER,96377,1,1,STORE
M0001550,1,33,13,2014-11-03,,BRONZE,44034,1,0,APP
M0001551,1,45,32,2019-08-15,2021-01-04,GOLD,442112,1,0,WEB
M0001552,1,88,13,2021-01-13,,BRONZE,109165,1,1,PHONE
M0001553,1,43,13,2013-06-21,,SILVER,215703,1,1,APP
M0001554,1,39,11,2020-12-30,2022-08-10,BRONZE,33941,1,0,STORE
M0001555,1,23,13,2021-12-14,,GOLD,158699,1,1,WEB
M0001556,2,66,13,2010-04-09,,BRONZE,45393,0,1,WEB
M0001557,2,20,46,2016-02-22,,BRONZE,71731,0,1,WEB
M0001558,2,47,29,2013-09-30,,BRONZE,220422,0,1,APP
M0001559,2,32,17,2022-09-10,,BRONZE,41804,0,1,APP
M0001560,2,37,03,2020-05-05,,BRONZE,21179,0,1,WEB
M0001561,9,16,13,2018-07-15,,BRONZE,56043,0,1,WEB
M0001562,2,63,26,2013-08-02,,SILVER,161225,1,1,APP
M0001563,2,35,11,2017-09-14,,SILVER,166582,1,0,STORE
M0001564,2,19,13,2025-05-27,2025-12-31,SILVER,229747,0,1,WEB
M0001565,2,61,14,2025-12-01,,BRONZE,24069,1,1,WEB
M0001566,2,31,23,2012-08-09,,BRONZE,61482,1,0,WEB
M0001567,1,46,13,2017-10-01,,PLATINUM,757304,1,1,WEB
M0001568,1,54,27,2021-12-21,,BRONZE,76420,0,1,WEB
M0001569,2,48,14,2014-10-06,,GOLD,177249,1,0,WEB
M0001570,2,36,11,2025-12-22,,BRONZE,35747,1,0,STORE
M0001571,1,52,13,2017-06-19,,BRONZE,41330,1,0,PHONE
M0001572,2,38,28,2015-07-19,,PLATINUM,1362177,0,0,WEB
M0001573,2,34,27,2025-01-24,,SILVER,226250,0,0,APP
M0001574,2,38,01,2019-08-26,2024-11-04,SILVER,417078,0,0,WEB
M0001575,1,55,27,2010-12-31,,BRONZE,88719,1,0,STORE
M0001576,1,43,40,2011-09-10,,GOLD,402393,0,1,WEB
M0001577,2,17,01,2025-09-07,,GOLD,254014,0,1,WEB
M0001578,2,35,12,2019-12-13,,BRONZE,107432,1,1,WEB
M0001579,9,43,13,2023-12-02,,BRONZE,51572,1,1,WEB
M0001580,2,58,23,2025-10-20,2025-12-31,GOLD,247816,0,1,WEB
M0001581,2,26,24,2021-11-30,2025-12-31,BRONZE,56263,0,0,WEB
M0001582,1,65,27,2025-07-26,,BRONZE,19351,1,0,WEB
M0001583,1,56,23,2025-04-09,,BRONZE,54308,1,1,WEB
M0001584,1,33,11,2016-08-03,,BRONZE,38011,0,1,PHONE
M0001585,2,21,30,2020-03-21,,BRONZE,42264,0,0,APP
M0001586,2,15,11,2023-02-17,,BRONZE,94453,0,0,WEB
M0001587,1,45,41,2025-02-28,,BRONZE,22731,1,1,STORE
M0001588,2,27,12,2023-03-24,,BRONZE,113837,0,0,STORE
M0001589,1,60,28,2022-12-01,,SILVER,137612,1,0,STORE
M0001590,1,28,14,2015-03-28,,SILVER,173179,0,1,WEB
M0001591,1,25,01,2016-11-10,,SILVER,87568,0,0,APP
M0001592,1,44,13,2023-03-02,,BRONZE,57303,0,1,WEB
M0001593,2,28,40,2012-01-12,,BRONZE,49066,1,0,WEB
M0001594,1,40,14,2012-08-07,,GOLD,525369,1,1,APP
M0001595,2,57,03,2022-08-10,,SILVER,129260,1,1,PHONE
M0001596,2,42,17,2025-08-30,2025-12-31,GOLD,285961,1,1,WEB
M0001597,1,42,39,2016-09-09,,PLATINUM,1059370,0,1,WEB
M0001598,1,43,27,2023-10-30,,BRONZE,27219,0,1,WEB
M0001599,2,46,34,2015-09-08,,BRONZE,60806,1,1,STORE
M0001600,1,47,29,2018-03-03,,BRONZE,228618,1,1,STORE
M0001601,2,43,31,2025-08-01,,BRONZE,8404,0,1,APP
M0001602,1,55,10,2016-03-01,,SILVER,290651,0,1,STORE
M0001603,2,50,27,2024-02-23,2025-12-31,BRONZE,12720,0,1,APP
M0001604,2,37,33,2025-02-19,,PLATINUM,505983,1,1,APP
M0001605,1,58,01,2021-10-24,2023-04-23,SILVER,318746,0,1,PHONE
M0001606,1,35,15,2011-02-20,,PLATINUM,1189171,1,1,APP
M0001607,9,44,27,2025-05-16,,SILVER,300099,0,0,WEB
M0001608,1,35,13,2017-12-22,,BRONZE,44180,1,0,APP
M0001609,1,48,27,2014-08-20,,BRONZE,62861,1,1,WEB
M0001610,1,34,23,2017-10-16,,GOLD,231118,1,0,WEB
M0001611,1,68,40,2017-01-17,,BRONZE,82037,1,0,PHONE
M0001612,2,74,34,2016-02-07,,GOLD,873111,1,0,PHONE
M0001613,2,55,13,2020-11-03,,BRONZE,68614,1,0,WEB
M0001614,1,66,13,2011-10-21,,SILVER,345221,1,0,WEB
M0001615,2,62,14,2020-02-17,2021-12-15,BRONZE,13522,0,1,PHONE
M0001616,1,16,13,2014-01-09,,SILVER,195050,0,1,WEB
M0001617,1,35,40,2022-09-01,,GOLD,550658,1,1,PHONE
M0001618,2,41,08,2025-09-24,,BRONZE,76961,1,0,PHONE
M0001619,9,37,47,2017-07-25,,PLATINUM,1077986,1,1,APP
M0001620,1,32,27,2022-12-05,2025-12-31,SILVER,219333,1,1,APP
M0001621,1,60,27,2015-02-17,2024-07-05,BRONZE,44311,1,1,STORE
M0001622,2,77,18,2023-05-31,,PLATINUM,554904,1,0,PHONE
M0001623,2,62,27,2018-07-16,,GOLD,322589,1,1,WEB
M0001624,1,58,06,2018-02-25,,BRONZE,92920,1,1,WEB
M0001625,1,44,28,2011-08-18,,BRONZE,30267,1,1,APP
M0001626,2,26,30,2020-08-03,,GOLD,255756,0,1,WEB
M0001627,1,41,13,2022-08-28,,SILVER,297031,1,1,STORE
M0001628,1,76,45,2018-01-30,2022-08-23,SILVER,101934,1,1,STORE
M0001629,1,34,44,2012-07-21,,BRONZE,17111,1,1,STORE
M0001630,1,32,13,2020-11-02,,SILVER,93666,0,1,WEB
M0001631,2,59,23,2020-01-04,,BRONZE,36463,1,1,PHONE
M0001632,2,60,40,2023-10-26,,BRONZE,70510,1,1,APP
M0001633,2,26,27,2025-04-13,,BRONZE,65372,0,0,WEB
M0001634,2,36,45,2013-11-18,2018-04-24,BRONZE,50595,0,1,STORE
M0001635,9,31,13,2014-09-04,,SILVER,175066,1,0,WEB
M0001636,1,41,27,2025-03-20,2025-12-31,SILVER,185794,1,1,APP
M0001637,1,59,13,2011-11-23,,SILVER,225422,1,1,STORE
M0001638,2,26,28,2024-08-14,,BRONZE,32588,1,1,WEB
M0001639,1,59,31,2012-06-20,2021-03-04,BRONZE,45588,1,1,APP
M0001640,2,42,01,2016-09-16,,GOLD,315762,0,1,WEB
M0001641,2,80,12,2012-03-19,2014-06-08,SILVER,100161,1,1,PHONE
M0001642,1,45,13,2025-08-18,,BRONZE,141070,1,1,WEB
M0001643,2,38,08,2018-01-03,,SILVER,157892,1,0,STORE
M0001644,1,50,40,2024-02-14,2025-12-31,BRONZE,298427,1,1,WEB
M0001645,1,34,11,2010-07-02,,BRONZE,67352,1,1,STORE
M0001646,2,58,28,2010-08-23,,GOLD,350807,1,1,PHONE
M0001647,1,36,45,2018-07-09,,BRONZE,102477,1,1,WEB
M0001648,2,36,15,2010-09-04,,SILVER,316457,0,1,APP
M0001649,2,75,04,2018-09-14,,GOLD,307746,0,1,APP
M0001650,2,39,11,2021-04-26,,BRONZE,30050,1,0,APP
M0001651,1,41,13,2017-10-25,,SILVER,116065,1,0,STORE
M0001652,1,34,23,2022-07-16,,BRONZE,128936,1,1,STORE
M0001653,1,44,02,2011-08-19,,PLATINUM,1084328,1,1,APP
M0001654,1,42,06,2013-12-24,,BRONZE,39157,1,0,PHONE
M0001655,2,33,01,2012-07-24,,GOLD,395513,0,1,WEB
M0001656,1,39,14,2017-12-24,,BRONZE,20600,0,1,PHONE
M0001657,1,27,27,2016-05-04,,GOLD,280576,0,0,WEB
M0001658,2,40,13,2018-08-18,2024-04-23,GOLD,317302,1,1,STORE
M0001659,1,41,06,2012-06-13,,BRONZE,112014,1,0,STORE
M0001660,1,25,44,2017-02-17,,SILVER,203445,0,1,WEB
M0001661,1,45,23,2022-03-31,2023-05-08,BRONZE,53238,0,1,WEB
M0001662,2,44,03,2011-02-08,,BRONZE,132644,1,1,APP
M0001663,2,37,05,2022-08-06,,BRONZE,89164,0,1,PHONE
M0001664,1,81,13,2013-07-03,,SILVER,109735,0,1,PHONE
M0001665,2,38,27,2023-11-24,2025-12-31,BRONZE,20216,0,0,WEB
M0001666,2,35,27,2023-01-13,,SILVER,91898,1,1,WEB
M0001667,2,33,39,2017-02-26,,GOLD,226971,1,1,WEB
M0001668,1,23,13,2011-03-04,2017-07-02,BRONZE,45518,0,0,APP
M0001669,1,52,28,2016-02-29,,BRONZE,26689,1,0,WEB
M0001670,2,28,40,2019-12-15,,SILVER,174443,1,1,APP
M0001671,1,30,12,2015-06-07,,BRONZE,121107,0,1,WEB
M0001672,2,31,27,2020-02-24,,BRONZE,53110,0,1,APP
M0001673,2,23,43,2023-03-04,,BRONZE,25232,0,1,WEB
M0001674,1,48,14,2025-04-21,2025-12-31,BRONZE,12072,0,0,PHONE
M0001675,2,32,38,2016-05-14,,SILVER,136609,1,0,WEB
M0001676,2,55,28,2025-10-19,,BRONZE,113110,0,0,WEB
M0001677,2,43,40,2013-12-24,,GOLD,203829,0,1,WEB
M0001678,1,67,10,2025-02-13,,SILVER,147437,0,0,WEB
M0001679,2,53,28,2012-04-14,,PLATINUM,650135,1,1,APP
M0001680,2,49,13,2018-08-30,,SILVER,222759,1,0,STORE
M0001681,2,72,06,2020-10-06,,BRONZE,33437,0,1,STORE
M0001682,2,38,28,2010-09-02,,BRONZE,41627,1,1,STORE
M0001683,2,41,28,2017-02-05,,BRONZE,70154,1,0,APP
M0001684,1,40,10,2014-06-09,,SILVER,72138,1,1,APP
M0001685,1,66,12,2023-01-19,,SILVER,304764,0,1,STORE
M0001686,1,40,40,2017-08-10,2019-03-30,BRONZE,26921,1,0,WEB
M0001687,2,29,14,2011-08-31,2020-06-14,SILVER,962186,0,1,WEB
M0001688,2,50,27,2010-08-17,,BRONZE,17276,0,0,WEB
M0001689,2,26,28,2010-05-19,,SILVER,133527,0,0,WEB
M0001690,1,49,14,2010-08-05,2019-05-05,BRONZE,57233,1,1,WEB
M0001691,2,47,13,2017-10-05,2023-10-01,BRONZE,26057,1,0,PHONE
M0001692,2,37,19,2015-03-09,,SILVER,159431,0,0,WEB
M0001693,1,50,27,2013-05-03,,PLATINUM,539365,1,1,PHONE
M0001694,2,15,13,2016-03-13,,SILVER,99379,0,1,STORE
M0001695,2,43,30,2016-12-30,,BRONZE,47382,0,0,WEB
M0001696,2,32,06,2019-04-18,,SILVER,124549,1,1,APP
M0001697,1,89,17,2017-12-20,2020-04-02,BRONZE,19098,1,1,APP
M0001698,2,43,14,2024-12-04,,BRONZE,19309,1,1,APP
M0001699,9,30,01,2015-12-27,,SILVER,579509,1,0,WEB
M0001700,2,17,39,2016-04-05,,BRONZE,11094,0,0,WEB
M0001701,2,62,14,2016-08-05,,SILVER,155678,1,1,APP
M0001702,9,34,13,2010-10-09,,BRONZE,53663,1,0,APP
M0001703,1,27,13,2021-12-27,,GOLD,243477,0,0,STORE
M0001704,2,46,35,2018-08-23,,BRONZE,107724,0,1,APP
M0001705,2,51,14,2016-05-19,,BRONZE,99147,0,1,STORE
M0001706,9,51,23,2015-09-23,,BRONZE,50878,0,0,STORE
M0001707,1,40,23,2018-04-19,,GOLD,352600,1,0,PHONE
M0001708,1,43,43,2024-06-02,,PLATINUM,915943,0,1,WEB
M0001709,2,44,14,2016-05-16,,BRONZE,135552,1,1,WEB
M0001710,1,46,23,2016-11-26,,BRONZE,34366,1,0,WEB
M0001711,2,47,43,2012-02-20,,SILVER,302908,1,0,WEB
M0001712,1,59,27,2015-02-24,,BRONZE,88695,1,0,APP
M0001713,9,41,01,2021-12-27,,BRONZE,35430,0,0,APP
M0001714,2,26,13,2021-08-01,,BRONZE,30081,0,1,STORE
M0001715,1,38,27,2022-11-21,,BRONZE,88125,0,0,WEB
M0001716,2,53,13,2017-11-22,,SILVER,385403,1,1,STORE
M0001717,1,24,14,2024-05-27,,SILVER,288788,1,0,STORE
M0001718,2,55,27,2018-11-18,,BRONZE,67685,1,1,WEB
M0001719,2,56,21,2012-02-03,,BRONZE,77689,0,0,WEB
M0001720,2,66,11,2012-06-07,,BRONZE,14992,1,1,WEB
M0001721,1,18,40,2017-12-09,,GOLD,318275,0,1,APP
M0001722,1,42,05,2016-01-02,,SILVER,374844,1,1,STORE
M0001723,2,33,42,2011-09-20,,GOLD,542059,1,0,APP
M0001724,2,36,14,2010-09-29,2020-01-23,PLATINUM,723566,1,0,WEB
M0001725,2,45,13,2019-11-24,,SILVER,110810,0,0,WEB
M0001726,1,18,13,2022-01-29,2025-12-31,GOLD,425046,0,0,WEB
M0001727,1,21,31,2013-07-09,2021-10-16,BRONZE,82202,1,1,APP
M0001728,2,35,29,2013-12-06,,BRONZE,80321,1,1,WEB
M0001729,1,38,11,2018-07-22,,SILVER,337775,0,0,WEB
M0001730,1,21,13,2011-12-06,,BRONZE,30172,0,1,APP
M0001731,2,53,23,2023-05-28,,SILVER,176386,1,1,APP
M0001732,1,33,02,2019-06-08,,GOLD,577529,0,0,APP
M0001733,2,33,14,2015-10-15,,PLATINUM,925608,1,0,APP
M0001734,1,45,13,2019-04-10,,SILVER,486663,1,1,APP
M0001735,2,38,14,2012-08-10,,SILVER,137611,0,0,APP
M0001736,2,54,05,2015-01-20,2021-03-18,SILVER,117725,0,1,WEB
M0001737,2,24,45,2018-07-06,,BRONZE,60157,0,1,STORE
M0001738,1,16,27,2025-05-25,,BRONZE,75390,0,1,WEB
M0001739,2,35,37,2023-07-03,,SILVER,208332,1,0,STORE
M0001740,2,41,11,2020-03-02,,BRONZE,29871,1,1,APP
M0001741,1,19,02,2015-05-14,,SILVER,229736,0,0,STORE
M0001742,1,16,31,2024-10-27,,BRONZE,21005,0,1,WEB
M0001743,1,43,28,2012-01-22,2021-09-03,SILVER,84922,1,1,PHONE
M0001744,9,27,13,2014-10-23,,SILVER,169604,0,0,WEB
M0001745,2,15,27,2016-11-16,,BRONZE,28600,0,1,WEB
M0001746,2,56,21,2018-10-30,,GOLD,398322,1,1,STORE
M0001747,2,29,28,2020-10-14,,SILVER,120031,0,0,STORE
M0001748,2,60,14,2016-08-13,,SILVER,329593,1,1,WEB
M0001749,2,40,28,2025-01-31,,BRONZE,10560,1,1,WEB
M0001750,1,45,27,2016-08-12,,BRONZE,62997,0,1,PHONE
M0001751,2,36,27,2020-01-28,,GOLD,584874,1,1,WEB
M0001752,1,59,25,2010-10-07,,SILVER,156506,1,0,STORE
M0001753,2,21,40,2012-07-07,,BRONZE,75676,0,1,WEB
M0001754,2,38,27,2013-07-07,,SILVER,364689,1,1,STORE
M0001755,1,46,40,2010-01-07,,BRONZE,74520,0,1,STORE
M0001756,2,32,38,2023-11-29,,PLATINUM,859939,1,1,WEB
M0001757,1,39,27,2019-12-31,,BRONZE,69930,1,0,WEB
M0001758,9,21,27,2023-08-07,,SILVER,116107,0,0,STORE
M0001759,2,44,14,2015-04-28,,BRONZE,102357,1,1,WEB
M0001760,2,40,13,2011-09-07,,BRONZE,46612,1,1,WEB
M0001761,1,53,13,2015-04-01,,SILVER,241718,0,1,PHONE
M0001762,1,58,13,2010-04-17,,BRONZE,16641,0,1,WEB
M0001763,1,48,13,2014-11-09,,BRONZE,54742,0,0,STORE
M0001764,1,55,12,2011-08-20,,SILVER,104100,1,1,STORE
M0001765,1,34,27,2013-06-04,,BRONZE,124338,1,1,APP
M0001766,1,88,40,2020-03-22,,GOLD,133653,0,1,WEB
M0001767,9,19,07,2025-05-25,2025-12-31,SILVER,157284,1,0,PHONE
M0001768,1,31,13,2013-11-02,,BRONZE,64385,0,1,APP
M0001769,1,55,27,2025-09-21,,BRONZE,38539,0,1,WEB
M0001770,2,53,47,2022-03-15,2025-12-31,SILVER,120056,0,1,APP
M0001771,2,48,01,2011-12-05,,BRONZE,86568,1,1,APP
M0001772,2,51,12,2010-02-04,,BRONZE,65517,0,1,STORE
M0001773,2,50,23,2011-10-22,,PLATINUM,711453,1,1,WEB
M0001774,2,67,44,2021-06-14,2025-12-31,SILVER,378883,1,1,APP
M0001775,2,37,13,2020-09-25,,BRONZE,42990,0,1,APP
M0001776,2,61,13,2024-03-08,2025-12-31,BRONZE,46194,0,1,WEB
M0001777,2,45,24,2018-05-29,,GOLD,572923,1,1,WEB
M0001778,1,44,13,2010-09-19,,SILVER,355144,1,1,STORE
M0001779,1,30,28,2025-12-31,,BRONZE,40039,0,1,PHONE
M0001780,2,50,13,2023-11-18,,SILVER,231324,0,1,STORE
M0001781,1,45,14,2021-06-19,,GOLD,442892,1,0,WEB
M0001782,2,46,12,2024-09-08,,BRONZE,76892,0,0,WEB
M0001783,1,22,28,2014-06-21,,SILVER,277111,0,1,STORE
M0001784,1,39,28,2018-07-29,,GOLD,661114,1,1,APP
M0001785,1,37,13,2018-07-08,,SILVER,161676,0,1,PHONE
M0001786,2,48,14,2014-07-21,,PLATINUM,1547023,1,1,STORE
M0001787,1,57,07,2025-12-09,,BRONZE,26632,1,1,STORE
M0001788,2,43,13,2019-01-03,2025-05-24,SILVER,281854,1,1,STORE
M0001789,2,18,01,2024-09-14,,BRONZE,50393,0,1,APP
M0001790,1,42,23,2014-12-21,,BRONZE,91882,0,1,STORE
M0001791,2,84,14,2017-12-05,2025-12-31,SILVER,139653,0,1,WEB
M0001792,1,68,14,2024-12-06,,SILVER,228330,1,1,WEB
M0001793,1,47,21,2012-11-13,,BRONZE,59061,0,1,APP
M0001794,2,41,40,2018-09-12,,BRONZE,59532,0,1,APP
M0001795,2,56,13,2022-09-29,,SILVER,220793,0,1,STORE
M0001796,1,37,43,2022-10-12,,PLATINUM,556360,1,1,APP
M0001797,2,32,13,2022-01-09,,GOLD,154047,0,1,WEB
M0001798,1,35,21,2019-10-05,,BRONZE,52512,0,1,PHONE
M0001799,2,49,13,2010-02-09,,BRONZE,72693,1,1,WEB
M0001800,2,20,40,2014-08-13,,GOLD,518500,0,1,WEB
M0001801,2,60,23,2022-09-21,,GOLD,234803,1,1,WEB
M0001802,2,39,13,2018-01-01,2023-08-22,SILVER,201880,0,0,WEB
M0001803,1,24,10,2015-09-29,,SILVER,67192,0,1,WEB
M0001804,2,59,27,2024-01-30,,BRONZE,38882,1,1,WEB
M0001805,2,54,28,2015-06-28,,BRONZE,45634,1,1,PHONE
M0001806,2,31,20,2016-02-16,,BRONZE,26611,0,1,STORE
M0001807,1,30,01,2016-06-21,,SILVER,150343,0,1,WEB
M0001808,1,76,11,2015-06-18,,SILVER,360128,1,1,STORE
M0001809,1,28,14,2018-02-03,,GOLD,704099,1,1,STORE
M0001810,1,49,13,2025-04-21,,GOLD,321185,1,1,APP
M0001811,1,30,37,2025-12-15,2025-12-31,BRONZE,41392,1,0,STORE
M0001812,1,48,01,2015-05-07,,SILVER,196024,1,1,APP
M0001813,2,53,12,2015-12-01,,PLATINUM,844023,1,1,WEB
M0001814,1,79,11,2023-10-02,,BRONZE,8603,1,1,APP
M0001815,2,64,40,2019-03-17,,BRONZE,43357,1,1,APP
M0001816,2,43,13,2012-11-07,,GOLD,531351,0,0,WEB
M0001817,2,25,13,2018-10-16,,BRONZE,76956,0,1,WEB
M0001818,2,68,11,2022-09-01,,SILVER,123571,1,1,APP
M0001819,2,34,27,2016-06-16,,BRONZE,47709,0,1,WEB
M0001820,2,29,13,2019-11-05,2021-03-29,BRONZE,95285,0,0,WEB
M0001821,2,33,28,2022-05-25,,PLATINUM,774315,1,1,WEB
M0001822,2,19,11,2011-12-04,,BRONZE,101864,0,1,WEB
M0001823,2,32,11,2025-08-06,,BRONZE,49441,1,1,WEB
M0001824,2,36,19,2011-01-09,2020-12-02,BRONZE,24890,0,1,APP
M0001825,2,52,01,2011-10-28,,BRONZE,107345,1,1,WEB
M0001826,1,33,13,2014-10-10,,BRONZE,93175,0,1,STORE
M0001827,2,18,17,2010-04-27,,SILVER,170329,0,1,PHONE
M0001828,2,38,23,2020-07-09,,BRONZE,68463,1,1,PHONE
M0001829,2,44,23,2018-05-28,,BRONZE,34636,1,0,STORE
M0001830,2,41,34,2015-10-06,,BRONZE,65143,0,1,WEB
M0001831,2,31,13,2025-10-19,,GOLD,434751,1,0,WEB
M0001832,9,32,01,2014-05-04,,BRONZE,40206,1,1,STORE
M0001833,2,47,14,2024-01-26,,GOLD,675320,0,1,APP
M0001834,1,64,13,2019-04-24,,PLATINUM,757227,0,0,WEB
M0001835,1,27,11,2021-01-31,,BRONZE,29917,1,1,WEB
M0001836,1,42,14,2025-03-29,,BRONZE,64292,1,0,WEB
M0001837,1,56,13,2014-01-24,,SILVER,97049,0,1,STORE
M0001838,1,27,23,2011-12-14,2018-06-08,BRONZE,25300,0,1,WEB
M0001839,2,40,14,2022-09-07,,GOLD,478055,1,1,PHONE
M0001840,2,39,11,2020-04-24,,PLATINUM,813171,1,1,STORE
M0001841,1,18,13,2013-02-27,,SILVER,131288,1,1,APP
M0001842,2,43,40,2024-08-07,2025-12-31,BRONZE,84871,1,1,APP
M0001843,1,41,11,2021-06-26,,BRONZE,60893,1,1,APP
M0001844,2,49,11,2018-08-29,,BRONZE,46247,1,1,WEB
M0001845,1,20,08,2012-02-12,,BRONZE,38852,1,1,APP
M0001846,2,40,47,2025-06-05,,GOLD,843348,0,0,STORE
M0001847,1,63,13,2018-05-28,2022-09-02,SILVER,194089,1,1,STORE
M0001848,2,75,40,2019-07-27,,SILVER,226318,1,1,APP
M0001849,1,62,30,2010-06-09,,SILVER,210270,1,1,WEB
M0001850,2,20,01,2020-10-05,,BRONZE,18872,1,0,WEB
M0001851,1,48,46,2023-05-14,,SILVER,443433,1,1,WEB
M0001852,2,32,07,2022-08-30,,GOLD,337386,1,1,STORE
M0001853,2,45,09,2016-01-12,,SILVER,148589,1,1,STORE
M0001854,2,27,13,2013-03-13,,SILVER,98151,0,1,APP
M0001855,2,54,27,2017-02-03,,BRONZE,24602,1,0,APP
M0001856,9,34,28,2018-12-18,,SILVER,173823,0,1,STORE
M0001857,1,52,23,2014-04-22,,PLATINUM,1167378,1,1,STORE
M0001858,1,45,17,2019-10-30,,SILVER,156817,0,1,WEB
M0001859,1,47,47,2024-10-16,,BRONZE,168176,1,0,STORE
M0001860,1,44,27,2011-12-04,,BRONZE,44988,1,1,STORE
M0001861,2,47,11,2013-12-11,,PLATINUM,892514,1,0,STORE
M0001862,9,49,32,2017-04-16,,SILVER,228239,1,1,STORE
M0001863,9,35,26,2012-10-11,,BRONZE,18453,0,0,STORE
M0001864,2,41,24,2022-05-01,,SILVER,179995,0,0,APP
M0001865,2,70,01,2010-12-22,,BRONZE,80840,1,1,APP
M0001866,2,42,47,2010-08-26,2014-12-20,GOLD,297460,0,0,STORE
M0001867,2,41,14,2015-08-26,,BRONZE,24410,0,1,APP
M0001868,1,42,13,2016-08-13,,BRONZE,74862,1,1,STORE
M0001869,2,36,13,2021-04-15,,BRONZE,140324,1,1,WEB
M0001870,2,33,11,2012-05-01,2019-06-11,BRONZE,42951,0,0,WEB
M0001871,1,44,22,2022-07-17,,SILVER,223351,0,1,APP
M0001872,1,31,11,2012-10-24,,SILVER,218861,1,1,STORE
M0001873,9,38,01,2025-03-07,2025-12-31,SILVER,323580,0,1,APP
M0001874,9,27,14,2018-03-15,,BRONZE,112443,0,0,STORE
M0001875,2,42,08,2022-04-08,,GOLD,346479,0,1,WEB
M0001876,2,50,13,2010-06-22,,GOLD,579740,1,1,STORE
M0001877,1,36,23,2021-06-21,,SILVER,206410,1,0,STORE
M0001878,1,59,27,2016-10-19,,SILVER,230190,1,1,APP
M0001879,2,50,11,2018-01-13,,BRONZE,83572,1,1,APP
M0001880,2,42,11,2010-05-31,,GOLD,589431,1,0,WEB
M0001881,2,23,01,2019-12-08,,BRONZE,120323,0,1,STORE
M0001882,2,53,23,2024-10-22,,GOLD,268918,1,1,APP
M0001883,1,16,45,2025-12-04,,BRONZE,52596,0,1,APP
M0001884,2,58,35,2024-02-16,,BRONZE,34535,0,0,STORE
M0001885,1,39,14,2021-06-25,,BRONZE,11634,0,1,WEB
M0001886,1,31,13,2013-05-21,,PLATINUM,637070,1,0,WEB
M0001887,1,43,13,2015-11-27,,SILVER,506298,0,1,STORE
M0001888,1,33,27,2011-01-20,,BRONZE,28720,0,1,APP
M0001889,2,31,27,2013-08-07,,GOLD,320547,1,0,PHONE
M0001890,1,27,34,2014-01-04,,SILVER,91620,0,1,WEB
M0001891,1,38,38,2020-09-02,,GOLD,505027,0,1,STORE
M0001892,2,32,27,2010-06-15,2014-06-13,GOLD,740557,0,0,APP
M0001893,2,40,17,2024-11-14,,GOLD,339788,1,1,WEB
M0001894,1,62,26,2021-10-04,2025-12-31,BRONZE,29903,0,1,STORE
M0001895,1,36,40,2020-10-05,,PLATINUM,558485,1,0,WEB
M0001896,1,28,32,2019-03-08,2025-12-31,SILVER,227601,0,1,STORE
M0001897,2,21,46,2014-01-22,,BRONZE,80138,0,1,APP
M0001898,1,53,44,2018-09-14,,GOLD,254330,1,1,APP
M0001899,1,18,15,2020-03-14,,BRONZE,93578,1,1,APP
M0001900,1,42,40,2023-08-19,,BRONZE,23215,1,1,PHONE
M0001901,2,30,27,2020-12-04,,SILVER,196032,1,1,WEB
M0001902,1,31,47,2022-12-13,,SILVER,212711,0,1,STORE
M0001903,2,21,27,2017-04-23,,SILVER,222039,0,1,WEB
M0001904,1,29,11,2016-07-17,,SILVER,136858,0,0,WEB
M0001905,2,40,27,2022-06-30,,PLATINUM,611141,0,0,APP
M0001906,1,44,23,2019-10-07,,BRONZE,117692,1,1,APP
M0001907,1,27,13,2016-04-21,,BRONZE,29097,0,1,WEB
M0001908,1,38,22,2017-01-25,,BRONZE,27901,0,1,APP
M0001909,2,55,23,2018-11-27,,PLATINUM,601827,0,1,WEB
M0001910,2,29,40,2019-12-26,,BRONZE,18982,0,1,WEB
M0001911,1,40,40,2015-10-09,,BRONZE,63336,1,1,WEB
M0001912,1,24,28,2012-06-04,,GOLD,537737,0,1,WEB
M0001913,2,22,19,2024-05-16,,SILVER,124887,0,1,APP
M0001914,2,44,36,2014-10-20,,BRONZE,33183,1,0,APP
M0001915,1,31,29,2012-08-03,,PLATINUM,1014470,1,1,APP
M0001916,1,19,11,2014-01-12,,BRONZE,100283,0,0,STORE
M0001917,2,63,26,2023-11-26,,SILVER,254768,1,1,WEB
M0001918,2,56,23,2012-09-05,,BRONZE,26479,1,1,WEB
M0001919,2,50,12,2021-02-26,,SILVER,192077,1,1,PHONE
M0001920,9,15,03,2016-08-15,,BRONZE,58434,0,1,WEB
M0001921,2,50,40,2019-09-21,2023-07-31,GOLD,223623,1,1,STORE
M0001922,1,35,23,2021-08-16,,SILVER,128494,1,1,APP
M0001923,2,66,05,2013-07-23,,BRONZE,18190,0,1,STORE
M0001924,1,50,14,2016-05-03,2021-05-08,GOLD,558484,1,0,PHONE
M0001925,1,45,15,2022-08-27,,GOLD,189013,1,1,PHONE
M0001926,1,23,14,2025-09-21,,SILVER,246116,0,0,APP
M0001927,1,48,28,2023-08-25,,SILVER,284865,1,1,STORE
M0001928,2,18,26,2014-11-01,,SILVER,179581,0,0,APP
M0001929,1,62,13,2013-10-18,,SILVER,216318,1,1,APP
M0001930,1,47,27,2025-03-03,,GOLD,428845,1,1,APP
M0001931,2,26,28,2020-12-27,,BRONZE,102960,0,0,WEB
M0001932,2,54,13,2013-02-05,,BRONZE,54272,0,0,WEB
M0001933,2,78,27,2020-05-09,,GOLD,273495,1,1,STORE
M0001934,2,36,15,2015-02-18,,PLATINUM,777206,1,1,STORE
M0001935,2,49,13,2012-07-03,,BRONZE,61381,1,1,STORE
M0001936,1,33,01,2012-08-16,2019-07-16,BRONZE,38905,0,0,APP
M0001937,2,41,13,2016-01-20,,GOLD,329068,1,1,APP
M0001938,2,61,13,2013-10-22,,PLATINUM,780950,1,0,WEB
M0001939,1,40,40,2022-07-24,,SILVER,274683,1,1,WEB
M0001940,1,41,44,2012-07-07,,SILVER,197785,1,1,APP
M0001941,1,71,28,2012-12-30,,BRONZE,31784,1,0,STORE
M0001942,2,36,14,2019-12-31,,PLATINUM,1328089,1,0,WEB
M0001943,1,35,40,2016-12-12,,SILVER,241496,0,1,WEB
M0001944,1,62,28,2013-03-18,,SILVER,96875,1,1,WEB
M0001945,2,36,01,2011-02-09,,GOLD,800354,0,1,WEB
M0001946,2,37,27,2011-05-13,,GOLD,435247,0,1,WEB
M0001947,1,26,27,2014-08-30,,BRONZE,70793,1,1,PHONE
M0001948,2,24,23,2014-04-06,2018-04-03,BRONZE,141859,0,1,PHONE
M0001949,1,42,12,2019-04-17,,BRONZE,23981,1,1,WEB
M0001950,2,29,24,2020-11-08,,GOLD,420715,1,1,APP
M0001951,9,23,01,2012-08-25,,SILVER,149184,0,1,APP
M0001952,1,42,05,2016-11-09,,SILVER,334941,0,0,STORE
M0001953,2,27,23,2017-06-18,,BRONZE,39393,0,1,STORE
M0001954,9,32,28,2012-07-01,,BRONZE,32564,0,1,WEB
M0001955,2,32,12,2017-10-27,,BRONZE,17353,0,0,APP
M0001956,9,39,27,2011-01-06,,PLATINUM,716264,1,1,WEB
M0001957,2,31,39,2014-12-27,,BRONZE,17201,0,1,STORE
M0001958,1,22,14,2021-09-02,,GOLD,324855,0,1,STORE
M0001959,2,41,01,2013-11-30,,BRONZE,29942,1,1,APP
M0001960,2,58,28,2021-04-07,,BRONZE,37897,1,0,APP
M0001961,2,42,30,2011-09-16,,BRONZE,134732,1,1,STORE
M0001962,1,30,13,2017-05-21,,BRONZE,99937,0,1,WEB
M0001963,2,38,34,2024-06-07,,SILVER,620496,0,1,STORE
M0001964,1,36,13,2018-06-12,,BRONZE,28155,1,1,STORE
M0001965,2,38,13,2023-01-24,,SILVER,219917,1,0,STORE
M0001966,1,33,31,2013-11-06,,BRONZE,85885,1,1,STORE
M0001967,2,24,27,2012-12-20,,PLATINUM,757911,0,0,WEB
M0001968,2,27,01,2017-10-07,,BRONZE,28574,1,1,STORE
M0001969,2,33,11,2013-12-19,,GOLD,330977,0,0,WEB
M0001970,2,57,39,2021-08-28,,GOLD,934778,1,1,STORE
M0001971,1,59,19,2015-08-19,,PLATINUM,1151260,1,1,APP
M0001972,9,24,14,2022-05-06,,SILVER,105270,0,1,STORE
M0001973,2,31,24,2010-07-24,,SILVER,173179,0,1,APP
M0001974,1,32,27,2015-06-13,2022-12-23,SILVER,100070,1,0,WEB
M0001975,1,54,01,2013-11-20,,GOLD,387029,0,1,WEB
M0001976,1,42,16,2020-11-11,,GOLD,944972,0,1,WEB
M0001977,2,42,06,2013-04-18,,SILVER,289232,0,0,WEB
M0001978,2,49,12,2017-10-14,,SILVER,211573,1,1,WEB
M0001979,2,30,25,2015-10-07,,PLATINUM,729484,1,1,APP
M0001980,1,63,28,2021-10-30,2025-12-31,BRONZE,39966,1,1,PHONE
M0001981,2,40,38,2015-12-03,,SILVER,128229,1,0,WEB
M0001982,1,25,13,2021-01-19,2024-03-10,BRONZE,62719,0,1,WEB
M0001983,2,36,14,2011-06-06,,BRONZE,218990,1,1,WEB
M0001984,1,61,19,2022-01-03,,SILVER,159743,1,0,APP
M0001985,2,33,14,2020-03-22,2025-12-31,BRONZE,60352,0,0,APP
M0001986,2,56,11,2012-08-21,,BRONZE,17768,1,0,PHONE
M0001987,1,29,18,2011-09-28,,GOLD,323442,0,1,PHONE
M0001988,2,27,23,2015-02-26,,BRONZE,84180,0,1,WEB
M0001989,9,51,27,2025-10-22,,SILVER,294256,1,1,WEB
M0001990,1,25,13,2014-03-29,,BRONZE,110837,0,0,WEB
M0001991,1,54,14,2017-08-05,,PLATINUM,1384906,1,0,STORE
M0001992,2,46,14,2017-02-25,,BRONZE,93134,0,1,APP
M0001993,1,25,13,2014-09-20,,GOLD,453290,0,0,APP
M0001994,1,39,26,2017-06-09,,BRONZE,24930,0,1,WEB
M0001995,2,31,14,2012-10-22,,BRONZE,54546,1,1,STORE
M0001996,2,46,21,2020-09-04,,BRONZE,49377,0,0,APP
M0001997,1,72,45,2012-07-23,,BRONZE,146667,0,0,WEB
M0001998,1,34,14,2019-02-11,,GOLD,371656,0,0,WEB
M0001999,2,49,44,2015-02-02,,SILVER,212092,0,1,APP
M0002000,2,40,27,2019-04-12,,BRONZE,76995,1,0,STORE
M0002001,2,40,12,2018-10-07,,SILVER,146577,1,1,WEB
M0002002,1,37,47,2020-02-17,,SILVER,344872,1,1,APP
M0002003,9,25,22,2019-09-08,,SILVER,245533,1,1,PHONE
M0002004,2,46,27,2014-05-14,2016-06-04,GOLD,326311,0,1,APP
M0002005,1,35,27,2019-05-31,,SILVER,141058,0,1,STORE
M0002006,2,25,27,2013-08-14,,GOLD,417235,1,1,APP
M0002007,2,57,41,2016-03-17,2018-05-24,SILVER,209440,1,0,APP
M0002008,1,42,27,2013-06-11,,BRONZE,166288,1,0,STORE
M0002009,1,36,23,2018-07-21,,BRONZE,30431,1,1,WEB
M0002010,2,63,14,2022-06-22,,GOLD,744433,0,1,PHONE
M0002011,1,33,40,2019-09-07,,BRONZE,42962,0,1,STORE
M0002012,1,62,40,2011-07-23,2018-05-27,BRONZE,29172,1,1,WEB
M0002013,1,25,14,2011-03-26,,GOLD,753172,0,1,WEB
M0002014,1,44,01,2015-01-22,,BRONZE,99198,1,1,WEB
M0002015,1,30,11,2019-06-02,,BRONZE,111023,0,1,STORE
M0002016,2,24,11,2014-06-26,,GOLD,363546,1,1,WEB
M0002017,1,62,23,2025-12-03,,BRONZE,55872,1,0,STORE
M0002018,1,72,14,2019-06-22,,SILVER,61067,1,0,WEB
M0002019,2,36,16,2024-04-21,,BRONZE,53430,1,0,PHONE
M0002020,1,46,23,2024-10-14,,SILVER,235506,1,1,STORE
M0002021,2,41,23,2011-07-16,,GOLD,260490,1,1,STORE
M0002022,1,69,27,2024-01-22,,BRONZE,56939,1,0,APP
M0002023,1,44,13,2010-10-25,,GOLD,511852,1,0,PHONE
M0002024,1,46,22,2011-09-08,,SILVER,836541,1,0,WEB
M0002025,2,28,30,2018-08-24,,GOLD,364183,1,0,APP
M0002026,1,27,27,2018-08-23,2024-07-17,BRONZE,18996,1,1,WEB
M0002027,2,34,40,2020-05-17,,GOLD,305886,1,0,STORE
M0002028,1,71,14,2010-08-06,,PLATINUM,1126012,1,0,STORE
M0002029,2,29,04,2011-09-22,,SILVER,356860,0,1,WEB
M0002030,2,53,27,2022-09-05,,GOLD,580979,1,1,APP
M0002031,1,60,45,2019-06-19,2021-01-05,BRONZE,37493,1,1,WEB
M0002032,2,40,13,2015-12-30,2022-08-15,SILVER,189791,1,1,APP
M0002033,1,42,45,2012-11-30,,SILVER,233784,1,1,WEB
M0002034,1,36,13,2013-06-09,,BRONZE,39664,1,1,WEB
M0002035,1,28,14,2014-11-29,,SILVER,270958,0,1,APP
M0002036,2,55,27,2017-09-30,,BRONZE,49526,1,1,WEB
M0002037,2,41,27,2023-01-10,,PLATINUM,1142319,1,0,STORE
M0002038,1,46,47,2016-12-17,,GOLD,269608,1,1,WEB
M0002039,2,42,11,2016-12-31,2025-01-10,GOLD,469090,1,0,WEB
M0002040,2,77,13,2025-02-02,,SILVER,195923,1,1,PHONE
M0002041,1,33,46,2011-06-29,,GOLD,538003,1,1,WEB
M0002042,2,67,27,2010-07-13,,BRONZE,26926,1,1,WEB
M0002043,2,42,13,2025-11-20,,SILVER,194633,1,0,APP
M0002044,2,69,13,2025-03-14,2025-12-31,BRONZE,23453,1,1,STORE
M0002045,9,19,11,2016-06-16,2019-03-21,SILVER,55489,1,0,WEB
M0002046,1,43,37,2013-10-01,2017-12-10,BRONZE,16337,1,0,WEB
M0002047,1,33,13,2011-12-20,,GOLD,585710,1,0,WEB
M0002048,2,42,09,2012-04-27,,BRONZE,67659,1,0,WEB
M0002049,1,61,27,2024-04-10,2025-12-31,PLATINUM,1058904,0,1,WEB
M0002050,1,46,27,2021-11-14,,GOLD,269400,1,0,STORE
M0002051,9,61,06,2023-07-07,2025-09-27,SILVER,147171,1,1,WEB
M0002052,1,29,15,2018-05-12,,BRONZE,19141,0,1,APP
M0002053,2,26,28,2020-07-11,,SILVER,152897,0,0,APP
M0002054,2,40,27,2024-05-01,,GOLD,878317,0,1,STORE
M0002055,1,39,13,2015-09-21,,SILVER,196086,1,0,WEB
M0002056,2,37,10,2018-09-07,,SILVER,141651,1,0,STORE
M0002057,9,24,01,2014-08-12,2020-01-18,GOLD,400519,0,0,WEB
M0002058,2,60,11,2018-02-01,,BRONZE,100650,1,1,WEB
M0002059,1,34,27,2013-05-26,,SILVER,279087,0,1,STORE
M0002060,1,64,17,2013-04-19,,GOLD,378409,1,0,PHONE
M0002061,2,40,13,2015-09-19,,BRONZE,62726,1,1,WEB
M0002062,1,51,12,2025-03-13,,GOLD,261935,1,0,WEB
M0002063,2,49,05,2014-05-06,,SILVER,567907,1,0,WEB
M0002064,1,26,27,2020-08-19,,BRONZE,92993,0,0,WEB
M0002065,1,46,23,2019-02-22,2022-03-04,PLATINUM,700784,1,1,STORE
M0002066,2,73,23,2019-08-17,,BRONZE,22766,0,0,WEB
M0002067,2,44,01,2012-02-01,,BRONZE,184320,1,1,APP
M0002068,9,55,35,2022-08-23,2025-12-31,BRONZE,236468,1,1,PHONE
M0002069,1,52,28,2022-07-23,,PLATINUM,605125,1,0,PHONE
M0002070,2,45,13,2011-08-15,,BRONZE,51063,1,1,STORE
M0002071,2,43,14,2016-04-21,,BRONZE,65853,1,0,WEB
M0002072,1,49,01,2023-11-12,,BRONZE,49554,1,1,APP
M0002073,1,53,14,2013-10-19,,SILVER,335537,1,1,APP
M0002074,2,17,18,2018-01-03,2020-01-17,BRONZE,70844,0,1,WEB
M0002075,1,44,27,2023-03-29,,BRONZE,87085,1,1,STORE
M0002076,2,37,13,2022-11-02,2025-12-31,SILVER,198995,1,0,WEB
M0002077,9,33,27,2016-03-12,,SILVER,439222,1,0,APP
M0002078,1,62,33,2021-05-27,,SILVER,280569,1,0,APP
M0002079,1,28,04,2024-11-22,,SILVER,296512,1,0,WEB
M0002080,1,16,23,2017-03-22,2020-02-02,SILVER,108237,0,0,WEB
M0002081,1,54,14,2025-08-02,,GOLD,320102,1,1,WEB
M0002082,1,16,37,2022-04-26,2025-12-31,SILVER,134017,0,1,WEB
M0002083,2,25,34,2020-05-13,,SILVER,275754,0,1,STORE
M0002084,1,55,40,2021-07-13,,BRONZE,14429,0,1,PHONE
M0002085,2,43,16,2012-12-31,,PLATINUM,824132,0,0,WEB
M0002086,1,48,37,2010-01-22,,GOLD,385635,1,1,WEB
M0002087,1,32,14,2023-03-29,,SILVER,605103,1,0,STORE
M0002088,1,16,14,2021-05-07,,BRONZE,19623,0,0,STORE
M0002089,2,20,28,2025-01-03,,BRONZE,52657,0,1,WEB
M0002090,2,35,40,2018-02-21,,PLATINUM,888896,1,1,APP
M0002091,1,18,17,2016-03-03,,BRONZE,68750,0,1,WEB
M0002092,2,45,23,2023-06-07,2025-12-31,SILVER,422360,1,0,WEB
M0002093,2,32,27,2025-01-24,,BRONZE,55511,0,1,APP
M0002094,1,43,14,2022-12-15,,BRONZE,15246,1,1,APP
M0002095,2,43,03,2023-03-27,,BRONZE,73820,1,1,STORE
M0002096,1,47,13,2012-09-24,,SILVER,276778,1,1,WEB
M0002097,1,48,14,2023-11-24,,BRONZE,179364,0,1,PHONE
M0002098,2,34,13,2010-05-08,,BRONZE,10022,0,1,WEB
M0002099,1,43,24,2022-02-01,2025-12-31,SILVER,223062,1,1,STORE
M0002100,1,44,13,2013-02-21,,SILVER,301403,1,1,PHONE
M0002101,2,50,13,2010-08-29,,SILVER,268907,0,1,APP
M0002102,1,51,20,2021-11-10,,PLATINUM,642776,1,0,STORE
M0002103,2,43,13,2015-06-07,,BRONZE,96499,1,1,STORE
M0002104,2,50,04,2023-12-11,,SILVER,442862,1,1,WEB
M0002105,2,18,40,2014-07-11,,BRONZE,144221,0,0,APP
M0002106,2,35,25,2021-03-18,,BRONZE,96787,1,1,PHONE
M0002107,2,21,27,2020-04-19,,GOLD,351825,0,1,APP
M0002108,9,53,13,2023-02-17,,BRONZE,47253,1,1,STORE
M0002109,1,16,27,2023-10-12,,SILVER,83372,0,1,PHONE
M0002110,1,24,39,2019-05-25,,BRONZE,74940,0,0,WEB
M0002111,2,49,25,2015-07-15,,BRONZE,47059,0,0,WEB
M0002112,2,29,14,2018-02-08,,GOLD,510263,0,1,APP
M0002113,1,24,27,2019-08-19,,SILVER,167545,0,1,PHONE
M0002114,2,55,13,2025-07-11,,SILVER,300898,1,1,PHONE
M0002115,1,56,27,2012-10-04,,BRONZE,73072,0,1,STORE
M0002116,2,52,27,2011-04-16,,BRONZE,53003,1,1,PHONE
M0002117,1,54,34,2017-06-07,,SILVER,419969,1,1,STORE
M0002118,1,36,13,2016-09-28,2022-04-15,BRONZE,54051,1,0,APP
M0002119,1,37,33,2024-05-31,,BRONZE,29333,1,1,STORE
M0002120,1,29,13,2014-06-13,,GOLD,386063,0,1,WEB
M0002121,1,43,25,2012-05-16,2018-12-19,BRONZE,36151,0,1,WEB
M0002122,1,31,11,2011-12-15,,SILVER,546798,1,1,STORE
M0002123,1,33,13,2024-04-21,,PLATINUM,983242,1,1,APP
M0002124,1,50,21,2019-09-09,,GOLD,793517,0,1,STORE
M0002125,1,60,27,2025-08-13,,BRONZE,155916,1,1,STORE
M0002126,1,47,33,2014-03-19,,GOLD,382116,1,1,STORE
M0002127,1,71,16,2011-04-21,,SILVER,84492,1,1,WEB
M0002128,1,28,45,2017-05-29,,GOLD,480391,1,1,PHONE
M0002129,1,44,26,2012-10-07,,BRONZE,32400,0,1,WEB
M0002130,1,52,27,2012-03-09,,PLATINUM,1310229,1,1,STORE
M0002131,1,27,40,2024-02-14,,GOLD,700618,1,1,WEB
M0002132,2,35,06,2016-03-29,,BRONZE,12718,1,1,STORE
M0002133,9,33,14,2011-02-14,,BRONZE,585694,1,1,WEB
M0002134,2,25,28,2013-03-16,,BRONZE,36834,0,1,WEB
M0002135,2,41,27,2015-11-15,,BRONZE,41432,1,1,WEB
M0002136,2,33,02,2024-05-08,,BRONZE,37734,0,1,APP
M0002137,1,33,14,2020-03-18,,BRONZE,50561,1,1,WEB
M0002138,2,42,13,2018-05-11,,SILVER,143932,0,1,PHONE
M0002139,2,61,44,2019-04-29,,SILVER,169233,0,0,WEB
M0002140,2,52,29,2022-10-17,,BRONZE,29389,1,1,PHONE
M0002141,2,36,14,2013-02-06,,BRONZE,141830,1,1,STORE
M0002142,1,50,13,2017-10-09,,BRONZE,43481,1,1,APP
M0002143,2,42,10,2016-03-07,2021-07-19,BRONZE,24050,1,1,WEB
M0002144,2,38,27,2010-09-05,,SILVER,110932,0,0,WEB
M0002145,1,40,01,2018-10-25,,BRONZE,6712,0,0,STORE
M0002146,2,43,19,2021-02-10,,BRONZE,107602,1,1,PHONE
M0002147,1,28,27,2020-08-28,,BRONZE,36728,0,1,PHONE
M0002148,9,37,14,2010-10-07,,SILVER,474283,0,0,APP
M0002149,2,60,13,2016-04-26,,PLATINUM,1094444,1,1,APP
M0002150,1,28,14,2016-04-27,,GOLD,356918,0,1,PHONE
M0002151,2,22,01,2012-06-28,,BRONZE,52032,0,0,APP
M0002152,1,39,13,2018-10-02,,SILVER,219411,1,0,WEB
M0002153,2,21,42,2018-07-01,,SILVER,296687,0,1,WEB
M0002154,2,59,08,2022-06-24,,BRONZE,26094,1,1,STORE
M0002155,2,34,27,2022-03-21,,GOLD,257339,1,0,PHONE
M0002156,2,65,23,2024-05-18,,BRONZE,45384,1,0,WEB
M0002157,1,39,40,2016-10-17,,BRONZE,49054,1,1,PHONE
M0002158,1,43,40,2013-04-11,,GOLD,376665,1,1,PHONE
M0002159,1,33,28,2018-08-30,,BRONZE,95263,1,0,WEB
M0002160,1,47,13,2020-08-13,,SILVER,188796,1,1,WEB
M0002161,1,42,27,2015-05-02,2018-08-17,GOLD,640466,1,0,STORE
M0002162,1,29,13,2017-07-11,,BRONZE,56143,0,1,WEB
M0002163,1,43,13,2024-09-11,,PLATINUM,813333,1,1,APP
M0002164,1,43,12,2022-04-13,,BRONZE,22782,0,1,WEB
M0002165,2,22,47,2019-10-03,,SILVER,202396,0,1,WEB
M0002166,1,46,12,2025-01-14,,BRONZE,268733,1,0,WEB
M0002167,2,60,46,2010-03-25,2012-09-13,SILVER,104304,1,1,APP
M0002168,1,36,28,2018-07-12,2025-12-31,BRONZE,67777,1,0,PHONE
M0002169,1,25,14,2014-04-05,,SILVER,121479,1,1,WEB
M0002170,2,37,32,2014-08-03,,SILVER,122630,1,1,WEB
M0002171,1,55,13,2022-07-18,,BRONZE,25806,0,1,APP
M0002172,1,19,13,2022-10-11,,GOLD,365565,0,1,PHONE
M0002173,2,50,42,2017-10-11,,GOLD,582715,0,1,PHONE
M0002174,1,28,12,2018-06-06,2025-12-31,SILVER,87615,0,0,APP
M0002175,1,44,39,2019-08-07,,SILVER,344581,0,1,WEB
M0002176,2,30,13,2024-02-13,,BRONZE,57077,0,1,WEB
M0002177,1,30,18,2010-05-09,,BRONZE,65745,1,1,WEB
M0002178,2,66,27,2019-01-22,,BRONZE,59643,1,1,WEB
M0002179,1,16,14,2011-02-02,,BRONZE,45135,0,1,STORE
M0002180,9,48,35,2024-12-29,,BRONZE,59369,1,1,WEB
M0002181,2,69,40,2013-10-25,,BRONZE,80793,1,0,PHONE
M0002182,9,52,03,2010-04-13,,SILVER,204764,0,1,STORE
M0002183,2,17,34,2022-12-13,,BRONZE,58256,0,1,APP
M0002184,1,18,32,2021-10-28,,BRONZE,67451,0,1,PHONE
M0002185,2,27,13,2024-06-04,2025-12-31,SILVER,349968,0,1,WEB
M0002186,1,43,13,2015-07-19,,BRONZE,14417,1,1,WEB
M0002187,2,44,37,2014-06-05,2015-12-07,SILVER,194622,1,1,WEB
M0002188,2,18,28,2020-09-12,,GOLD,210408,0,0,APP
M0002189,1,25,23,2025-02-18,,BRONZE,14850,0,0,WEB
M0002190,2,26,13,2025-01-29,,BRONZE,28697,0,0,STORE
M0002191,1,37,13,2016-05-23,,GOLD,233161,0,1,STORE
M0002192,2,74,42,2020-06-18,,SILVER,307889,1,1,STORE
M0002193,2,24,11,2023-03-27,,SILVER,265750,0,1,PHONE
M0002194,1,23,20,2021-12-02,2025-12-31,SILVER,155214,1,1,WEB
M0002195,2,21,27,2019-08-11,,GOLD,448690,0,1,STORE
M0002196,2,51,27,2012-07-12,2014-04-02,BRONZE,42019,1,1,WEB
M0002197,1,39,28,2020-02-09,,BRONZE,29373,1,1,WEB
M0002198,2,25,33,2012-09-23,,SILVER,227727,0,1,STORE
M0002199,1,34,14,2017-03-22,,BRONZE,24556,0,0,STORE
M0002200,2,27,14,2019-03-06,,SILVER,245951,0,1,WEB
M0002201,1,45,28,2010-06-03,,GOLD,511573,1,1,STORE
M0002202,2,86,13,2016-11-21,,SILVER,252151,1,0,PHONE
M0002203,2,49,40,2015-01-06,,BRONZE,59100,0,1,WEB
M0002204,1,38,28,2011-10-12,2017-10-13,SILVER,202882,1,1,WEB
M0002205,1,29,13,2020-05-11,,GOLD,308439,1,1,APP
M0002206,2,17,12,2021-08-27,,BRONZE,18999,0,0,APP
M0002207,2,52,13,2024-04-19,,SILVER,246505,1,0,STORE
M0002208,1,52,08,2021-03-08,,BRONZE,9296,1,1,WEB
M0002209,1,32,21,2012-12-05,,GOLD,281253,1,1,WEB
M0002210,1,61,26,2011-06-20,,BRONZE,16424,1,1,WEB
M0002211,9,40,03,2023-02-27,,SILVER,98578,1,1,PHONE
M0002212,2,53,28,2010-10-12,,SILVER,132698,1,1,WEB
M0002213,2,45,14,2016-02-01,,BRONZE,32629,1,1,APP
M0002214,2,37,11,2016-01-23,,GOLD,416463,1,0,STORE
M0002215,2,24,13,2012-11-27,,GOLD,349537,0,0,APP
M0002216,1,38,07,2020-02-16,,BRONZE,41731,0,1,WEB
M0002217,1,54,13,2022-04-29,,BRONZE,93795,1,1,STORE
M0002218,2,31,40,2024-04-19,,SILVER,142837,1,0,STORE
M0002219,2,47,23,2017-07-06,,BRONZE,67776,1,1,APP
M0002220,1,22,12,2016-12-14,,BRONZE,9828,0,0,PHONE
M0002221,1,53,14,2013-04-02,,BRONZE,138217,1,1,APP
M0002222,2,45,11,2011-05-07,,BRONZE,43489,1,1,STORE
M0002223,1,20,28,2023-06-14,2025-12-31,SILVER,213541,0,0,WEB
M0002224,1,36,38,2023-06-13,,BRONZE,52480,0,1,STORE
M0002225,2,56,03,2025-09-12,,BRONZE,54428,1,1,APP
M0002226,1,19,27,2011-12-31,,PLATINUM,830390,0,1,PHONE
M0002227,2,22,29,2016-09-29,,BRONZE,22021,1,0,WEB
M0002228,1,39,13,2020-03-13,,BRONZE,74174,1,1,WEB
M0002229,1,76,27,2024-02-04,,SILVER,101483,0,1,APP
M0002230,2,29,13,2016-08-13,2017-08-25,GOLD,273158,0,0,WEB
M0002231,1,48,11,2012-03-20,2021-11-25,GOLD,432715,0,1,APP
M0002232,2,44,12,2024-07-21,2025-12-31,BRONZE,12784,0,0,WEB
M0002233,1,30,23,2011-05-02,,SILVER,218188,1,1,PHONE
M0002234,2,43,22,2021-04-12,,SILVER,189868,1,1,APP
M0002235,2,32,28,2015-11-11,,SILVER,206410,1,1,STORE
M0002236,2,34,27,2010-01-01,,BRONZE,127753,0,1,WEB
M0002237,1,51,23,2018-05-31,,BRONZE,57014,1,1,STORE
M0002238,1,40,10,2015-12-19,,GOLD,249070,1,0,WEB
M0002239,1,55,23,2016-12-23,,SILVER,318051,1,1,WEB
M0002240,2,41,11,2012-11-19,,BRONZE,64476,1,1,APP
M0002241,1,59,23,2020-10-07,,SILVER,223690,1,0,WEB
M0002242,1,50,28,2014-07-15,2023-04-11,BRONZE,72288,1,1,WEB
M0002243,1,39,14,2012-06-09,,GOLD,344903,1,1,STORE
M0002244,1,29,30,2016-05-20,,BRONZE,36709,0,1,PHONE
M0002245,1,32,27,2013-01-01,,BRONZE,121733,1,0,APP
M0002246,1,15,13,2018-08-30,2024-09-21,SILVER,127276,0,1,STORE
M0002247,1,35,15,2018-07-09,,BRONZE,30095,1,0,WEB
M0002248,2,42,29,2022-10-10,,BRONZE,24819,1,0,WEB
M0002249,1,69,12,2025-09-03,,BRONZE,47173,1,1,APP
M0002250,1,49,11,2011-05-21,,GOLD,263038,1,1,WEB
M0002251,2,25,45,2010-08-07,,PLATINUM,903200,0,1,STORE
M0002252,2,16,40,2017-01-21,2025-06-24,SILVER,176440,0,0,PHONE
M0002253,1,36,40,2011-01-28,,GOLD,426074,1,1,STORE
M0002254,2,54,01,2023-08-12,,GOLD,344564,0,1,PHONE
M0002255,9,36,11,2022-12-05,,GOLD,763728,1,0,APP
M0002256,2,49,28,2016-11-30,,BRONZE,19060,1,1,APP
M0002257,2,37,44,2025-05-17,,BRONZE,33637,1,1,STORE
M0002258,2,52,27,2018-04-23,,SILVER,462120,0,1,WEB
M0002259,1,28,13,2018-09-23,,PLATINUM,774103,0,0,WEB
M0002260,1,67,11,2022-06-17,,GOLD,427434,0,1,WEB
M0002261,2,21,23,2018-10-26,,BRONZE,48011,0,0,APP
M0002262,9,53,07,2021-05-29,,GOLD,263331,1,1,STORE
M0002263,2,35,42,2013-10-31,,BRONZE,83643,1,1,STORE
M0002264,1,38,05,2018-02-28,2024-03-28,SILVER,211502,1,1,WEB
M0002265,2,36,46,2022-12-18,,GOLD,640862,0,1,WEB
M0002266,1,44,27,2025-06-22,,BRONZE,48707,1,1,APP
M0002267,2,48,27,2013-01-28,,SILVER,108465,1,0,WEB
M0002268,2,58,14,2010-07-31,,BRONZE,26550,1,1,WEB
M0002269,2,64,20,2019-07-01,2022-07-17,PLATINUM,851354,1,1,STORE
M0002270,2,46,27,2010-11-15,,BRONZE,39487,1,1,APP
M0002271,2,69,27,2020-12-02,,SILVER,88072,1,1,WEB
M0002272,2,42,40,2016-11-02,2025-12-31,BRONZE,31324,1,1,WEB
M0002273,2,58,14,2022-10-23,,BRONZE,46696,1,0,APP
M0002274,2,47,12,2012-07-11,2014-09-21,BRONZE,32390,0,1,STORE
M0002275,2,31,34,2010-09-26,,BRONZE,25227,1,0,WEB
M0002276,1,43,13,2013-06-19,,BRONZE,23121,1,1,APP
M0002277,2,49,28,2011-01-05,,BRONZE,13807,1,1,WEB
M0002278,1,39,13,2012-05-27,,GOLD,411278,1,0,WEB
M0002279,2,47,27,2022-02-14,,BRONZE,106582,0,1,STORE
M0002280,2,55,14,2021-01-29,,SILVER,173840,1,1,PHONE
M0002281,1,40,28,2019-12-14,,SILVER,113081,0,0,STORE
M0002282,1,54,28,2016-09-27,,GOLD,602276,1,1,WEB
M0002283,1,69,12,2013-07-30,,BRONZE,70145,0,1,STORE
M0002284,2,35,24,2023-05-07,,BRONZE,21159,1,1,WEB
M0002285,1,26,27,2024-01-09,,BRONZE,78851,1,0,WEB
M0002286,1,21,15,2014-01-03,,BRONZE,41204,0,1,WEB
M0002287,2,34,02,2024-05-06,,SILVER,60474,0,1,STORE
M0002288,2,30,13,2019-12-23,2025-12-31,SILVER,172776,1,1,PHONE
M0002289,1,27,14,2015-07-14,,GOLD,265297,0,1,APP
M0002290,1,28,13,2013-06-01,,GOLD,566024,0,1,APP
M0002291,9,49,13,2019-06-14,,GOLD,1010502,0,0,WEB
M0002292,2,75,14,2010-03-26,,BRONZE,17204,0,1,STORE
M0002293,2,54,27,2015-01-23,,SILVER,241927,1,1,WEB
M0002294,1,59,35,2021-01-09,,BRONZE,23967,1,0,STORE
M0002295,1,34,35,2017-12-13,,GOLD,562211,0,1,APP
M0002296,1,42,28,2012-04-30,,SILVER,399517,0,0,WEB
M0002297,2,47,10,2012-07-19,2021-11-24,SILVER,198247,1,1,APP
M0002298,1,29,47,2021-02-06,2025-12-31,SILVER,233508,0,1,APP
M0002299,1,33,40,2023-05-26,,SILVER,258820,1,1,APP
M0002300,2,55,23,2021-01-19,,SILVER,208456,1,0,APP
M0002301,2,59,12,2012-07-07,,GOLD,351128,1,0,WEB
M0002302,2,41,38,2020-09-09,,BRONZE,45046,1,0,PHONE
M0002303,2,20,21,2014-06-06,,GOLD,564066,1,1,WEB
M0002304,2,35,13,2019-06-22,,BRONZE,84003,1,0,STORE
M0002305,1,15,07,2019-06-14,2025-12-31,BRONZE,53050,0,1,APP
M0002306,1,41,27,2024-02-28,,BRONZE,34293,1,1,APP
M0002307,2,44,27,2023-03-16,2025-12-31,BRONZE,68959,1,1,APP
M0002308,1,35,28,2011-03-19,,BRONZE,44619,0,0,WEB
M0002309,2,44,06,2010-01-01,,BRONZE,29892,1,0,APP
M0002310,2,47,13,2024-11-28,,GOLD,338614,1,1,APP
M0002311,9,44,14,2014-11-22,,SILVER,143248,0,1,STORE
M0002312,1,20,08,2011-01-21,,BRONZE,78356,0,1,WEB
M0002313,1,36,13,2013-01-22,,SILVER,592214,1,1,STORE
M0002314,1,47,30,2017-12-04,2019-07-02,PLATINUM,1204373,0,1,APP
M0002315,1,67,11,2024-03-21,,BRONZE,47396,1,1,APP
M0002316,1,35,28,2024-10-09,,BRONZE,71494,1,1,WEB
M0002317,1,49,13,2020-07-03,2023-12-07,GOLD,540074,1,0,APP
M0002318,2,55,42,2014-04-21,,BRONZE,23187,1,1,STORE
M0002319,2,37,36,2021-05-26,,GOLD,1093548,0,1,WEB
M0002320,2,60,27,2023-05-29,,PLATINUM,827305,1,1,WEB
M0002321,1,60,02,2016-07-27,,BRONZE,34753,1,1,STORE
M0002322,1,63,20,2019-06-29,2025-02-27,SILVER,103716,1,1,WEB
M0002323,1,48,13,2017-10-29,,PLATINUM,1026168,1,1,WEB
M0002324,1,80,28,2023-10-12,,BRONZE,62144,1,1,STORE
M0002325,1,30,30,2019-10-20,,BRONZE,41081,1,1,STORE
M0002326,9,76,23,2010-10-11,,BRONZE,29944,1,1,WEB
M0002327,1,53,38,2023-12-12,,SILVER,246293,1,1,APP
M0002328,1,63,13,2018-11-23,,SILVER,115104,1,1,STORE
M0002329,2,35,37,2016-11-22,,GOLD,353270,0,1,WEB
M0002330,2,54,45,2013-01-07,,BRONZE,23789,1,1,WEB
M0002331,2,64,13,2021-03-06,2025-12-31,SILVER,179872,0,0,PHONE
M0002332,1,22,11,2010-04-16,,SILVER,196353,0,1,STORE
M0002333,2,37,01,2012-10-11,2015-01-31,BRONZE,57388,0,1,APP
M0002334,1,58,35,2021-01-09,,GOLD,546525,1,1,PHONE
M0002335,1,37,13,2014-05-12,,BRONZE,23491,0,0,WEB
M0002336,2,26,14,2021-12-30,,BRONZE,64590,1,0,WEB
M0002337,2,36,21,2014-03-13,,BRONZE,24954,1,1,STORE
M0002338,1,90,40,2021-10-12,,GOLD,695325,0,0,WEB
M0002339,2,69,01,2020-11-12,,SILVER,153663,1,0,WEB
M0002340,1,16,28,2021-08-19,,GOLD,462163,0,1,WEB
M0002341,1,49,45,2021-09-26,,SILVER,109023,1,1,APP
M0002342,1,54,13,2022-10-19,,GOLD,592523,1,1,WEB
M0002343,2,34,42,2015-11-20,,SILVER,168112,1,1,APP
M0002344,1,43,28,2017-07-07,,GOLD,203008,1,1,STORE
M0002345,2,45,36,2011-02-14,2012-06-01,GOLD,303056,1,1,STORE
M0002346,1,17,13,2015-07-25,,SILVER,245595,0,1,WEB
M0002347,2,22,12,2017-05-10,,BRONZE,34546,0,1,APP
M0002348,2,43,29,2022-05-03,,PLATINUM,782040,1,1,APP
M0002349,1,42,20,2024-06-12,,SILVER,94373,1,1,APP
M0002350,1,28,13,2020-08-30,2025-12-31,SILVER,452037,1,1,WEB
M0002351,1,26,11,2012-01-19,,SILVER,209715,0,1,STORE
M0002352,2,38,13,2013-03-14,,BRONZE,150587,0,1,APP
M0002353,1,55,13,2018-07-15,,BRONZE,64591,0,1,WEB
M0002354,2,39,07,2016-12-18,,BRONZE,39232,0,0,APP
M0002355,1,68,43,2024-11-22,,SILVER,243028,1,0,APP
M0002356,2,28,12,2012-11-30,,GOLD,630076,0,1,PHONE
M0002357,2,43,13,2019-02-19,2023-03-12,SILVER,118075,1,0,STORE
M0002358,2,34,27,2022-06-18,,SILVER,185638,1,1,WEB
M0002359,9,50,40,2017-01-01,,BRONZE,91086,1,1,WEB
M0002360,1,27,13,2013-12-15,,SILVER,143354,0,1,APP
M0002361,2,73,30,2012-01-31,,BRONZE,25612,1,1,STORE
M0002362,1,58,27,2019-12-19,,SILVER,231825,0,0,WEB
M0002363,2,69,13,2020-02-05,,GOLD,334500,1,1,APP
M0002364,2,42,09,2021-10-07,,BRONZE,25070,1,0,APP
M0002365,2,49,13,2023-05-27,,SILVER,115860,1,1,WEB
M0002366,2,63,40,2025-11-12,,BRONZE,32924,1,1,STORE
M0002367,1,55,23,2012-12-31,2022-09-27,PLATINUM,643671,1,1,APP
M0002368,1,28,13,2016-12-06,,BRONZE,107888,0,1,WEB
M0002369,1,50,28,2015-03-09,,GOLD,365519,1,1,WEB
M0002370,2,72,23,2023-12-17,,SILVER,124653,0,1,PHONE
M0002371,2,25,02,2011-11-21,,PLATINUM,1219804,1,1,APP
M0002372,1,76,27,2020-08-18,,SILVER,393616,0,1,APP
M0002373,1,47,14,2015-01-16,2021-12-13,SILVER,276377,1,0,WEB
M0002374,1,33,12,2010-02-19,,SILVER,241826,1,1,PHONE
M0002375,1,25,13,2019-07-24,,SILVER,239883,0,1,STORE
M0002376,1,36,13,2016-04-05,,BRONZE,103727,0,1,STORE
M0002377,2,65,14,2021-01-19,,PLATINUM,891125,0,1,WEB
M0002378,2,33,13,2016-04-22,,SILVER,414734,1,1,WEB
M0002379,1,36,13,2013-01-16,2022-05-09,SILVER,187738,1,1,STORE
M0002380,2,22,46,2011-12-01,,BRONZE,28253,0,1,PHONE
M0002381,2,53,11,2012-11-23,,BRONZE,40987,1,0,WEB
M0002382,1,36,23,2016-12-29,,BRONZE,67104,1,1,PHONE
M0002383,1,29,27,2014-04-20,,BRONZE,273621,0,0,WEB
M0002384,1,34,13,2011-11-12,,SILVER,319433,1,1,WEB
M0002385,1,46,16,2015-01-26,,BRONZE,42339,0,1,WEB
M0002386,2,41,09,2023-05-14,2025-12-31,SILVER,61454,1,1,WEB
M0002387,9,28,44,2023-06-09,,BRONZE,131604,1,1,STORE
M0002388,1,42,13,2015-10-16,,BRONZE,59540,1,0,APP
M0002389,2,39,13,2018-05-07,,SILVER,188362,1,1,STORE
M0002390,1,21,07,2012-12-06,,SILVER,137093,0,0,WEB
M0002391,2,35,14,2016-08-04,,BRONZE,90859,0,1,WEB
M0002392,2,50,13,2019-08-19,,PLATINUM,636226,1,0,APP
M0002393,1,50,14,2010-04-22,,BRONZE,101649,0,0,APP
M0002394,1,36,13,2023-09-21,,SILVER,153877,1,1,WEB
M0002395,2,52,26,2024-06-21,2025-12-31,GOLD,713162,1,1,WEB
M0002396,9,23,33,2024-12-16,,BRONZE,45244,0,1,APP
M0002397,1,24,12,2013-05-19,,SILVER,231565,1,1,STORE
M0002398,1,36,40,2024-04-23,2025-12-31,BRONZE,49018,1,0,STORE
M0002399,1,65,18,2011-10-28,,BRONZE,36762,1,1,WEB
M0002400,2,43,12,2024-02-11,2025-12-31,BRONZE,63909,1,1,WEB
M0002401,2,35,20,2012-03-03,,GOLD,580388,1,0,APP
M0002402,2,66,23,2015-07-28,,BRONZE,97610,1,1,STORE
M0002403,2,35,43,2025-03-06,,BRONZE,126208,1,1,STORE
M0002404,2,78,14,2018-02-01,,BRONZE,81674,1,1,APP
M0002405,2,31,01,2013-06-19,,GOLD,320630,0,1,APP
M0002406,1,23,22,2015-12-10,,BRONZE,28868,0,1,WEB
M0002407,2,37,35,2015-04-14,,SILVER,186990,0,1,PHONE
M0002408,1,36,42,2024-10-03,,BRONZE,33592,0,1,STORE
M0002409,1,26,40,2016-08-06,,BRONZE,28004,0,1,WEB
M0002410,2,84,06,2011-06-27,,GOLD,422846,1,1,STORE
M0002411,2,45,14,2012-08-26,,SILVER,184551,1,1,STORE
M0002412,9,48,12,2018-11-14,,SILVER,135131,1,1,APP
M0002413,1,32,27,2010-03-21,2019-04-30,GOLD,303147,0,1,PHONE
M0002414,2,30,11,2013-12-13,2021-04-04,GOLD,235692,0,1,WEB
M0002415,2,57,38,2019-09-01,,GOLD,505056,1,1,APP
M0002416,1,45,22,2023-08-10,2025-12-31,BRONZE,55692,1,1,STORE
M0002417,1,21,23,2011-07-18,,BRONZE,76855,0,0,PHONE
M0002418,2,36,13,2015-06-06,,PLATINUM,1423425,1,1,WEB
M0002419,1,63,40,2016-04-01,,SILVER,139630,1,1,APP
M0002420,2,34,13,2023-10-27,,SILVER,73323,0,1,PHONE
M0002421,1,47,13,2022-08-01,,SILVER,170812,1,0,STORE
M0002422,1,40,36,2024-11-06,,SILVER,98569,1,0,WEB
M0002423,2,62,23,2019-12-08,2024-08-05,SILVER,368016,1,0,APP
M0002424,1,61,13,2012-10-01,,BRONZE,28617,1,1,WEB
M0002425,2,53,08,2025-01-07,2025-12-31,BRONZE,43989,1,1,STORE
M0002426,2,37,13,2022-01-25,,BRONZE,78625,0,0,WEB
M0002427,1,56,40,2020-07-29,2022-04-17,GOLD,270818,0,1,WEB
M0002428,2,26,27,2015-08-08,,BRONZE,39933,0,1,PHONE
M0002429,2,40,13,2022-09-22,,GOLD,268966,1,1,STORE
M0002430,2,38,23,2016-06-14,,SILVER,288633,1,1,APP
M0002431,2,23,08,2015-03-09,2018-09-25,GOLD,236245,0,0,WEB
M0002432,2,18,23,2014-05-23,,GOLD,379166,1,0,WEB
M0002433,2,30,24,2020-07-23,,BRONZE,43762,0,1,PHONE
M0002434,1,42,37,2019-11-13,,SILVER,315706,1,1,STORE
M0002435,2,27,22,2013-08-20,,SILVER,103327,1,0,WEB
M0002436,9,34,43,2015-06-29,,BRONZE,109078,0,1,APP
M0002437,2,68,39,2013-08-21,,BRONZE,43211,1,0,WEB
M0002438,2,34,26,2021-11-07,,SILVER,304101,0,1,APP
M0002439,1,57,14,2015-06-30,,GOLD,607302,1,1,WEB
M0002440,2,52,13,2022-06-16,,BRONZE,30200,0,1,WEB
M0002441,9,39,09,2013-09-17,,BRONZE,53489,0,1,PHONE
M0002442,1,44,29,2016-04-28,,GOLD,394218,0,1,WEB
M0002443,1,26,25,2010-06-03,,BRONZE,67719,0,0,APP
M0002444,2,68,12,2010-01-28,,GOLD,232632,1,1,STORE
M0002445,2,75,25,2010-06-18,,BRONZE,245348,1,1,WEB
M0002446,2,43,07,2011-01-22,,BRONZE,144804,0,1,STORE
M0002447,1,84,02,2024-11-05,,BRONZE,327013,0,1,WEB
M0002448,1,28,13,2014-05-20,,BRONZE,23719,1,0,WEB
M0002449,2,19,11,2018-07-05,,BRONZE,105926,0,1,WEB
M0002450,2,28,13,2025-04-06,2025-12-31,SILVER,143267,1,1,STORE
M0002451,2,36,13,2017-10-18,,BRONZE,148274,1,1,APP
M0002452,2,79,28,2016-04-20,,PLATINUM,595802,1,1,WEB
M0002453,2,35,13,2021-08-31,,BRONZE,51078,0,0,WEB
M0002454,2,25,37,2021-11-28,,SILVER,229687,1,0,STORE
M0002455,2,25,11,2011-08-12,2014-10-22,SILVER,182176,0,1,STORE
M0002456,2,59,06,2024-12-23,,BRONZE,37990,1,1,APP
M0002457,2,57,13,2011-12-21,,SILVER,100384,0,0,WEB
M0002458,1,32,29,2015-06-20,,BRONZE,83773,1,0,WEB
M0002459,1,21,11,2025-04-02,,GOLD,225805,1,0,STORE
M0002460,2,21,28,2018-12-25,,SILVER,95240,1,1,STORE
M0002461,2,69,12,2019-02-04,,BRONZE,33832,1,1,WEB
M0002462,2,52,23,2023-08-21,,SILVER,278096,1,0,WEB
M0002463,1,41,28,2017-03-06,,BRONZE,22450,1,1,APP
M0002464,2,72,15,2019-11-02,,PLATINUM,773812,1,1,WEB
M0002465,1,73,22,2018-09-23,,SILVER,232650,1,0,STORE
M0002466,2,39,14,2011-10-18,,BRONZE,18541,1,1,APP
M0002467,2,40,38,2014-11-15,,BRONZE,17537,1,1,STORE
M0002468,2,30,14,2022-04-25,,BRONZE,58862,0,1,WEB
M0002469,2,35,27,2015-04-05,,GOLD,237853,1,0,APP
M0002470,1,15,14,2024-06-19,,SILVER,70488,0,1,STORE
M0002471,1,15,14,2025-05-08,2025-12-31,SILVER,247148,0,1,WEB
M0002472,2,30,14,2022-04-20,,BRONZE,79990,1,1,WEB
M0002473,2,58,29,2010-01-05,,GOLD,589676,1,0,PHONE
M0002474,2,15,28,2022-01-15,,SILVER,115680,0,0,APP
M0002475,1,73,44,2025-09-13,,SILVER,89546,1,1,APP
M0002476,1,28,13,2022-02-03,,BRONZE,25274,0,1,WEB
M0002477,1,70,01,2020-03-14,2025-12-31,BRONZE,59624,0,1,WEB
M0002478,1,34,13,2019-10-20,2022-12-21,BRONZE,69801,1,1,STORE
M0002479,1,58,11,2017-12-05,,GOLD,308432,0,0,APP
M0002480,2,62,40,2013-12-19,,SILVER,129181,1,1,APP
M0002481,2,64,04,2017-08-23,,BRONZE,54175,1,0,WEB
M0002482,1,25,15,2024-07-28,,SILVER,101555,1,0,APP
M0002483,1,34,27,2011-05-16,,BRONZE,80476,0,1,WEB
M0002484,1,25,27,2012-01-24,,BRONZE,58143,0,1,WEB
M0002485,2,38,40,2023-12-31,,SILVER,139159,1,1,WEB
M0002486,1,42,27,2023-03-28,,BRONZE,127108,1,1,STORE
M0002487,2,34,03,2018-03-03,,SILVER,157462,1,1,WEB
M0002488,2,45,23,2015-10-02,,SILVER,258852,1,1,STORE
M0002489,1,30,25,2011-10-11,,BRONZE,77375,1,1,WEB
M0002490,2,52,45,2020-10-12,,SILVER,300263,1,1,WEB
M0002491,9,36,40,2018-08-17,,BRONZE,20777,0,1,APP
M0002492,1,34,37,2022-11-18,,GOLD,484324,1,1,PHONE
M0002493,1,24,19,2015-10-21,,BRONZE,145025,1,1,APP
M0002494,2,30,13,2022-10-11,,BRONZE,25520,0,0,WEB
M0002495,2,64,26,2025-04-10,,BRONZE,42021,0,1,PHONE
M0002496,2,21,23,2012-07-30,,BRONZE,238738,0,0,WEB
M0002497,2,52,07,2022-03-28,,BRONZE,70444,0,1,WEB
M0002498,1,41,06,2019-10-11,,SILVER,340304,1,0,WEB
M0002499,2,44,34,2016-07-11,2022-03-20,GOLD,214736,1,1,WEB
M0002500,2,28,17,2013-06-07,,BRONZE,28113,0,1,APP
M0002501,1,34,25,2012-06-23,,BRONZE,63292,0,1,WEB
M0002502,2,40,14,2011-10-18,,BRONZE,72072,1,1,STORE
M0002503,9,31,44,2014-04-04,2023-07-05,SILVER,296311,0,1,PHONE
M0002504,2,46,02,2018-03-21,,SILVER,77220,0,1,STORE
M0002505,1,48,18,2018-08-12,,GOLD,735041,1,0,WEB
M0002506,1,77,31,2025-10-20,,SILVER,67979,1,0,STORE
M0002507,2,45,13,2021-11-11,,SILVER,346284,1,1,STORE
M0002508,2,22,14,2025-09-15,,BRONZE,46048,0,1,STORE
M0002509,2,60,26,2022-01-23,2025-12-31,GOLD,439830,1,1,WEB
M0002510,2,37,38,2019-03-05,,BRONZE,35068,0,0,WEB
M0002511,2,74,16,2023-01-24,2025-12-31,SILVER,134658,1,1,APP
M0002512,1,65,23,2022-05-10,,GOLD,200567,1,0,WEB
M0002513,1,31,27,2022-12-04,2024-03-18,BRONZE,20412,0,1,WEB
M0002514,1,52,23,2013-12-30,,BRONZE,22126,1,1,STORE
M0002515,1,30,40,2021-08-03,,BRONZE,28977,0,1,WEB
M0002516,2,40,34,2013-08-04,,GOLD,346933,1,1,PHONE
M0002517,1,51,28,2015-01-31,2018-03-15,BRONZE,123775,1,1,APP
M0002518,1,59,40,2021-04-21,,BRONZE,21301,1,1,PHONE
M0002519,2,55,23,2018-01-31,,SILVER,186610,1,0,APP
M0002520,1,41,39,2022-07-30,,SILVER,274405,0,1,WEB
M0002521,1,82,01,2021-07-12,2025-12-31,SILVER,266897,1,1,APP
M0002522,2,34,27,2021-11-14,,SILVER,252987,1,1,STORE
M0002523,1,21,23,2012-05-13,,PLATINUM,856537,0,1,WEB
M0002524,2,16,11,2011-09-03,,BRONZE,39032,0,1,STORE
M0002525,2,65,14,2013-12-22,,BRONZE,113107,1,1,PHONE
M0002526,1,39,10,2015-09-14,2019-01-28,SILVER,130110,0,1,WEB
M0002527,2,43,27,2023-02-13,2025-10-01,BRONZE,78851,0,1,PHONE
M0002528,2,31,23,2010-09-16,,SILVER,108652,1,1,WEB
M0002529,2,32,11,2018-08-24,,PLATINUM,704205,0,1,WEB
M0002530,2,27,11,2022-07-31,,SILVER,117107,1,1,PHONE
M0002531,2,48,28,2015-10-24,,BRONZE,135232,0,1,WEB
M0002532,2,38,04,2014-12-27,2024-10-26,PLATINUM,943010,1,1,PHONE
M0002533,2,47,13,2013-04-09,,BRONZE,33168,1,0,STORE
M0002534,1,46,14,2016-11-16,2024-07-04,BRONZE,77612,0,0,APP
M0002535,9,33,18,2019-11-08,,BRONZE,111906,0,1,STORE
M0002536,2,15,36,2019-04-07,2021-11-01,BRONZE,67638,0,0,WEB
M0002537,2,31,13,2023-08-10,,BRONZE,93220,1,1,APP
M0002538,1,91,13,2010-01-04,,BRONZE,15167,1,1,APP
M0002539,1,65,39,2014-09-07,,SILVER,313586,1,0,WEB
M0002540,2,63,13,2015-09-01,2017-02-03,SILVER,261401,1,0,WEB
M0002541,2,29,45,2016-04-06,,SILVER,204655,0,1,WEB
M0002542,1,40,25,2021-08-21,,SILVER,98072,1,0,WEB
M0002543,1,26,13,2011-08-14,,GOLD,475310,0,1,WEB
M0002544,1,18,13,2014-07-30,,GOLD,248033,0,1,APP
M0002545,2,30,45,2010-11-16,2019-07-26,BRONZE,79756,1,0,APP
M0002546,1,63,27,2019-02-16,,BRONZE,59796,1,1,STORE
M0002547,9,54,23,2025-06-05,,SILVER,312399,1,0,STORE
M0002548,1,24,27,2025-08-20,2025-12-31,BRONZE,36005,1,1,WEB
M0002549,1,35,01,2010-10-08,2018-07-31,BRONZE,32739,0,1,WEB
M0002550,1,53,29,2011-11-22,,BRONZE,68534,0,0,STORE
M0002551,2,30,12,2019-02-19,,SILVER,219855,0,1,WEB
M0002552,2,41,13,2014-04-17,,BRONZE,25050,1,1,WEB
M0002553,2,47,01,2013-09-13,,GOLD,510862,0,1,WEB
M0002554,9,47,02,2020-12-11,,SILVER,136320,0,1,STORE
M0002555,1,44,27,2014-12-02,,BRONZE,36970,1,1,PHONE
M0002556,2,29,17,2019-07-29,,SILVER,194651,0,1,PHONE
M0002557,1,31,01,2010-08-16,,SILVER,257704,1,1,WEB
M0002558,1,21,13,2025-08-25,,BRONZE,77353,1,0,STORE
M0002559,2,45,42,2011-05-09,,GOLD,736566,1,0,STORE
M0002560,1,38,11,2010-07-22,,SILVER,160059,0,1,WEB
M0002561,2,54,27,2016-09-07,,SILVER,119130,0,0,WEB
M0002562,2,17,13,2024-01-18,,BRONZE,72584,0,0,APP
M0002563,2,45,40,2020-03-19,,BRONZE,70069,1,1,WEB
M0002564,2,53,14,2017-10-26,,SILVER,219806,1,1,APP
M0002565,2,22,14,2014-06-07,,SILVER,181486,0,0,WEB
M0002566,1,35,20,2013-08-18,,BRONZE,36240,0,1,APP
M0002567,1,68,12,2020-06-13,,PLATINUM,542478,0,1,APP
M0002568,1,49,13,2018-01-20,2025-06-26,GOLD,636663,1,1,WEB
M0002569,2,59,07,2019-10-22,,SILVER,77593,1,1,APP
M0002570,9,51,09,2016-08-05,,SILVER,192927,1,1,STORE
M0002571,1,27,23,2014-10-24,2023-03-13,SILVER,131245,0,1,WEB
M0002572,2,52,47,2012-11-14,,BRONZE,22965,1,1,WEB
M0002573,2,28,14,2014-09-04,,BRONZE,28975,0,0,STORE
M0002574,2,39,13,2013-07-06,2018-08-14,GOLD,437256,0,0,STORE
M0002575,2,31,13,2017-10-21,,SILVER,253827,1,1,WEB
M0002576,2,40,14,2014-08-11,2018-04-11,GOLD,781857,1,1,APP
M0002577,2,30,23,2022-09-24,,BRONZE,122971,0,1,PHONE
M0002578,2,36,13,2018-11-02,,BRONZE,57294,1,1,APP
M0002579,1,20,28,2014-11-22,,BRONZE,37246,0,1,STORE
M0002580,2,48,35,2011-05-01,,BRONZE,56061,1,1,APP
M0002581,1,43,21,2011-12-15,,SILVER,85334,0,1,WEB
M0002582,2,39,03,2011-06-04,2012-09-05,BRONZE,80739,0,1,WEB
M0002583,1,57,02,2015-02-24,,GOLD,477313,0,0,WEB
M0002584,1,37,09,2015-04-23,,SILVER,105788,0,0,WEB
M0002585,1,43,23,2010-10-15,,BRONZE,24371,0,1,WEB
M0002586,1,53,40,2021-04-26,,SILVER,61972,1,1,WEB
M0002587,1,46,14,2018-06-18,,PLATINUM,604499,1,0,WEB
M0002588,1,60,13,2025-08-27,,BRONZE,35572,1,1,WEB
M0002589,2,35,28,2024-03-14,,BRONZE,78592,0,1,APP
M0002590,1,58,11,2010-03-12,,BRONZE,59138,0,1,PHONE
M0002591,2,42,13,2021-03-14,,PLATINUM,581499,1,1,WEB
M0002592,2,49,27,2025-07-23,,PLATINUM,674105,1,1,WEB
M0002593,2,47,20,2022-10-28,,GOLD,419607,1,1,WEB
M0002594,1,61,27,2020-12-23,2025-12-31,BRONZE,92184,1,1,WEB
M0002595,1,52,11,2012-03-24,2019-12-14,GOLD,424062,0,1,STORE
M0002596,2,32,13,2024-06-01,,SILVER,246111,0,0,APP
M0002597,1,29,13,2023-02-25,,SILVER,94529,0,0,WEB
M0002598,1,39,16,2018-08-01,,GOLD,457083,1,1,APP
M0002599,2,27,13,2024-09-29,,BRONZE,84724,0,1,PHONE
M0002600,9,22,14,2017-05-29,2018-09-16,GOLD,420072,1,1,WEB
M0002601,1,40,45,2018-07-12,,BRONZE,29124,1,0,STORE
M0002602,2,91,11,2022-07-25,,GOLD,215943,0,1,WEB
M0002603,2,74,01,2021-07-10,,SILVER,87591,1,1,STORE
M0002604,2,29,12,2018-10-26,,BRONZE,4834,1,1,WEB
M0002605,1,72,27,2022-07-13,,GOLD,590036,1,1,WEB
M0002606,1,47,40,2024-05-11,,BRONZE,57686,1,0,WEB
M0002607,2,39,40,2020-05-19,,BRONZE,24055,0,1,APP
M0002608,1,28,27,2024-04-16,2025-12-31,BRONZE,71332,1,1,WEB
M0002609,2,40,27,2016-07-29,,GOLD,741240,1,1,APP
M0002610,1,72,01,2018-06-27,,GOLD,1007637,1,0,WEB
M0002611,2,66,13,2020-05-18,,SILVER,162425,1,0,WEB
M0002612,2,45,13,2019-03-08,,BRONZE,152226,1,1,WEB
M0002613,2,20,28,2012-11-09,,BRONZE,19455,0,1,APP
M0002614,2,24,11,2017-04-20,,BRONZE,62891,0,1,APP
M0002615,1,26,01,2012-02-26,,BRONZE,91945,0,0,WEB
M0002616,2,62,13,2021-01-11,,GOLD,188756,1,1,APP
M0002617,1,68,07,2022-10-13,2025-12-31,BRONZE,54136,1,1,APP
M0002618,2,43,30,2020-12-01,,BRONZE,62900,1,1,WEB
M0002619,2,35,23,2023-11-03,,BRONZE,11688,0,1,WEB
M0002620,2,66,29,2020-05-30,,GOLD,380230,0,1,APP
M0002621,2,23,40,2016-01-26,2021-01-13,BRONZE,41878,0,0,WEB
M0002622,9,41,13,2010-12-31,,SILVER,184683,0,1,WEB
M0002623,1,48,40,2010-07-13,,BRONZE,49697,1,1,APP
M0002624,2,25,11,2025-06-02,2025-12-31,SILVER,275000,1,1,APP
M0002625,2,29,31,2022-06-19,,SILVER,289206,0,1,WEB
M0002626,1,28,14,2015-05-16,,BRONZE,104254,0,0,WEB
M0002627,2,64,14,2025-04-16,,BRONZE,83218,1,0,WEB
M0002628,1,73,34,2013-12-09,,BRONZE,29733,0,1,APP
M0002629,1,42,27,2022-05-10,2025-12-31,GOLD,320257,1,0,WEB
M0002630,1,35,12,2013-05-18,,SILVER,351928,1,1,WEB
M0002631,1,30,14,2021-05-11,2025-06-10,GOLD,572107,0,1,STORE
M0002632,2,40,42,2011-02-09,,BRONZE,13224,1,1,WEB
M0002633,2,31,27,2020-12-04,,SILVER,448378,0,0,STORE
M0002634,2,38,09,2017-04-24,,SILVER,336854,1,1,WEB
M0002635,2,47,28,2019-04-27,,BRONZE,16360,1,1,STORE
M0002636,1,33,45,2010-08-31,,BRONZE,134038,1,1,WEB
M0002637,2,37,47,2015-12-01,,BRONZE,47367,0,1,WEB
M0002638,1,37,20,2012-07-29,,BRONZE,18163,1,1,WEB
M0002639,2,35,13,2019-11-12,,PLATINUM,1644317,1,1,APP
M0002640,1,32,11,2010-01-31,,PLATINUM,583063,1,1,WEB
M0002641,2,53,30,2024-06-24,,GOLD,720088,1,0,WEB
M0002642,2,39,12,2012-10-17,,BRONZE,19814,0,1,STORE
M0002643,2,67,33,2018-05-07,,BRONZE,49952,1,1,STORE
M0002644,2,42,21,2025-12-04,,BRONZE,54418,1,1,STORE
M0002645,1,50,14,2016-07-23,,GOLD,448861,0,1,STORE
M0002646,2,52,27,2018-08-31,,BRONZE,159357,1,1,STORE
M0002647,2,28,14,2025-05-10,,BRONZE,47270,0,0,WEB
M0002648,2,24,06,2011-01-28,2015-08-06,SILVER,188946,0,1,STORE
M0002649,2,22,23,2018-12-31,,SILVER,178369,0,1,WEB
M0002650,2,36,13,2019-01-10,,SILVER,272227,1,1,STORE
M0002651,9,52,15,2021-07-31,,SILVER,72812,1,1,WEB
M0002652,1,30,13,2019-08-13,2022-04-14,SILVER,185116,0,1,STORE
M0002653,2,50,40,2017-09-07,,GOLD,391049,0,1,APP
M0002654,2,34,11,2018-10-06,,BRONZE,65519,1,1,PHONE
M0002655,2,33,23,2014-07-23,,BRONZE,48554,1,1,APP
M0002656,2,60,13,2015-05-18,,BRONZE,88701,1,1,WEB
M0002657,1,37,15,2025-03-13,,SILVER,80209,0,1,STORE
M0002658,2,26,30,2020-07-07,,SILVER,138499,0,1,WEB
M0002659,1,29,06,2020-12-01,,SILVER,95619,0,0,WEB
M0002660,1,34,42,2012-04-13,,SILVER,242926,0,0,STORE
M0002661,2,23,27,2016-03-09,,SILVER,216097,1,0,APP
M0002662,1,58,13,2013-07-07,,PLATINUM,991715,1,1,WEB
M0002663,1,30,13,2025-03-05,,BRONZE,171411,1,0,STORE
M0002664,1,32,08,2025-12-01,,PLATINUM,738904,1,1,APP
M0002665,2,60,13,2015-05-13,,SILVER,367369,1,1,APP
M0002666,2,76,41,2016-08-25,,BRONZE,67793,0,1,STORE
M0002667,2,60,01,2020-12-17,,BRONZE,198689,1,1,STORE
M0002668,1,50,22,2012-05-13,2013-12-17,SILVER,123300,1,1,STORE
M0002669,2,18,11,2018-12-25,,SILVER,115156,0,1,WEB
M0002670,2,29,10,2013-06-22,,SILVER,343679,0,1,WEB
M0002671,2,40,11,2018-06-11,,BRONZE,73017,1,1,STORE
M0002672,1,20,23,2021-08-02,2025-12-31,BRONZE,13179,0,1,APP
M0002673,1,35,18,2021-10-31,,SILVER,154826,1,1,PHONE
M0002674,2,37,27,2011-11-11,2018-03-11,GOLD,364844,1,0,WEB
M0002675,2,50,34,2014-08-20,,BRONZE,28084,0,1,WEB
M0002676,2,50,08,2015-08-31,,SILVER,139628,1,0,APP
M0002677,2,55,15,2021-08-10,,BRONZE,88821,0,0,STORE
M0002678,2,18,27,2015-04-04,,BRONZE,33784,1,1,APP
M0002679,2,41,13,2017-05-31,,GOLD,410044,0,1,WEB
M0002680,1,35,13,2013-08-25,,GOLD,515077,1,1,STORE
M0002681,2,39,12,2015-07-09,,SILVER,285604,0,0,PHONE
M0002682,2,36,13,2017-08-18,,SILVER,259206,0,0,APP
M0002683,1,29,47,2013-05-14,,BRONZE,50065,0,0,WEB
M0002684,2,36,43,2011-10-06,2015-07-12,BRONZE,28359,1,0,APP
M0002685,1,60,13,2012-04-11,,SILVER,322750,1,0,WEB
M0002686,2,46,09,2017-04-22,2020-07-10,GOLD,513754,1,0,WEB
M0002687,1,15,27,2012-08-15,,BRONZE,96202,0,1,WEB
M0002688,2,48,14,2010-07-10,,PLATINUM,537542,1,1,STORE
M0002689,1,32,27,2023-05-05,,PLATINUM,1055337,1,1,APP
M0002690,2,33,26,2025-07-11,,BRONZE,146060,1,0,APP
M0002691,2,27,35,2018-03-07,,BRONZE,42595,0,1,STORE
M0002692,1,49,13,2019-09-05,,BRONZE,42887,1,0,APP
M0002693,2,26,27,2012-08-31,,PLATINUM,670759,0,1,PHONE
M0002694,9,21,11,2011-03-15,,BRONZE,97678,0,1,WEB
M0002695,2,59,23,2011-04-11,,BRONZE,103989,1,0,APP
M0002696,1,37,13,2013-01-19,,GOLD,806733,1,1,STORE
M0002697,2,37,26,2011-10-14,2016-01-18,BRONZE,15964,1,1,WEB
M0002698,1,52,39,2021-10-13,,PLATINUM,684308,1,1,WEB
M0002699,1,29,40,2022-04-30,,GOLD,416165,0,1,PHONE
M0002700,2,32,31,2021-09-15,,BRONZE,80452,1,1,STORE
M0002701,2,45,03,2014-08-07,,GOLD,639927,1,1,STORE
M0002702,2,43,01,2015-11-03,2018-02-13,GOLD,311744,1,0,WEB
M0002703,1,44,24,2015-09-27,2022-01-22,SILVER,254546,1,0,APP
M0002704,2,27,11,2012-05-17,,GOLD,268312,0,0,STORE
M0002705,2,55,28,2017-07-26,,SILVER,164226,0,1,WEB
M0002706,2,49,27,2018-07-29,,GOLD,666731,1,1,WEB
M0002707,2,47,07,2013-04-10,,GOLD,526591,1,1,PHONE
M0002708,1,39,13,2014-06-04,,GOLD,362555,0,1,WEB
M0002709,1,38,27,2017-07-12,,GOLD,309996,0,1,APP
M0002710,2,20,11,2011-07-20,,GOLD,296415,0,0,WEB
M0002711,9,39,40,2019-06-05,,BRONZE,70745,1,0,APP
M0002712,1,50,27,2015-07-16,,BRONZE,56980,1,0,WEB
M0002713,1,78,27,2021-05-11,,SILVER,278320,1,0,STORE
M0002714,1,60,31,2022-01-06,,BRONZE,27050,0,0,WEB
M0002715,2,46,01,2015-12-07,,GOLD,489053,1,1,APP
M0002716,1,34,40,2015-09-01,,BRONZE,27466,0,1,WEB
M0002717,2,25,29,2018-06-13,,SILVER,311046,0,1,APP
M0002718,9,22,25,2010-08-27,2018-08-14,SILVER,158634,1,1,APP
M0002719,1,43,13,2013-01-29,2019-04-25,GOLD,477451,1,0,STORE
M0002720,2,34,28,2011-12-05,,BRONZE,5715,1,1,PHONE
M0002721,2,66,14,2014-07-18,,PLATINUM,993429,1,1,STORE
M0002722,2,37,28,2019-07-18,,BRONZE,31580,1,1,WEB
M0002723,1,41,08,2013-12-01,,BRONZE,12585,1,1,STORE
M0002724,1,16,13,2018-05-10,2022-03-25,BRONZE,23968,0,1,WEB
M0002725,1,34,23,2021-01-27,,GOLD,251473,1,1,APP
M0002726,2,43,14,2020-10-18,,BRONZE,66257,1,1,APP
M0002727,2,34,23,2018-07-01,,BRONZE,22080,0,1,WEB
M0002728,1,32,13,2019-02-24,,BRONZE,127023,0,1,WEB
M0002729,1,46,24,2017-01-27,,SILVER,311512,1,0,WEB
M0002730,2,66,28,2017-12-15,,BRONZE,167111,1,0,APP
M0002731,1,42,27,2022-09-21,,BRONZE,59019,1,1,STORE
M0002732,1,59,18,2017-08-08,,BRONZE,76555,1,0,WEB
M0002733,2,51,13,2015-08-19,,SILVER,198669,0,1,STORE
M0002734,1,58,01,2025-05-21,,BRONZE,16104,0,0,STORE
M0002735,1,30,23,2024-09-02,,SILVER,125795,1,1,APP
M0002736,2,36,13,2023-10-19,,PLATINUM,729874,0,0,APP
M0002737,1,37,27,2023-02-18,,SILVER,211380,1,1,WEB
M0002738,2,49,13,2016-02-16,,GOLD,269904,1,1,APP
M0002739,2,53,10,2025-05-09,,BRONZE,56850,1,1,STORE
M0002740,2,42,07,2020-06-15,,SILVER,523991,1,1,STORE
M0002741,1,55,13,2024-04-02,2025-12-31,BRONZE,18698,1,1,WEB
M0002742,2,30,13,2010-04-30,2018-05-15,SILVER,336652,1,1,PHONE
M0002743,1,55,33,2011-09-17,,BRONZE,14958,1,1,WEB
M0002744,2,57,27,2010-05-03,,SILVER,246234,1,0,APP
M0002745,1,52,14,2025-12-15,,SILVER,127741,1,1,APP
M0002746,2,42,04,2015-02-05,,SILVER,110711,0,1,PHONE
M0002747,1,52,13,2010-08-17,,BRONZE,20611,0,1,APP
M0002748,1,25,42,2022-01-28,,BRONZE,44879,0,0,STORE
M0002749,2,43,13,2022-08-31,,BRONZE,48596,1,1,WEB
M0002750,1,45,30,2024-10-22,,SILVER,176994,0,1,APP
M0002751,1,17,40,2019-04-07,,BRONZE,33261,0,1,APP
M0002752,2,48,13,2020-12-05,,SILVER,147611,1,1,WEB
M0002753,2,19,40,2019-11-20,,SILVER,161425,0,0,STORE
M0002754,1,33,44,2021-04-21,,BRONZE,22140,0,0,WEB
M0002755,2,41,23,2018-04-11,,BRONZE,53857,1,0,WEB
M0002756,2,28,13,2010-07-07,,SILVER,215673,1,1,APP
M0002757,2,41,41,2012-09-04,,SILVER,98203,0,1,WEB
M0002758,2,41,13,2024-11-18,2025-12-31,BRONZE,30731,1,1,STORE
M0002759,2,26,13,2010-10-10,,BRONZE,54714,1,0,WEB
M0002760,2,50,13,2011-05-23,,GOLD,474100,0,1,STORE
M0002761,2,27,25,2022-10-22,,BRONZE,42387,0,1,STORE
M0002762,2,79,13,2025-02-24,,BRONZE,9909,1,1,APP
M0002763,1,38,13,2017-02-23,,SILVER,131543,0,0,WEB
M0002764,1,20,41,2012-04-08,,BRONZE,24862,0,1,WEB
M0002765,1,23,01,2019-06-01,,BRONZE,58549,1,1,WEB
M0002766,2,60,14,2010-07-15,,GOLD,567333,1,1,APP
M0002767,1,33,28,2015-10-08,,GOLD,327578,1,1,WEB
M0002768,2,17,27,2019-01-07,,SILVER,117256,0,0,WEB
M0002769,2,55,23,2024-02-02,,SILVER,248751,1,1,WEB
M0002770,9,33,14,2011-10-27,,BRONZE,89935,1,1,PHONE
M0002771,1,51,01,2019-09-16,,SILVER,253444,0,1,WEB
M0002772,2,56,17,2010-06-18,2019-05-28,SILVER,119297,1,1,APP
M0002773,2,45,14,2017-06-11,,SILVER,108412,0,0,PHONE
M0002774,1,81,13,2020-09-07,,BRONZE,14777,1,0,STORE
M0002775,2,36,14,2010-07-30,,BRONZE,29286,1,1,WEB
M0002776,1,26,16,2021-10-24,,SILVER,124592,1,1,STORE
M0002777,2,36,20,2025-10-08,,SILVER,297845,0,1,PHONE
M0002778,2,78,20,2014-09-08,,PLATINUM,605648,1,0,WEB
M0002779,1,71,45,2022-02-11,,BRONZE,31076,1,0,APP
M0002780,1,62,25,2018-07-15,,PLATINUM,673422,0,1,WEB
M0002781,1,26,44,2024-09-09,,BRONZE,113533,0,0,WEB
M0002782,1,28,01,2019-05-18,,BRONZE,69438,0,0,WEB
M0002783,2,26,27,2022-11-06,,GOLD,254470,1,0,STORE
M0002784,1,27,01,2012-07-28,2019-01-14,SILVER,157815,1,1,WEB
M0002785,1,65,27,2014-02-02,,BRONZE,17349,0,1,APP
M0002786,2,36,13,2017-01-15,,SILVER,210929,0,1,APP
M0002787,2,38,14,2024-06-16,,BRONZE,70562,0,1,WEB
M0002788,2,53,40,2020-03-11,,PLATINUM,774125,1,0,STORE
M0002789,2,31,07,2013-05-24,,GOLD,455268,0,1,STORE
M0002790,1,41,40,2024-03-03,,SILVER,246374,1,1,APP
M0002791,2,21,13,2019-11-25,2025-12-31,BRONZE,97222,0,1,APP
M0002792,1,35,37,2016-09-13,,BRONZE,58178,0,1,WEB
M0002793,2,30,28,2016-02-24,,GOLD,186065,1,1,APP
M0002794,9,29,27,2021-03-10,2025-12-31,BRONZE,29064,0,1,WEB
M0002795,2,44,27,2024-02-07,,BRONZE,90536,1,1,STORE
M0002796,2,44,13,2018-01-10,,SILVER,369484,0,1,STORE
M0002797,2,36,36,2023-07-04,2025-12-31,GOLD,384938,1,1,WEB
M0002798,1,46,27,2021-04-25,,BRONZE,56913,1,1,APP
M0002799,2,25,41,2011-03-08,,SILVER,108641,0,0,STORE
M0002800,2,52,27,2022-08-16,,PLATINUM,504081,1,0,APP
M0002801,9,36,21,2018-12-20,,BRONZE,41982,1,1,STORE
M0002802,2,32,13,2018-06-28,,BRONZE,93429,0,1,WEB
M0002803,1,26,23,2019-10-22,,BRONZE,49863,1,0,STORE
M0002804,2,36,40,2010-12-24,,BRONZE,52905,1,0,WEB
M0002805,1,72,14,2024-07-09,,GOLD,485014,1,1,WEB
M0002806,1,39,47,2024-01-03,2025-12-31,BRONZE,91301,0,1,STORE
M0002807,1,21,08,2025-12-22,,SILVER,293420,0,1,WEB
M0002808,2,56,27,2019-08-14,,SILVER,267010,0,1,WEB
M0002809,1,32,16,2013-10-31,,SILVER,460418,0,1,STORE
M0002810,1,45,13,2019-08-12,,BRONZE,35210,1,0,APP
M0002811,1,30,38,2014-07-06,,BRONZE,22256,0,1,APP
M0002812,2,62,11,2018-02-25,,BRONZE,53366,1,1,WEB
M0002813,2,30,27,2022-10-27,,BRONZE,148681,1,1,STORE
M0002814,1,64,27,2012-10-13,,BRONZE,8648,0,1,PHONE
M0002815,1,22,13,2017-04-11,,BRONZE,66837,0,1,WEB
M0002816,2,35,39,2017-10-12,,SILVER,403798,0,0,WEB
M0002817,1,64,14,2024-11-15,,SILVER,179582,1,1,WEB
M0002818,2,43,13,2018-08-04,,BRONZE,51232,1,1,STORE
M0002819,1,79,24,2015-06-16,,BRONZE,24082,1,1,PHONE
M0002820,2,35,27,2016-02-21,,BRONZE,31804,1,1,APP
M0002821,1,44,13,2014-11-08,,SILVER,137573,0,1,APP
M0002822,2,72,02,2012-05-21,,SILVER,236577,1,1,APP
M0002823,1,66,13,2021-05-14,,SILVER,97133,1,1,STORE
M0002824,9,31,26,2022-03-13,,BRONZE,94075,0,0,WEB
M0002825,9,26,28,2013-03-07,,BRONZE,80475,0,1,APP
M0002826,2,54,27,2017-04-22,,GOLD,407730,0,1,WEB
M0002827,2,53,11,2022-01-17,2025-12-31,BRONZE,24193,1,0,WEB
M0002828,1,50,27,2021-03-18,,BRONZE,61884,1,0,APP
M0002829,2,49,23,2011-04-13,,SILVER,222836,0,1,PHONE
M0002830,2,74,28,2010-10-02,2013-07-19,SILVER,117201,0,1,APP
M0002831,1,58,18,2011-02-20,,SILVER,177275,1,0,WEB
M0002832,2,46,11,2018-01-26,2022-01-31,GOLD,240351,1,0,APP
M0002833,2,63,20,2024-08-15,,SILVER,57107,1,1,STORE
M0002834,2,49,13,2011-03-08,,GOLD,821925,1,0,WEB
M0002835,2,32,38,2021-03-21,,BRONZE,130665,0,1,STORE
M0002836,2,21,27,2021-09-26,,SILVER,153413,1,0,WEB
M0002837,2,30,26,2025-06-02,,BRONZE,81468,0,1,WEB
M0002838,1,39,23,2019-04-19,,SILVER,212376,1,1,APP
M0002839,1,43,13,2025-04-12,,BRONZE,15557,1,1,PHONE
M0002840,1,51,14,2017-03-22,,SILVER,153237,1,1,WEB
M0002841,2,36,37,2014-03-30,,SILVER,191744,0,1,WEB
M0002842,1,40,26,2025-07-26,,BRONZE,78588,1,0,WEB
M0002843,1,49,08,2018-05-05,,SILVER,116320,1,1,STORE
M0002844,1,68,40,2015-03-21,,SILVER,251030,1,0,WEB
M0002845,1,43,28,2020-04-16,,GOLD,451022,1,1,APP
M0002846,2,25,27,2016-10-07,2025-12-31,BRONZE,20880,0,1,STORE
M0002847,1,61,12,2021-12-17,,SILVER,172130,1,1,APP
M0002848,1,52,27,2021-10-20,,GOLD,489094,1,0,WEB
M0002849,2,25,25,2010-04-20,,BRONZE,58246,0,1,WEB
M0002850,1,55,06,2018-05-27,,SILVER,612506,1,1,PHONE
M0002851,1,64,40,2023-09-04,,BRONZE,25182,1,0,APP
M0002852,1,73,12,2020-07-15,,GOLD,543456,1,1,STORE
M0002853,2,49,14,2021-07-10,,SILVER,231469,1,1,WEB
M0002854,1,62,13,2025-08-15,,PLATINUM,918159,0,1,PHONE
M0002855,2,57,27,2015-07-03,,SILVER,242148,1,1,WEB
M0002856,2,46,27,2021-02-17,2025-12-31,SILVER,158166,1,1,APP
M0002857,2,25,27,2010-06-22,,SILVER,363001,1,1,WEB
M0002858,1,18,04,2012-05-30,,GOLD,334778,0,0,WEB
M0002859,2,49,10,2021-03-02,,SILVER,161439,1,1,WEB
M0002860,2,47,11,2013-05-08,,BRONZE,66272,1,0,STORE
M0002861,1,19,46,2022-08-06,,BRONZE,25030,0,0,PHONE
M0002862,2,35,34,2023-12-02,,SILVER,474697,1,1,PHONE
M0002863,1,54,13,2024-04-21,,BRONZE,24036,1,0,WEB
M0002864,1,43,11,2010-10-08,,SILVER,467874,1,0,APP
M0002865,1,42,36,2015-03-17,,GOLD,403047,1,1,WEB
M0002866,1,34,27,2018-02-23,,BRONZE,62331,1,0,STORE
M0002867,1,22,40,2010-04-04,,BRONZE,43365,0,0,WEB
M0002868,2,40,42,2024-06-30,,GOLD,735126,0,0,WEB
M0002869,2,41,18,2025-06-12,,SILVER,154808,0,1,STORE
M0002870,1,50,26,2022-06-03,,GOLD,324380,0,0,APP
M0002871,2,52,33,2014-06-12,,BRONZE,88868,0,1,PHONE
M0002872,2,41,13,2011-11-07,,BRONZE,34496,0,1,PHONE
M0002873,1,59,06,2023-03-24,,BRONZE,17327,1,1,APP
M0002874,1,34,21,2021-11-06,,BRONZE,80259,1,1,APP
M0002875,1,15,27,2025-02-17,2025-12-31,GOLD,454158,0,1,WEB
M0002876,1,48,13,2016-02-11,,SILVER,174137,0,0,STORE
M0002877,1,42,13,2012-09-11,,BRONZE,137669,1,1,APP
M0002878,1,48,15,2024-06-03,,BRONZE,33367,0,1,STORE
M0002879,2,19,05,2011-09-22,,SILVER,111318,0,1,WEB
M0002880,1,70,34,2019-03-02,,BRONZE,59728,1,1,WEB
M0002881,1,52,14,2017-07-18,,BRONZE,40198,0,1,STORE
M0002882,1,35,01,2018-10-13,,SILVER,102506,1,1,APP
M0002883,2,24,13,2016-06-09,,BRONZE,154727,0,0,WEB
M0002884,1,58,39,2010-02-20,2020-01-16,SILVER,231641,1,1,WEB
M0002885,2,21,28,2019-12-13,,BRONZE,27681,0,1,PHONE
M0002886,1,78,15,2013-12-29,,BRONZE,33889,0,0,WEB
M0002887,1,30,14,2011-11-17,,BRONZE,12141,1,1,WEB
M0002888,2,69,13,2016-08-09,2017-10-08,BRONZE,127825,1,1,STORE
M0002889,1,37,13,2014-08-26,,BRONZE,34397,1,0,APP
M0002890,1,67,24,2021-08-01,,PLATINUM,734940,0,0,PHONE
M0002891,1,28,13,2015-10-18,,BRONZE,124083,0,1,WEB
M0002892,9,40,25,2018-04-28,,SILVER,200454,1,1,WEB
M0002893,2,54,27,2017-10-06,,BRONZE,31279,1,1,WEB
M0002894,2,51,28,2023-08-23,2025-12-31,BRONZE,47319,1,1,STORE
M0002895,9,59,27,2011-08-25,,SILVER,278371,0,1,WEB
M0002896,1,32,13,2010-07-20,,SILVER,195047,0,1,STORE
M0002897,9,41,28,2023-11-15,,BRONZE,28936,1,0,WEB
M0002898,1,61,40,2015-03-02,,BRONZE,22093,1,1,PHONE
M0002899,2,28,11,2021-06-25,,GOLD,286301,0,0,WEB
M0002900,1,50,01,2019-07-25,,BRONZE,40726,1,1,APP
M0002901,1,36,14,2022-03-20,,GOLD,336243,0,0,APP
M0002902,2,43,28,2020-07-16,,BRONZE,45380,1,1,STORE
M0002903,1,41,12,2013-11-29,2022-09-15,GOLD,505603,1,1,WEB
M0002904,9,27,13,2018-01-15,,SILVER,309342,0,0,STORE
M0002905,1,36,14,2014-11-25,,BRONZE,38731,0,0,APP
M0002906,2,42,13,2016-05-19,,BRONZE,17231,1,1,WEB
M0002907,9,38,13,2018-09-20,,GOLD,796782,0,0,STORE
M0002908,1,67,13,2011-02-23,,BRONZE,51835,1,0,STORE
M0002909,2,57,01,2010-07-01,,BRONZE,12709,1,1,STORE
M0002910,2,45,13,2021-02-20,,BRONZE,39468,1,1,APP
M0002911,2,27,32,2011-06-01,,BRONZE,16539,0,1,PHONE
M0002912,1,26,17,2024-06-17,,SILVER,195274,0,1,WEB
M0002913,2,74,13,2020-04-12,,SILVER,154209,1,1,APP
M0002914,2,23,28,2022-12-10,,GOLD,381866,0,1,APP
M0002915,2,42,13,2017-07-17,2025-12-31,BRONZE,93900,1,1,PHONE
M0002916,1,46,13,2021-03-21,,SILVER,208924,1,1,WEB
M0002917,1,35,46,2012-12-22,,GOLD,257029,0,0,PHONE
M0002918,2,23,11,2020-02-24,,BRONZE,94762,0,1,WEB
M0002919,1,27,13,2014-12-21,,GOLD,598051,0,1,STORE
M0002920,2,31,30,2022-05-09,,BRONZE,75667,1,0,STORE
M0002921,9,28,37,2015-11-16,,BRONZE,35825,1,1,WEB
M0002922,1,63,28,2022-06-06,,BRONZE,25290,0,1,WEB
M0002923,1,40,07,2024-04-22,2025-12-31,BRONZE,41865,1,0,WEB
M0002924,2,31,19,2010-02-10,,BRONZE,48117,0,1,APP
M0002925,1,42,10,2011-01-01,,BRONZE,70096,1,1,STORE
M0002926,2,51,23,2015-09-23,,BRONZE,66057,1,1,WEB
M0002927,2,34,26,2018-10-01,,PLATINUM,1063623,1,1,STORE
M0002928,2,55,23,2023-11-21,,GOLD,327514,1,1,WEB
M0002929,1,18,27,2017-01-12,,SILVER,233950,0,1,WEB
M0002930,2,60,13,2023-08-12,,BRONZE,12004,0,1,STORE
M0002931,2,40,14,2021-09-03,,PLATINUM,832951,1,0,WEB
M0002932,1,39,13,2021-05-11,2025-12-31,PLATINUM,1157779,0,1,STORE
M0002933,2,28,13,2024-07-23,,GOLD,579675,1,1,STORE
M0002934,2,19,11,2014-12-12,,SILVER,133003,0,1,WEB
M0002935,2,28,41,2020-09-18,2022-09-11,BRONZE,79482,0,1,WEB
M0002936,2,27,13,2022-10-08,,GOLD,504840,0,1,STORE
M0002937,1,50,27,2025-06-30,,SILVER,314965,1,0,STORE
M0002938,1,24,26,2013-09-15,,SILVER,110677,0,1,WEB
M0002939,1,77,40,2022-08-04,,BRONZE,45845,1,1,WEB
M0002940,1,25,17,2013-08-02,,BRONZE,28926,0,1,APP
M0002941,9,33,28,2025-05-24,,PLATINUM,843599,0,1,APP
M0002942,1,34,01,2018-07-28,,SILVER,170932,0,1,STORE
M0002943,2,38,13,2024-01-02,,SILVER,78703,1,1,STORE
M0002944,1,58,14,2019-02-21,,BRONZE,25401,1,1,WEB
M0002945,1,61,01,2011-03-17,,BRONZE,44374,1,1,APP
M0002946,1,74,13,2015-08-16,,BRONZE,48210,0,1,WEB
M0002947,1,16,27,2019-09-30,,GOLD,172793,0,1,WEB
M0002948,2,25,40,2019-08-30,,SILVER,168625,0,1,STORE
M0002949,9,52,03,2018-10-20,,BRONZE,23118,0,1,WEB
M0002950,2,32,23,2021-05-07,,BRONZE,52082,0,1,WEB
M0002951,1,55,08,2019-03-28,,BRONZE,56893,1,1,STORE
M0002952,2,44,09,2012-11-19,,BRONZE,91164,1,1,WEB
M0002953,1,67,13,2011-04-03,,GOLD,441788,1,1,WEB
M0002954,2,58,36,2014-08-14,,GOLD,274601,1,1,STORE
M0002955,2,58,25,2012-03-16,,BRONZE,46261,1,0,APP
M0002956,1,33,27,2021-03-13,,BRONZE,12090,0,1,STORE
M0002957,1,38,23,2025-08-20,,PLATINUM,1293211,0,0,PHONE
M0002958,1,35,14,2024-11-01,,BRONZE,59647,0,1,WEB
M0002959,1,48,36,2019-01-23,,SILVER,114135,1,0,STORE
M0002960,2,65,40,2024-02-25,,BRONZE,13014,1,0,STORE
M0002961,2,53,40,2020-07-11,2023-12-20,BRONZE,27579,1,0,WEB
M0002962,9,34,37,2012-01-28,,BRONZE,19424,1,1,WEB
M0002963,1,62,01,2019-05-20,,BRONZE,60052,1,1,WEB
M0002964,2,29,13,2019-02-12,,BRONZE,23376,0,1,APP
M0002965,1,31,01,2018-10-20,,SILVER,263860,1,1,STORE
M0002966,2,57,21,2022-10-21,,BRONZE,100640,1,0,STORE
M0002967,1,18,14,2025-10-12,,GOLD,618284,0,1,WEB
M0002968,1,37,23,2013-10-18,,BRONZE,22231,0,1,STORE
M0002969,2,44,01,2010-04-12,2016-10-19,BRONZE,12214,1,1,WEB
M0002970,1,47,23,2020-04-16,,BRONZE,39192,1,1,PHONE
M0002971,2,54,47,2011-10-09,,BRONZE,19737,0,1,WEB
M0002972,2,50,23,2016-11-04,,BRONZE,125666,1,0,PHONE
M0002973,1,49,12,2024-12-01,2025-12-31,BRONZE,31073,1,1,PHONE
M0002974,2,27,20,2020-08-09,,GOLD,239893,0,0,PHONE
M0002975,2,45,13,2025-01-01,2025-12-31,BRONZE,112164,1,1,APP
M0002976,2,17,13,2010-07-07,,BRONZE,28253,0,1,WEB
M0002977,2,67,44,2021-04-21,,SILVER,219270,1,1,APP
M0002978,2,16,10,2015-01-03,,BRONZE,44911,0,1,WEB
M0002979,2,34,40,2011-03-11,,SILVER,367483,0,0,WEB
M0002980,2,18,13,2014-12-02,,PLATINUM,513402,1,1,PHONE
M0002981,2,28,13,2024-12-08,,BRONZE,34518,0,1,WEB
M0002982,1,40,13,2016-09-12,,BRONZE,264021,1,0,WEB
M0002983,1,31,40,2024-09-06,,SILVER,459027,0,1,APP
M0002984,2,59,28,2011-11-01,,SILVER,184362,1,0,APP
M0002985,1,44,13,2020-07-02,2025-12-31,GOLD,422198,1,1,WEB
M0002986,1,32,12,2016-12-26,,SILVER,138294,1,1,APP
M0002987,1,38,42,2014-10-17,,BRONZE,22372,1,1,STORE
M0002988,2,61,46,2018-08-31,,GOLD,261980,1,0,STORE
M0002989,1,55,26,2019-10-29,,BRONZE,5903,1,1,APP
M0002990,2,21,11,2010-06-05,,BRONZE,47991,1,0,STORE
M0002991,2,28,28,2020-06-18,,PLATINUM,606620,0,1,WEB
M0002992,2,48,23,2014-10-25,,SILVER,252873,1,1,APP
M0002993,1,46,13,2022-11-10,,BRONZE,24400,1,1,STORE
M0002994,2,22,30,2012-11-02,,BRONZE,46150,0,1,PHONE
M0002995,2,53,03,2014-07-29,,BRONZE,47632,1,1,STORE
M0002996,2,25,12,2025-07-22,,SILVER,164728,0,0,WEB
M0002997,2,62,27,2013-12-15,,GOLD,672543,1,0,WEB
M0002998,1,49,13,2012-01-31,2017-09-03,SILVER,147807,1,0,APP
M0002999,9,21,32,2018-10-22,,GOLD,193760,1,1,WEB
M0003000,1,31,13,2020-01-15,2022-03-28,SILVER,198296,1,1,APP
M0003001,2,31,13,2019-01-25,,BRONZE,34517,1,0,PHONE
M0003002,2,43,01,2016-06-06,,BRONZE,37606,1,1,STORE
M0003003,1,37,06,2011-09-20,,BRONZE,66586,0,1,APP
M0003004,2,21,13,2014-08-07,2023-06-25,BRONZE,31062,1,1,WEB
M0003005,1,16,27,2010-11-26,2018-06-02,BRONZE,31451,0,0,STORE
M0003006,2,49,20,2023-09-01,,GOLD,1143047,0,1,APP
M0003007,2,45,39,2014-02-26,,BRONZE,35288,1,1,WEB
M0003008,1,42,11,2020-08-16,,SILVER,149011,0,1,WEB
M0003009,1,45,20,2014-03-01,,GOLD,389452,1,0,WEB
M0003010,2,29,14,2019-12-05,,SILVER,560074,0,1,PHONE
M0003011,1,43,06,2011-06-18,2018-02-06,BRONZE,156318,1,0,STORE
M0003012,2,83,28,2011-07-02,,SILVER,122703,1,1,WEB
M0003013,2,60,29,2015-01-22,,GOLD,359074,1,0,WEB
M0003014,2,35,18,2014-02-22,,BRONZE,125054,0,1,WEB
M0003015,1,31,14,2015-02-26,,BRONZE,17838,0,1,WEB
M0003016,2,55,13,2014-06-04,,SILVER,196956,1,0,WEB
M0003017,2,58,22,2021-02-08,,BRONZE,50089,1,1,STORE
M0003018,1,53,13,2016-12-13,,SILVER,299778,1,1,APP
M0003019,1,31,04,2012-06-19,,BRONZE,28271,1,1,WEB
M0003020,1,16,11,2024-09-29,,GOLD,429068,0,0,STORE
M0003021,1,20,13,2020-02-29,,GOLD,355101,0,1,APP
M0003022,2,48,05,2016-06-16,,BRONZE,20913,0,0,WEB
M0003023,2,38,23,2018-02-25,,BRONZE,5329,0,1,APP
M0003024,2,52,31,2015-04-01,,BRONZE,39814,1,0,STORE
M0003025,1,41,27,2016-04-15,,SILVER,597830,1,0,WEB
M0003026,1,56,13,2011-02-19,,BRONZE,42012,1,1,STORE
M0003027,1,46,13,2023-04-20,,SILVER,178675,1,0,PHONE
M0003028,2,54,27,2016-02-28,2025-07-09,PLATINUM,1495314,1,1,STORE
M0003029,2,41,12,2021-02-20,,BRONZE,129173,0,0,APP
M0003030,1,19,40,2010-11-02,,BRONZE,83270,0,0,APP
M0003031,2,34,13,2011-06-20,,BRONZE,70549,1,1,APP
M0003032,1,58,45,2015-11-05,,BRONZE,83810,1,1,WEB
M0003033,1,72,13,2010-08-11,,GOLD,272245,1,1,PHONE
M0003034,1,37,14,2025-06-26,,BRONZE,90760,1,1,WEB
M0003035,9,30,33,2010-08-18,,SILVER,78438,1,1,WEB
M0003036,2,34,12,2018-11-24,,BRONZE,70340,1,0,APP
M0003037,2,55,14,2015-08-13,,BRONZE,131809,0,1,WEB
M0003038,1,31,44,2013-05-05,,BRONZE,20559,1,1,STORE
M0003039,1,90,23,2012-04-01,2020-11-27,GOLD,232049,0,1,WEB
M0003040,2,27,13,2014-10-15,,GOLD,368849,0,1,PHONE
M0003041,1,76,13,2010-10-27,,BRONZE,24882,1,1,WEB
M0003042,2,53,41,2019-02-20,,SILVER,192489,1,0,WEB
M0003043,2,23,14,2013-10-04,,BRONZE,25760,1,1,WEB
M0003044,1,44,22,2010-04-23,2011-09-28,BRONZE,33988,1,1,WEB
M0003045,2,53,13,2011-11-05,,BRONZE,44965,0,0,PHONE
M0003046,9,36,13,2024-05-24,,BRONZE,156777,0,0,APP
M0003047,2,54,30,2013-11-01,,GOLD,341052,1,1,STORE
M0003048,2,54,47,2019-04-02,2025-12-31,BRONZE,93575,1,1,APP
M0003049,2,50,13,2016-07-22,,GOLD,622275,1,1,STORE
M0003050,1,40,13,2017-11-16,,PLATINUM,1068574,1,0,APP
M0003051,2,20,09,2023-09-01,,BRONZE,94167,0,1,WEB
M0003052,1,39,23,2021-06-17,2025-12-31,SILVER,85230,0,1,STORE
M0003053,2,43,40,2018-10-26,,PLATINUM,1536962,1,0,APP
M0003054,2,26,27,2013-03-16,,BRONZE,47346,1,0,WEB
M0003055,2,43,41,2023-08-07,2024-10-15,BRONZE,45869,1,0,WEB
M0003056,2,38,13,2010-05-07,,SILVER,154499,1,1,APP
M0003057,2,18,27,2018-12-02,,SILVER,338299,0,0,WEB
M0003058,1,34,14,2019-11-05,,GOLD,465751,0,1,APP
M0003059,1,35,13,2025-02-18,,SILVER,133969,0,1,STORE
M0003060,1,73,23,2012-07-24,,BRONZE,63711,1,1,STORE
M0003061,2,44,14,2014-08-16,,SILVER,118547,0,1,STORE
M0003062,1,58,01,2010-03-13,,BRONZE,67658,1,1,APP
M0003063,1,38,40,2013-12-14,2021-12-07,GOLD,541502,0,1,APP
M0003064,2,41,13,2024-11-11,,SILVER,307170,1,1,WEB
M0003065,1,51,32,2010-02-20,2013-12-27,GOLD,380610,1,0,APP
M0003066,1,29,23,2022-08-13,,BRONZE,67629,0,1,APP
M0003067,1,34,14,2024-12-16,,GOLD,582297,1,0,APP
M0003068,1,22,13,2011-10-30,,PLATINUM,793134,1,1,APP
M0003069,2,41,01,2015-10-09,,PLATINUM,725809,1,0,WEB
M0003070,1,58,19,2024-05-05,,PLATINUM,1537897,1,0,STORE
M0003071,1,56,12,2021-07-10,2024-12-04,SILVER,179339,1,1,APP
M0003072,9,67,20,2011-01-30,,SILVER,311299,1,1,WEB
M0003073,2,69,13,2023-11-08,,BRONZE,215376,1,1,PHONE
M0003074,2,52,44,2022-11-06,2025-12-31,BRONZE,75348,1,1,STORE
M0003075,2,20,27,2014-12-28,,GOLD,272750,0,1,APP
M0003076,2,35,27,2016-08-19,,BRONZE,28819,1,0,STORE
M0003077,1,51,23,2014-11-17,,SILVER,173939,1,1,WEB
M0003078,2,28,13,2018-04-17,,SILVER,276143,1,1,APP
M0003079,2,32,11,2022-06-22,,SILVER,92487,0,1,WEB
M0003080,1,36,27,2020-09-10,,BRONZE,30548,1,0,APP
M0003081,1,47,15,2025-06-30,,GOLD,311321,1,1,WEB
M0003082,1,15,16,2011-08-01,,BRONZE,63095,0,1,WEB
M0003083,2,19,01,2024-10-13,,GOLD,293647,1,0,APP
M0003084,2,40,11,2024-07-10,,BRONZE,85342,1,1,STORE
M0003085,2,60,14,2016-02-12,2023-09-25,GOLD,795590,1,0,WEB
M0003086,1,40,25,2012-04-19,,GOLD,357405,1,0,PHONE
M0003087,1,27,23,2013-08-11,,PLATINUM,855792,0,1,STORE
M0003088,2,29,23,2025-01-24,,BRONZE,99200,0,1,STORE
M0003089,2,56,13,2010-02-25,,GOLD,363913,0,0,WEB
M0003090,2,27,27,2011-06-19,,BRONZE,71998,0,0,WEB
M0003091,2,20,40,2011-02-27,,BRONZE,19314,0,1,WEB
M0003092,2,41,06,2012-10-02,,BRONZE,146599,0,1,WEB
M0003093,2,16,29,2022-08-18,,SILVER,87726,0,1,STORE
M0003094,9,24,47,2010-12-03,2019-07-14,PLATINUM,846770,1,0,APP
M0003095,2,36,11,2025-06-09,,SILVER,182350,1,1,STORE
M0003096,1,19,11,2016-05-13,,BRONZE,102401,0,1,PHONE
M0003097,1,43,17,2018-07-05,,BRONZE,38172,1,1,APP
M0003098,1,36,14,2019-06-16,,BRONZE,64623,1,1,APP
M0003099,1,78,28,2022-12-24,,BRONZE,39862,1,1,WEB
M0003100,1,50,03,2020-01-01,,GOLD,491093,0,1,WEB
M0003101,9,43,27,2010-12-23,,BRONZE,38550,1,1,WEB
M0003102,1,43,27,2023-04-04,,SILVER,163430,0,1,APP
M0003103,9,22,14,2011-05-31,,BRONZE,17769,0,0,PHONE
M0003104,2,42,28,2018-06-15,,BRONZE,74751,1,1,WEB
M0003105,2,53,27,2023-11-12,,BRONZE,17595,1,0,APP
M0003106,2,42,27,2018-03-01,,BRONZE,32959,1,0,WEB
M0003107,1,64,13,2016-09-16,,SILVER,592804,1,1,APP
M0003108,2,37,22,2015-03-21,2021-07-11,SILVER,332378,0,1,WEB
M0003109,1,26,34,2022-07-25,,GOLD,427092,0,1,WEB
M0003110,2,65,36,2020-06-02,,BRONZE,140862,0,1,STORE
M0003111,1,56,25,2022-12-23,2025-12-31,BRONZE,66918,1,1,STORE
M0003112,1,49,13,2024-07-15,,SILVER,327998,1,0,WEB
M0003113,2,61,13,2019-06-23,,GOLD,247587,1,1,STORE
M0003114,2,42,23,2015-09-08,,SILVER,183632,1,1,WEB
M0003115,2,54,23,2019-06-30,,PLATINUM,1079711,1,1,WEB
M0003116,2,58,10,2015-09-14,,BRONZE,65381,1,0,WEB
M0003117,1,29,27,2013-04-15,,SILVER,99665,0,1,WEB
M0003118,2,85,39,2015-06-30,,SILVER,323200,0,1,STORE
M0003119,1,43,14,2017-08-31,,BRONZE,40685,0,1,PHONE
M0003120,1,41,28,2013-08-22,,BRONZE,16761,1,0,STORE
M0003121,1,46,31,2015-01-17,,BRONZE,66821,1,0,WEB
M0003122,1,28,23,2019-01-25,,BRONZE,70899,0,1,WEB
M0003123,1,60,16,2012-02-28,,BRONZE,87177,1,1,APP
M0003124,2,49,15,2011-09-09,2020-01-29,SILVER,88936,1,0,STORE
M0003125,1,30,20,2022-05-23,,BRONZE,37985,1,1,STORE
M0003126,1,66,22,2023-05-11,2025-12-31,SILVER,129114,1,1,APP
M0003127,2,56,40,2015-01-06,2017-12-21,SILVER,266405,0,1,WEB
M0003128,1,26,40,2012-03-16,2014-06-20,BRONZE,37560,0,1,PHONE
M0003129,2,37,22,2017-05-19,,SILVER,736959,0,0,STORE
M0003130,2,49,28,2012-10-13,2015-02-24,BRONZE,74417,1,1,PHONE
M0003131,1,34,01,2024-01-12,,BRONZE,20729,0,1,STORE
M0003132,2,34,40,2011-02-05,,SILVER,477491,0,1,APP
M0003133,1,41,27,2018-01-21,,BRONZE,88338,1,1,STORE
M0003134,1,22,11,2016-02-07,,BRONZE,35755,0,1,WEB
M0003135,2,28,44,2017-06-19,,SILVER,273085,1,0,PHONE
M0003136,2,44,14,2022-02-14,,SILVER,585733,0,1,STORE
M0003137,2,41,27,2014-03-11,,SILVER,156246,0,1,WEB
M0003138,1,23,13,2024-07-24,,SILVER,200454,0,1,APP
M0003139,2,52,23,2025-08-25,2025-12-31,SILVER,414824,1,1,STORE
M0003140,1,58,14,2016-12-12,2024-02-13,SILVER,99193,0,0,WEB
M0003141,1,47,05,2016-03-03,,GOLD,280540,1,1,APP
M0003142,1,36,13,2013-10-06,2016-04-29,BRONZE,61384,1,1,WEB
M0003143,9,36,27,2023-01-08,,SILVER,241389,1,0,WEB
M0003144,1,18,13,2021-08-11,,BRONZE,201194,0,0,APP
M0003145,2,29,13,2017-03-13,2021-12-10,BRONZE,41334,1,1,APP
M0003146,2,46,24,2021-01-04,,GOLD,607190,1,1,WEB
M0003147,2,39,36,2015-11-21,,BRONZE,55122,0,1,WEB
M0003148,2,54,17,2020-11-27,,BRONZE,51060,0,1,STORE
M0003149,2,56,31,2023-02-14,,SILVER,249507,1,0,STORE
M0003150,1,36,13,2017-02-04,,BRONZE,12514,1,0,WEB
M0003151,1,53,35,2020-08-29,,GOLD,279742,1,1,PHONE
M0003152,2,27,11,2019-01-17,,PLATINUM,1355326,0,1,WEB
M0003153,1,38,18,2011-02-28,,BRONZE,76711,0,1,WEB
M0003154,1,27,01,2010-12-29,,GOLD,640967,0,1,WEB
M0003155,1,22,14,2014-03-20,2021-11-05,SILVER,196483,0,1,WEB
M0003156,1,41,27,2014-01-01,,SILVER,118702,1,0,WEB
M0003157,1,81,13,2013-01-14,,BRONZE,6813,1,1,WEB
M0003158,1,32,40,2024-10-31,,GOLD,373314,1,1,APP
M0003159,2,40,23,2019-09-12,2020-12-27,SILVER,248731,1,1,STORE
M0003160,1,18,46,2010-09-02,,PLATINUM,864978,0,1,WEB
M0003161,9,61,13,2024-06-16,,GOLD,151030,1,1,APP
M0003162,9,55,01,2014-10-29,,SILVER,231728,1,1,APP
M0003163,1,54,23,2025-10-23,,GOLD,582917,0,1,STORE
M0003164,2,63,13,2013-08-17,,BRONZE,72221,1,1,WEB
M0003165,2,33,14,2011-05-09,2016-03-16,GOLD,620090,1,1,WEB
M0003166,2,35,11,2012-02-01,,BRONZE,30812,1,1,STORE
M0003167,1,69,23,2016-03-06,,BRONZE,25349,1,1,STORE
M0003168,1,51,27,2024-10-15,,GOLD,567986,0,1,STORE
M0003169,1,29,13,2018-11-03,,BRONZE,48672,0,0,WEB
M0003170,2,48,14,2012-01-06,,GOLD,373445,1,1,WEB
M0003171,9,30,26,2015-02-02,,BRONZE,19766,1,1,APP
M0003172,2,55,22,2017-10-30,,SILVER,151944,1,1,WEB
M0003173,2,47,27,2018-09-16,,SILVER,295412,1,1,APP
M0003174,9,51,12,2023-06-08,,BRONZE,46229,1,1,STORE
M0003175,2,45,38,2010-09-24,,GOLD,390353,1,1,APP
M0003176,1,44,13,2010-01-23,,BRONZE,23218,1,1,WEB
M0003177,2,46,13,2021-07-12,,GOLD,375123,1,1,WEB
M0003178,1,50,13,2011-09-27,,PLATINUM,718699,1,1,STORE
M0003179,1,65,13,2020-12-06,,SILVER,333990,0,1,STORE
M0003180,2,47,24,2015-06-22,,PLATINUM,570300,0,0,STORE
M0003181,2,40,24,2016-03-18,,SILVER,140714,1,1,APP
M0003182,1,60,28,2012-05-12,,PLATINUM,984235,1,1,WEB
M0003183,2,78,14,2022-05-20,,GOLD,236083,0,1,APP
M0003184,1,56,22,2012-12-03,2018-12-16,SILVER,256187,0,1,STORE
M0003185,1,44,27,2010-02-17,,PLATINUM,749898,0,0,STORE
M0003186,1,47,13,2019-06-17,,SILVER,398905,1,1,WEB
M0003187,2,44,13,2012-06-04,,SILVER,402610,1,1,APP
M0003188,2,40,30,2012-09-24,,GOLD,503455,1,0,STORE
M0003189,1,77,08,2013-06-29,,SILVER,129567,1,1,PHONE
M0003190,1,27,01,2020-03-22,,BRONZE,20277,0,1,STORE
M0003191,1,60,09,2022-01-12,,BRONZE,42911,1,0,STORE
M0003192,1,38,13,2024-08-25,,SILVER,341854,0,1,WEB
M0003193,2,15,40,2025-09-18,,BRONZE,82419,0,1,WEB
M0003194,2,37,24,2013-09-02,,SILVER,177128,0,0,STORE
M0003195,2,31,37,2013-06-12,,BRONZE,82896,0,1,APP
M0003196,1,50,23,2013-05-25,2023-03-10,BRONZE,34171,1,1,WEB
M0003197,2,42,13,2012-12-29,,GOLD,414529,0,1,APP
M0003198,1,23,45,2010-03-08,,BRONZE,35669,1,0,APP
M0003199,1,65,40,2019-05-28,,GOLD,317648,1,1,WEB
M0003200,2,59,14,2010-03-27,,SILVER,301004,1,1,APP
M0003201,2,67,13,2010-08-14,,GOLD,287710,0,1,PHONE
M0003202,2,44,13,2016-05-06,,SILVER,138212,1,1,STORE
M0003203,2,39,01,2022-12-18,,BRONZE,34190,1,1,APP
M0003204,2,52,01,2017-10-28,,BRONZE,21673,0,0,WEB
M0003205,2,30,27,2016-05-12,2025-08-02,GOLD,477383,0,0,STORE
M0003206,1,42,13,2012-12-04,,SILVER,93454,0,1,STORE
M0003207,1,37,23,2020-11-18,,BRONZE,24022,1,0,WEB
M0003208,1,15,11,2015-03-03,,PLATINUM,908392,0,1,STORE
M0003209,1,42,14,2025-12-11,2025-12-31,SILVER,261048,1,1,WEB
M0003210,1,33,27,2012-03-30,,BRONZE,60178,1,0,WEB
M0003211,1,36,31,2022-07-27,,BRONZE,29988,1,1,WEB
M0003212,2,46,46,2020-11-25,,GOLD,747190,1,0,WEB
M0003213,2,62,14,2015-11-08,2017-05-16,BRONZE,40734,1,1,WEB
M0003214,2,26,06,2016-04-15,,GOLD,471937,0,0,STORE
M0003215,1,34,31,2025-05-23,,BRONZE,24473,0,1,PHONE
M0003216,2,27,13,2021-10-01,,BRONZE,87031,0,1,STORE
M0003217,1,26,36,2010-09-09,,BRONZE,78204,0,1,APP
M0003218,1,30,23,2018-10-22,,GOLD,261707,0,1,WEB
M0003219,1,37,28,2021-11-04,,BRONZE,148661,1,1,PHONE
M0003220,1,50,23,2016-01-14,,PLATINUM,635209,1,1,WEB
M0003221,1,45,27,2021-01-18,,BRONZE,129690,0,0,PHONE
M0003222,2,22,19,2020-01-09,,PLATINUM,837031,0,1,APP
M0003223,2,62,10,2015-04-02,,BRONZE,22295,1,1,APP
M0003224,2,56,13,2010-02-11,,SILVER,310491,1,1,PHONE
M0003225,1,25,28,2010-07-25,,BRONZE,27387,0,1,APP
M0003226,2,61,43,2021-01-17,2025-12-31,BRONZE,54351,1,1,PHONE
M0003227,2,46,32,2022-05-28,,GOLD,445614,1,1,STORE
M0003228,1,37,01,2015-12-09,,BRONZE,26886,1,1,WEB
M0003229,2,46,27,2017-08-13,,GOLD,545529,1,1,APP
M0003230,2,40,14,2018-03-21,,SILVER,284702,0,0,STORE
M0003231,1,49,13,2024-02-17,,SILVER,132909,1,1,WEB
M0003232,1,43,25,2018-05-17,2025-03-10,BRONZE,58950,0,1,APP
M0003233,2,34,19,2019-02-18,2025-12-31,PLATINUM,678453,1,1,WEB
M0003234,1,48,36,2018-12-08,,GOLD,597748,1,0,WEB
M0003235,1,49,13,2012-01-31,,GOLD,553143,1,1,WEB
M0003236,1,34,44,2021-03-28,,BRONZE,39239,1,0,WEB
M0003237,9,53,44,2024-07-12,2025-12-31,BRONZE,94980,1,0,WEB
M0003238,1,48,03,2011-10-09,,GOLD,474741,1,1,APP
M0003239,1,34,33,2011-02-21,,SILVER,58078,1,0,APP
M0003240,1,57,11,2017-10-28,2025-12-03,BRONZE,96903,0,0,WEB
M0003241,2,43,14,2022-03-28,,SILVER,309541,0,0,WEB
M0003242,2,43,13,2011-05-01,,BRONZE,40348,1,1,WEB
M0003243,2,38,13,2021-11-23,,SILVER,414747,1,0,APP
M0003244,1,69,13,2013-09-30,,SILVER,65920,1,0,STORE
M0003245,1,28,05,2012-12-08,,SILVER,171673,0,1,STORE
M0003246,2,35,14,2013-01-11,,BRONZE,13893,1,1,APP
M0003247,1,19,13,2018-06-02,,BRONZE,81137,0,1,WEB
M0003248,2,52,13,2019-07-31,,BRONZE,32598,0,1,WEB
M0003249,2,30,02,2017-05-22,2024-01-20,BRONZE,49185,0,0,APP
M0003250,2,32,41,2019-09-13,,SILVER,125225,0,1,WEB
M0003251,9,31,40,2022-11-18,,PLATINUM,1419254,0,1,APP
M0003252,2,41,19,2023-04-18,,BRONZE,45437,0,0,STORE
M0003253,1,19,45,2021-09-01,,GOLD,1064729,0,1,STORE
M0003254,2,28,07,2018-05-08,,SILVER,226191,0,1,WEB
M0003255,1,48,09,2013-07-02,,PLATINUM,1152481,1,1,WEB
M0003256,2,32,01,2021-11-30,,BRONZE,65425,0,1,WEB
M0003257,1,55,45,2020-10-08,,SILVER,390208,1,1,STORE
M0003258,1,66,14,2024-03-23,,SILVER,151308,1,1,WEB
M0003259,2,37,19,2021-05-25,,PLATINUM,1199268,0,1,PHONE
M0003260,1,62,40,2012-02-20,,BRONZE,27490,1,1,PHONE
M0003261,1,40,13,2019-02-12,,BRONZE,22850,1,1,APP
M0003262,2,67,10,2021-07-15,,GOLD,237583,0,0,APP
M0003263,1,32,25,2025-12-15,,BRONZE,55596,0,1,APP
M0003264,2,52,31,2015-04-01,,GOLD,816608,0,1,APP
M0003265,1,39,38,2023-10-06,,BRONZE,89172,0,1,STORE
M0003266,1,69,15,2014-06-14,,BRONZE,38988,1,0,WEB
M0003267,1,49,23,2016-01-12,2022-07-27,BRONZE,45771,1,0,WEB
M0003268,2,31,41,2025-05-29,2025-12-31,SILVER,155277,1,0,APP
M0003269,9,46,27,2012-08-17,2020-09-14,SILVER,243182,1,1,PHONE
M0003270,1,57,13,2013-04-21,,GOLD,561530,0,1,STORE
M0003271,9,39,11,2023-05-14,,SILVER,69152,0,1,APP
M0003272,2,85,28,2024-08-19,,SILVER,212838,0,1,APP
M0003273,2,31,04,2011-09-05,2021-06-13,SILVER,339404,0,0,STORE
M0003274,2,57,24,2023-03-07,2025-12-31,BRONZE,21790,1,1,WEB
M0003275,2,53,13,2019-06-05,,SILVER,200469,1,1,WEB
M0003276,2,28,21,2024-01-22,,PLATINUM,659661,0,1,WEB
M0003277,2,33,01,2017-12-13,,PLATINUM,504071,1,1,WEB
M0003278,2,57,42,2019-05-18,2023-03-31,BRONZE,71655,1,0,WEB
M0003279,1,42,14,2013-09-17,,SILVER,160522,1,0,STORE
M0003280,1,46,01,2019-05-11,,SILVER,173735,1,1,STORE
M0003281,2,63,17,2016-09-11,,SILVER,147984,0,0,WEB
M0003282,1,51,23,2016-06-10,,BRONZE,75375,1,0,APP
M0003283,1,45,13,2014-06-24,,PLATINUM,1315761,1,1,APP
M0003284,1,39,13,2016-05-31,2021-08-04,BRONZE,46384,0,1,PHONE
M0003285,1,46,13,2012-09-09,,BRONZE,25279,1,0,APP
M0003286,2,33,23,2023-08-12,2025-12-31,GOLD,1126431,0,1,APP
M0003287,2,30,12,2016-06-24,,SILVER,194332,0,1,WEB
M0003288,1,36,28,2016-03-16,,GOLD,252088,1,1,APP
M0003289,1,32,07,2025-09-03,,BRONZE,52948,1,1,APP
M0003290,1,77,13,2017-10-15,,BRONZE,39310,1,1,STORE
M0003291,1,56,13,2021-03-29,,PLATINUM,790877,0,1,PHONE
M0003292,2,24,17,2025-12-10,2025-12-31,BRONZE,38869,1,0,WEB
M0003293,2,75,19,2023-10-18,,BRONZE,19912,0,1,APP
M0003294,2,33,06,2015-09-02,,SILVER,91660,0,1,STORE
M0003295,2,41,15,2018-07-10,2021-03-23,PLATINUM,801709,0,0,WEB
M0003296,9,55,43,2023-03-01,2025-12-31,PLATINUM,633850,1,1,PHONE
M0003297,2,24,41,2018-01-02,,PLATINUM,657114,0,0,WEB
M0003298,2,36,12,2014-06-08,,BRONZE,59715,0,0,WEB
M0003299,2,30,14,2018-06-17,,GOLD,832117,1,0,PHONE
M0003300,1,43,13,2010-05-27,,BRONZE,56030,1,0,WEB
M0003301,2,46,12,2024-02-04,,BRONZE,67031,0,0,WEB
M0003302,1,39,11,2019-06-30,,BRONZE,45451,1,1,WEB
M0003303,1,38,13,2014-02-05,,BRONZE,122794,0,0,WEB
M0003304,9,58,27,2017-09-02,,BRONZE,49934,1,1,APP
M0003305,2,45,39,2010-07-04,,GOLD,866507,1,1,WEB
M0003306,1,41,13,2022-08-03,,PLATINUM,1013713,1,0,WEB
M0003307,1,43,20,2018-06-30,,BRONZE,132759,1,1,PHONE
M0003308,1,71,36,2010-01-25,,BRONZE,49675,1,1,APP
M0003309,2,43,05,2017-05-10,,BRONZE,22225,1,1,WEB
M0003310,1,31,13,2011-02-17,,SILVER,245985,0,1,PHONE
M0003311,2,68,29,2016-03-12,2020-02-27,GOLD,359187,1,1,APP
M0003312,2,16,12,2023-10-03,2025-12-31,SILVER,116515,0,1,STORE
M0003313,2,32,27,2020-06-18,,BRONZE,89756,0,0,STORE
M0003314,2,38,01,2017-09-10,,PLATINUM,1077454,1,0,STORE
M0003315,1,31,13,2018-03-10,2021-10-20,SILVER,202072,0,1,STORE
M0003316,1,46,07,2018-02-07,,GOLD,320260,1,1,WEB
M0003317,2,30,36,2011-07-23,,SILVER,149801,1,0,PHONE
M0003318,1,24,23,2013-08-08,,SILVER,193560,0,1,WEB
M0003319,1,50,42,2023-01-24,,BRONZE,38748,0,1,WEB
M0003320,1,63,11,2024-10-25,,BRONZE,31144,0,1,APP
M0003321,1,21,31,2012-05-01,,SILVER,311020,1,1,APP
M0003322,1,44,18,2024-08-18,,BRONZE,103409,1,1,STORE
M0003323,2,60,13,2010-06-27,,SILVER,221994,1,0,WEB
M0003324,2,15,37,2018-04-08,,SILVER,61759,0,1,STORE
M0003325,2,30,36,2023-03-29,,SILVER,200432,0,1,APP
M0003326,2,59,14,2013-06-26,,BRONZE,20852,1,1,WEB
M0003327,1,27,20,2025-03-08,2025-12-31,GOLD,1052005,0,1,APP
M0003328,2,26,27,2025-09-22,,BRONZE,14669,0,1,WEB
M0003329,2,41,13,2016-10-16,2024-11-22,BRONZE,42890,1,1,APP
M0003330,1,41,27,2024-04-12,,BRONZE,61747,1,1,STORE
M0003331,2,27,23,2011-04-08,,BRONZE,91772,0,1,WEB
M0003332,1,74,13,2018-05-06,,BRONZE,47035,1,1,WEB
M0003333,1,35,13,2014-09-06,,GOLD,323624,1,0,STORE
M0003334,1,42,42,2020-01-09,,GOLD,683975,1,0,WEB
M0003335,1,33,23,2014-01-04,,SILVER,222119,1,1,WEB
M0003336,1,47,25,2017-01-13,2022-01-17,BRONZE,10345,0,1,APP
M0003337,2,61,27,2021-09-16,,PLATINUM,1098575,1,0,WEB
M0003338,2,68,13,2013-04-19,,GOLD,695626,1,1,APP
M0003339,1,27,19,2023-06-22,,BRONZE,25339,0,1,WEB
M0003340,2,59,14,2020-11-26,,SILVER,194605,1,0,WEB
M0003341,1,49,11,2014-01-05,2021-05-18,PLATINUM,1153159,0,0,WEB
M0003342,2,57,47,2020-09-15,,GOLD,421996,1,1,APP
M0003343,1,38,14,2015-02-01,,BRONZE,20702,1,1,APP
M0003344,1,37,11,2018-10-04,,SILVER,136364,0,0,STORE
M0003345,2,56,12,2019-10-07,,SILVER,195479,1,1,WEB
M0003346,2,56,13,2023-01-12,,SILVER,304633,0,0,APP
M0003347,2,67,08,2015-07-30,,PLATINUM,544930,1,1,WEB
M0003348,2,43,11,2017-03-25,,SILVER,172494,1,1,STORE
M0003349,2,38,13,2017-01-30,,BRONZE,13362,0,1,STORE
M0003350,1,43,11,2023-10-11,2025-12-31,SILVER,398720,0,1,STORE
M0003351,1,36,11,2023-06-21,2024-11-17,PLATINUM,931316,1,1,STORE
M0003352,1,33,12,2013-06-22,,GOLD,420859,1,1,APP
M0003353,1,21,39,2011-09-08,2013-04-02,BRONZE,35508,0,1,APP
M0003354,1,54,17,2025-05-22,,GOLD,911764,1,1,WEB
M0003355,2,18,40,2012-09-03,,BRONZE,57198,0,1,APP
M0003356,1,31,44,2013-04-13,,PLATINUM,753448,1,1,STORE
M0003357,2,32,20,2011-11-25,,SILVER,144484,0,1,PHONE
M0003358,2,60,13,2012-07-24,,BRONZE,98679,1,0,STORE
M0003359,2,30,13,2011-01-05,,BRONZE,70775,0,0,APP
M0003360,2,48,27,2019-08-28,,BRONZE,33831,1,1,WEB
M0003361,1,43,13,2018-02-28,,BRONZE,106663,0,1,WEB
M0003362,1,55,23,2011-06-28,,BRONZE,43153,1,1,WEB
M0003363,2,54,14,2020-06-07,,GOLD,397952,1,1,WEB
M0003364,2,39,44,2012-09-08,,BRONZE,52162,0,1,APP
M0003365,1,47,11,2018-08-12,2020-04-10,PLATINUM,799816,1,0,WEB
M0003366,1,36,27,2021-08-31,,BRONZE,31451,1,0,WEB
M0003367,2,40,44,2016-10-25,,SILVER,119434,1,1,WEB
M0003368,2,45,23,2014-12-06,,SILVER,178116,0,1,WEB
M0003369,1,27,13,2024-05-05,,BRONZE,42119,0,0,APP
M0003370,1,59,13,2022-10-20,,SILVER,72374,1,0,WEB
M0003371,2,40,03,2023-07-06,,GOLD,360043,1,1,WEB
M0003372,1,24,23,2012-06-28,,BRONZE,29786,0,1,WEB
M0003373,2,32,01,2014-05-16,2023-06-14,BRONZE,19010,0,0,PHONE
M0003374,1,73,30,2016-03-01,,GOLD,129958,1,1,WEB
M0003375,2,51,04,2012-09-10,,BRONZE,78097,0,0,STORE
M0003376,1,58,31,2016-03-07,,BRONZE,56227,0,1,STORE
M0003377,1,22,15,2013-12-18,,BRONZE,69777,0,1,STORE
M0003378,2,28,03,2017-09-08,,SILVER,199143,0,1,STORE
M0003379,2,28,13,2021-04-26,,PLATINUM,1429946,0,1,WEB
M0003380,9,43,23,2016-07-26,,BRONZE,30546,1,0,WEB
M0003381,1,37,11,2021-07-21,2025-12-31,SILVER,169413,0,0,WEB
M0003382,2,32,28,2016-03-10,,BRONZE,81929,0,1,PHONE
M0003383,2,34,40,2017-11-28,,GOLD,704771,0,1,APP
M0003384,2,27,01,2015-04-04,2021-09-04,GOLD,387558,0,0,WEB
M0003385,1,37,40,2011-05-11,,BRONZE,16674,1,1,WEB
M0003386,2,59,28,2010-03-30,,BRONZE,73042,1,0,STORE
M0003387,2,29,40,2012-12-07,,SILVER,281984,1,0,WEB
M0003388,2,46,36,2019-11-13,2025-12-31,SILVER,85087,1,1,WEB
M0003389,1,63,40,2011-08-07,2013-05-26,SILVER,249245,1,1,STORE
M0003390,1,37,09,2017-07-30,,BRONZE,80245,0,1,WEB
M0003391,1,31,01,2012-02-15,,BRONZE,24169,1,1,WEB
M0003392,2,56,40,2015-12-22,,BRONZE,109262,0,0,WEB
M0003393,9,23,22,2014-04-30,2022-01-11,GOLD,492376,0,1,STORE
M0003394,1,40,38,2013-05-20,,SILVER,216051,1,1,APP
M0003395,2,22,17,2018-03-31,,BRONZE,119083,0,1,STORE
M0003396,2,37,42,2024-04-06,,GOLD,424278,1,1,APP
M0003397,1,37,11,2020-06-12,,GOLD,767724,0,1,STORE
M0003398,1,19,37,2013-10-22,,GOLD,624008,0,1,STORE
M0003399,2,40,33,2023-08-02,,SILVER,441844,0,1,PHONE
M0003400,2,59,17,2024-09-25,,SILVER,183708,0,0,APP
M0003401,1,72,26,2022-02-09,,SILVER,201623,1,0,WEB
M0003402,2,42,09,2013-06-23,2015-02-28,BRONZE,33436,1,0,STORE
M0003403,2,57,23,2012-09-06,2021-08-20,SILVER,274669,1,1,WEB
M0003404,2,47,28,2025-07-18,,SILVER,72344,0,0,WEB
M0003405,2,33,40,2024-03-22,,SILVER,348539,1,1,STORE
M0003406,2,15,02,2016-09-19,2023-05-20,SILVER,131253,0,1,WEB
M0003407,2,68,14,2017-04-24,2018-07-05,BRONZE,117224,1,1,PHONE
M0003408,1,22,10,2018-07-11,2025-08-30,SILVER,84746,0,1,APP
M0003409,2,64,23,2024-03-21,2025-12-31,BRONZE,12914,1,1,APP
M0003410,1,49,14,2014-10-13,2022-10-23,GOLD,302193,0,1,WEB
M0003411,2,23,13,2020-11-08,,PLATINUM,549583,1,1,WEB
M0003412,1,45,27,2025-01-10,,SILVER,192605,0,0,WEB
M0003413,2,76,12,2014-10-16,,BRONZE,31816,1,0,STORE
M0003414,1,66,40,2014-07-10,,BRONZE,6818,1,1,STORE
M0003415,1,31,13,2012-02-25,,GOLD,373778,0,0,WEB
M0003416,1,28,14,2021-09-07,,BRONZE,95849,0,0,APP
M0003417,2,42,40,2014-05-10,,GOLD,567763,1,1,WEB
M0003418,2,37,27,2010-04-30,,BRONZE,17129,1,1,APP
M0003419,1,60,14,2018-01-16,2025-09-16,GOLD,790086,1,1,PHONE
M0003420,2,53,07,2018-12-10,,BRONZE,12758,0,1,WEB
M0003421,2,33,15,2010-04-13,,SILVER,359199,0,1,APP
M0003422,1,48,43,2021-11-12,2025-09-11,BRONZE,60079,1,1,PHONE
M0003423,2,37,13,2018-12-10,,PLATINUM,1014726,1,0,WEB
M0003424,1,41,14,2017-07-14,2025-10-12,SILVER,168530,0,0,WEB
M0003425,1,44,13,2015-07-02,2016-11-14,SILVER,210685,1,1,STORE
M0003426,2,60,01,2020-04-17,,BRONZE,103278,0,1,PHONE
M0003427,1,57,13,2022-01-05,,SILVER,73531,0,1,APP
M0003428,2,27,27,2022-04-16,,BRONZE,37671,0,1,WEB
M0003429,2,39,28,2016-03-17,,BRONZE,55006,0,1,WEB
M0003430,2,32,14,2018-01-02,,SILVER,130391,0,1,WEB
M0003431,2,80,28,2014-01-23,,SILVER,199446,0,1,WEB
M0003432,2,38,12,2013-06-28,2019-05-23,GOLD,470804,1,1,APP
M0003433,9,71,26,2023-10-19,,BRONZE,145888,1,0,PHONE
M0003434,1,41,40,2016-05-07,2018-12-13,GOLD,490269,1,1,PHONE
M0003435,1,40,27,2014-05-18,,BRONZE,25701,1,1,WEB
M0003436,2,39,23,2021-09-10,,SILVER,339548,1,0,PHONE
M0003437,1,45,13,2021-02-23,2025-07-26,SILVER,222249,1,1,WEB
M0003438,1,24,13,2014-05-04,,PLATINUM,1001312,1,1,WEB
M0003439,1,16,11,2012-10-17,,BRONZE,17608,0,0,WEB
M0003440,2,17,27,2020-02-11,,SILVER,187456,0,1,APP
M0003441,1,63,13,2024-09-09,,GOLD,439721,1,1,WEB
M0003442,1,23,04,2012-05-16,2019-05-04,GOLD,253611,0,1,STORE
M0003443,1,32,24,2013-10-31,,GOLD,375352,1,1,WEB
M0003444,1,76,13,2024-11-19,,BRONZE,74835,1,0,WEB
M0003445,2,28,28,2021-09-21,,GOLD,417864,0,0,WEB
M0003446,1,46,46,2019-08-25,,PLATINUM,820406,0,0,WEB
M0003447,2,58,27,2015-05-17,2024-10-20,SILVER,163712,0,0,WEB
M0003448,2,57,09,2017-06-29,2025-02-08,SILVER,202052,1,0,WEB
M0003449,1,17,13,2013-01-10,,BRONZE,40951,0,1,STORE
M0003450,2,28,39,2022-12-26,,BRONZE,135559,0,0,WEB
M0003451,2,45,13,2018-01-09,,BRONZE,20186,1,1,APP
M0003452,2,73,14,2022-10-03,2023-10-18,BRONZE,12149,1,1,WEB
M0003453,1,27,45,2024-01-17,2025-12-31,SILVER,117684,0,1,WEB
M0003454,1,32,03,2011-07-23,,GOLD,671569,0,1,APP
M0003455,9,47,27,2023-10-20,2025-12-31,BRONZE,18323,0,1,WEB
M0003456,2,51,20,2014-11-30,,BRONZE,82000,0,1,WEB
M0003457,2,52,35,2015-03-31,,BRONZE,115864,1,0,STORE
M0003458,2,26,23,2017-05-03,,GOLD,922620,1,1,APP
M0003459,1,31,13,2014-10-04,,BRONZE,105795,0,1,APP
M0003460,2,44,27,2015-06-14,2017-10-11,GOLD,312693,1,1,WEB
M0003461,2,61,41,2021-02-04,,BRONZE,62695,1,0,WEB
M0003462,2,36,13,2015-01-29,,SILVER,156484,1,1,WEB
M0003463,1,40,14,2019-09-23,,SILVER,197187,1,1,WEB
M0003464,1,23,13,2015-08-21,,GOLD,480454,0,1,WEB
M0003465,2,72,13,2015-03-16,2023-12-30,SILVER,77796,1,1,STORE
M0003466,2,43,23,2012-04-10,,GOLD,491066,1,1,PHONE
M0003467,2,58,40,2023-10-28,,BRONZE,120180,1,1,WEB
M0003468,1,41,13,2011-11-29,,SILVER,662141,1,1,APP
M0003469,1,41,13,2018-11-10,2025-12-31,BRONZE,32683,0,1,WEB
M0003470,9,43,13,2014-03-02,,PLATINUM,1108146,1,1,APP
M0003471,1,39,13,2025-10-23,,SILVER,140622,1,1,APP
M0003472,1,61,13,2011-02-14,,SILVER,188845,1,1,STORE
M0003473,2,41,15,2016-10-24,2018-10-08,GOLD,368178,1,1,APP
M0003474,1,44,13,2018-03-01,,BRONZE,12453,1,0,APP
M0003475,2,19,14,2025-10-15,,BRONZE,12898,1,0,APP
M0003476,1,25,28,2012-06-13,,BRONZE,18079,0,1,STORE
M0003477,2,58,15,2023-05-01,,BRONZE,12903,1,1,WEB
M0003478,2,70,03,2011-01-30,,SILVER,90974,1,1,STORE
M0003479,2,29,46,2014-08-22,,BRONZE,19291,1,1,WEB
M0003480,2,51,27,2023-05-25,,BRONZE,26159,1,1,PHONE
M0003481,1,43,13,2016-01-12,2024-10-24,BRONZE,76460,1,1,WEB
M0003482,2,38,13,2019-05-27,2025-12-31,BRONZE,61438,0,1,STORE
M0003483,2,71,13,2016-04-06,,BRONZE,122173,1,1,STORE
M0003484,2,32,45,2024-05-17,,SILVER,44106,1,1,WEB
M0003485,2,61,28,2011-06-23,,BRONZE,17846,0,0,WEB
M0003486,2,46,21,2025-09-25,,GOLD,306540,1,0,WEB
M0003487,2,40,46,2013-09-29,,BRONZE,64924,0,1,STORE
M0003488,2,63,29,2019-07-01,,BRONZE,106778,1,1,STORE
M0003489,1,45,40,2014-03-09,2018-03-30,BRONZE,34967,1,1,WEB
M0003490,2,38,33,2022-09-26,,BRONZE,36612,0,1,APP
M0003491,2,63,11,2021-04-09,,PLATINUM,645169,1,1,WEB
M0003492,1,61,13,2012-07-21,2014-02-24,SILVER,400218,1,1,STORE
M0003493,2,60,28,2013-12-11,,BRONZE,131530,1,0,WEB
M0003494,2,26,37,2021-03-05,,PLATINUM,992072,1,1,APP
M0003495,1,47,19,2018-01-15,,SILVER,205713,1,1,WEB
M0003496,2,44,40,2018-10-17,,GOLD,493094,1,1,APP
M0003497,2,39,30,2015-11-12,,BRONZE,38974,0,0,APP
M0003498,2,50,11,2020-10-27,,BRONZE,136358,1,1,WEB
M0003499,1,44,04,2024-11-13,,BRONZE,17725,1,1,PHONE
M0003500,2,52,14,2011-09-05,,BRONZE,155311,1,0,STORE
M0003501,1,35,27,2021-02-04,2024-06-15,PLATINUM,602395,0,1,WEB
M0003502,2,65,14,2024-12-21,,BRONZE,102483,1,1,WEB
M0003503,1,53,33,2013-07-19,,BRONZE,25599,1,0,APP
M0003504,2,49,46,2016-09-05,,SILVER,67444,0,1,STORE
M0003505,2,48,27,2019-01-25,,SILVER,119728,0,1,STORE
M0003506,2,60,13,2022-05-31,,SILVER,562603,1,1,WEB
M0003507,2,57,13,2020-12-30,,BRONZE,40297,0,1,WEB
M0003508,2,38,16,2025-11-07,2025-12-31,BRONZE,20974,1,0,STORE
M0003509,2,57,23,2018-11-30,,BRONZE,35393,1,1,WEB
M0003510,1,43,28,2023-12-22,,GOLD,356119,1,1,APP
M0003511,9,73,13,2018-04-27,,BRONZE,14222,0,0,APP
M0003512,2,59,13,2014-12-27,,GOLD,522407,0,0,WEB
M0003513,9,29,37,2020-10-15,,SILVER,254542,0,0,WEB
M0003514,9,80,28,2016-06-07,2021-12-25,GOLD,210967,0,1,WEB
M0003515,2,35,27,2020-07-10,,GOLD,289373,0,1,WEB
M0003516,2,51,27,2020-05-18,,SILVER,55043,0,0,PHONE
M0003517,2,28,27,2011-03-07,,GOLD,691824,1,1,APP
M0003518,1,72,13,2018-08-11,2022-12-08,BRONZE,12224,1,1,WEB
M0003519,2,44,13,2010-03-20,,BRONZE,20786,1,0,STORE
M0003520,2,27,08,2016-07-25,,SILVER,154825,0,1,WEB
M0003521,2,35,27,2020-07-06,2021-12-26,BRONZE,103318,1,1,APP
M0003522,2,28,40,2020-06-15,,SILVER,182520,0,1,PHONE
M0003523,1,35,23,2011-08-27,2019-04-28,BRONZE,13598,0,1,STORE
M0003524,1,34,14,2024-07-21,2025-12-31,BRONZE,130707,1,1,WEB
M0003525,2,27,11,2021-10-22,,BRONZE,94841,0,1,WEB
M0003526,1,45,31,2014-12-14,,GOLD,486568,1,1,STORE
M0003527,1,47,27,2017-03-12,,SILVER,260065,1,1,APP
M0003528,1,23,20,2012-01-21,,GOLD,385652,0,0,PHONE
M0003529,2,42,27,2015-10-21,2021-03-10,GOLD,367543,1,0,WEB
M0003530,2,45,27,2020-10-24,,GOLD,609457,1,1,WEB
M0003531,1,49,13,2024-02-12,,BRONZE,125739,1,1,STORE
M0003532,1,52,04,2019-06-08,,PLATINUM,679549,1,0,STORE
M0003533,2,49,40,2014-07-11,,BRONZE,63645,1,1,STORE
M0003534,1,67,18,2024-06-28,,SILVER,169230,1,1,APP
M0003535,2,57,13,2018-09-16,,GOLD,418291,0,1,STORE
M0003536,2,86,01,2021-11-19,2025-12-31,GOLD,430024,1,0,WEB
M0003537,1,93,13,2021-05-04,,SILVER,58817,1,1,WEB
M0003538,2,37,27,2016-05-09,,SILVER,145680,1,0,APP
M0003539,1,27,01,2010-04-30,,BRONZE,158606,0,1,APP
M0003540,1,40,13,2020-02-19,,BRONZE,18320,0,1,APP
M0003541,2,49,40,2024-04-09,,SILVER,127068,0,0,STORE
M0003542,2,39,28,2023-10-19,,SILVER,290784,0,0,STORE
M0003543,2,52,09,2023-10-05,,SILVER,152447,1,0,APP
M0003544,1,35,07,2015-07-24,,BRONZE,130303,0,1,PHONE
M0003545,1,28,13,2024-06-27,,SILVER,151540,1,0,WEB
M0003546,2,31,13,2010-03-22,,BRONZE,420327,1,1,WEB
M0003547,2,37,40,2015-01-24,,SILVER,175550,0,1,WEB
M0003548,9,54,27,2020-01-09,2025-12-31,GOLD,375352,1,0,WEB
M0003549,1,32,14,2014-12-25,,BRONZE,41578,1,1,APP
M0003550,2,35,14,2010-06-01,,GOLD,294210,0,1,STORE
M0003551,2,50,40,2012-10-15,,SILVER,129968,1,1,STORE
M0003552,2,37,23,2024-12-31,,BRONZE,48100,0,1,STORE
M0003553,1,59,13,2016-11-07,,BRONZE,26233,1,0,APP
M0003554,2,24,14,2012-09-09,,BRONZE,41903,0,1,APP
M0003555,1,21,27,2019-11-29,,GOLD,269193,0,1,APP
M0003556,2,45,27,2015-12-28,,BRONZE,56959,1,1,WEB
M0003557,2,47,20,2016-04-17,,SILVER,425222,1,0,APP
M0003558,2,25,27,2025-02-21,2025-12-31,GOLD,533033,0,1,WEB
M0003559,2,63,13,2018-09-07,,BRONZE,8129,1,0,STORE
M0003560,2,73,30,2011-04-13,2014-10-15,BRONZE,65230,1,1,WEB
M0003561,2,29,40,2025-01-27,,BRONZE,108716,0,1,STORE
M0003562,2,65,27,2010-01-26,,GOLD,257607,1,0,PHONE
M0003563,2,48,16,2020-12-27,,PLATINUM,763167,1,1,APP
M0003564,1,58,12,2011-08-29,,PLATINUM,661653,1,0,WEB
M0003565,9,25,41,2014-05-08,,BRONZE,26983,0,1,APP
M0003566,2,57,33,2025-10-11,,SILVER,350579,1,1,APP
M0003567,2,24,05,2012-09-12,,SILVER,287099,1,1,STORE
M0003568,2,39,13,2025-07-19,,PLATINUM,1095587,1,0,STORE
M0003569,2,26,23,2014-09-07,2016-08-03,SILVER,107941,0,1,APP
M0003570,1,36,13,2016-02-26,,SILVER,238501,0,1,WEB
M0003571,2,71,28,2024-12-31,,BRONZE,31577,1,1,WEB
M0003572,1,38,37,2021-11-20,,GOLD,928849,1,1,APP
M0003573,1,76,13,2014-09-16,2016-01-03,SILVER,207629,1,1,APP
M0003574,1,33,33,2021-10-10,2025-12-31,BRONZE,90538,1,1,APP
M0003575,1,65,23,2017-08-19,,PLATINUM,996938,1,0,STORE
M0003576,1,43,13,2011-08-07,,SILVER,119729,1,1,APP
M0003577,2,35,30,2014-01-13,2019-07-03,BRONZE,26091,1,1,APP
M0003578,1,31,23,2013-10-06,,SILVER,111233,1,0,APP
M0003579,2,66,11,2017-08-01,,BRONZE,71507,1,1,WEB
M0003580,1,43,23,2024-03-23,,SILVER,121790,1,1,WEB
M0003581,2,47,13,2019-02-09,,SILVER,96296,1,1,PHONE
M0003582,2,18,13,2012-08-26,,PLATINUM,802837,0,1,APP
M0003583,1,23,02,2019-09-20,,BRONZE,48868,0,1,APP
M0003584,2,56,33,2018-05-02,,SILVER,337661,1,1,STORE
M0003585,2,54,05,2016-03-14,,BRONZE,256325,0,0,WEB
M0003586,2,35,29,2013-11-27,,BRONZE,45709,0,1,STORE
M0003587,1,31,29,2021-05-27,,GOLD,261105,0,0,APP
M0003588,2,52,13,2018-12-03,,GOLD,423847,0,1,STORE
M0003589,2,21,18,2016-11-15,,PLATINUM,1085143,0,1,WEB
M0003590,1,48,18,2013-02-22,,SILVER,322295,0,0,APP
M0003591,2,46,14,2011-12-06,,BRONZE,34410,1,1,STORE
M0003592,1,35,40,2013-06-14,,BRONZE,59443,1,0,APP
M0003593,2,47,15,2019-12-04,,SILVER,170109,1,1,APP
M0003594,1,42,46,2010-10-01,,SILVER,193718,1,1,APP
M0003595,1,48,46,2011-02-24,,BRONZE,54217,1,0,WEB
M0003596,9,17,11,2025-11-04,,GOLD,507225,0,1,APP
M0003597,2,50,20,2014-04-16,,GOLD,504456,0,0,PHONE
M0003598,2,57,11,2011-10-23,,GOLD,390771,1,1,WEB
M0003599,9,45,32,2025-06-08,,BRONZE,156708,1,1,APP
M0003600,1,50,12,2016-08-25,,BRONZE,151055,1,1,WEB
M0003601,1,38,39,2010-01-07,,SILVER,142265,1,1,WEB
M0003602,1,55,47,2016-09-06,,BRONZE,30004,1,0,APP
M0003603,2,41,14,2010-05-01,,BRONZE,43705,0,1,WEB
M0003604,1,20,45,2014-11-10,2021-05-06,SILVER,508927,0,1,WEB
M0003605,2,54,05,2025-02-14,2025-12-31,BRONZE,30747,1,1,WEB
M0003606,1,52,27,2022-09-15,2025-12-31,BRONZE,27162,1,1,STORE
M0003607,1,45,13,2016-09-08,,BRONZE,5101,1,1,STORE
M0003608,1,33,04,2015-05-28,,BRONZE,163074,0,1,STORE
M0003609,1,32,27,2019-05-05,,SILVER,160854,1,1,PHONE
M0003610,1,43,27,2020-01-04,,GOLD,712978,1,1,WEB
M0003611,2,28,28,2022-02-22,,BRONZE,31274,0,1,PHONE
M0003612,1,49,13,2018-09-09,,BRONZE,36589,1,1,WEB
M0003613,2,41,40,2011-03-28,,BRONZE,347628,1,1,WEB
M0003614,2,30,21,2023-10-29,,SILVER,153516,1,1,WEB
M0003615,2,63,13,2015-05-17,,BRONZE,27150,1,1,APP
M0003616,2,43,01,2023-02-11,2025-09-18,BRONZE,43986,0,1,STORE
M0003617,1,51,13,2022-12-22,,GOLD,310379,1,1,STORE
M0003618,1,64,31,2013-06-27,,PLATINUM,608356,1,0,STORE
M0003619,1,64,40,2018-03-28,,BRONZE,51239,1,1,STORE
M0003620,9,50,24,2022-01-01,,BRONZE,63351,1,1,WEB
M0003621,2,35,09,2015-09-22,,GOLD,400969,1,0,APP
M0003622,1,16,33,2022-09-06,,SILVER,131317,0,0,STORE
M0003623,2,44,23,2018-05-19,,BRONZE,32426,1,1,STORE
M0003624,2,59,23,2024-09-15,,GOLD,235645,0,0,STORE
M0003625,2,46,13,2024-05-06,,SILVER,103638,0,0,PHONE
M0003626,2,37,23,2025-05-31,,PLATINUM,1074216,1,1,APP
M0003627,2,55,23,2013-07-11,,GOLD,640858,1,1,APP
M0003628,2,56,01,2021-10-16,,PLATINUM,755481,0,1,APP
M0003629,2,35,13,2022-01-10,,BRONZE,109763,0,1,PHONE
M0003630,1,57,23,2017-03-14,2024-12-01,BRONZE,55949,1,1,WEB
M0003631,1,51,11,2012-09-10,,BRONZE,54090,1,1,PHONE
M0003632,9,28,01,2014-09-09,,SILVER,228629,0,0,APP
M0003633,2,62,02,2018-03-28,,BRONZE,26520,1,0,APP
M0003634,1,18,40,2023-11-02,2025-09-15,BRONZE,36506,0,1,STORE
M0003635,2,39,23,2024-08-27,,BRONZE,98921,0,1,WEB
M0003636,1,37,40,2024-08-25,,BRONZE,99149,1,1,APP
M0003637,2,26,17,2025-02-21,,GOLD,563004,0,1,APP
M0003638,1,45,21,2011-07-25,,PLATINUM,740015,1,0,WEB
M0003639,2,62,14,2025-12-06,,BRONZE,31473,1,1,APP
M0003640,2,61,27,2018-11-14,2021-05-17,BRONZE,24722,1,0,APP
M0003641,1,52,04,2011-08-06,,SILVER,408025,1,1,WEB
M0003642,1,37,18,2012-01-26,,SILVER,183321,1,1,WEB
M0003643,2,17,13,2014-01-30,,BRONZE,64736,0,1,APP
M0003644,1,43,11,2014-01-10,,BRONZE,61741,1,0,WEB
M0003645,1,39,14,2011-10-12,,SILVER,298538,1,1,APP
M0003646,2,32,17,2016-02-18,,BRONZE,92371,0,0,STORE
M0003647,1,72,13,2018-09-29,,SILVER,63790,1,1,APP
M0003648,1,42,19,2014-12-24,,GOLD,563561,1,0,PHONE
M0003649,1,49,02,2020-09-08,,GOLD,474056,1,0,PHONE
M0003650,2,57,29,2021-06-16,,SILVER,124207,1,1,STORE
M0003651,1,41,46,2016-05-25,,BRONZE,25375,1,1,PHONE
M0003652,1,84,11,2011-04-07,,GOLD,325410,0,0,WEB
M0003653,1,24,06,2014-12-27,,SILVER,167935,0,0,PHONE
M0003654,1,30,07,2019-10-27,,SILVER,79384,1,0,STORE
M0003655,1,24,29,2016-04-11,,BRONZE,39404,1,1,APP
M0003656,1,67,23,2019-04-21,,GOLD,399398,1,1,STORE
M0003657,1,54,13,2023-06-26,,GOLD,508372,1,1,APP
M0003658,1,31,45,2022-08-06,,SILVER,235669,1,1,STORE
M0003659,2,25,13,2019-12-23,,BRONZE,92532,1,0,APP
M0003660,1,64,43,2011-07-19,,BRONZE,25817,1,1,APP
M0003661,1,46,27,2021-12-12,,SILVER,171448,0,0,WEB
M0003662,2,64,23,2015-04-28,,BRONZE,159268,1,1,STORE
M0003663,2,39,42,2016-08-23,,SILVER,231933,0,1,STORE
M0003664,2,49,03,2021-02-25,,BRONZE,156520,1,0,WEB
M0003665,1,45,28,2023-04-27,,GOLD,474059,1,1,WEB
M0003666,1,29,14,2021-05-22,,BRONZE,43351,0,1,PHONE
M0003667,1,38,14,2014-10-27,2023-10-13,BRONZE,43568,1,1,APP
M0003668,1,20,13,2017-03-12,,GOLD,248015,0,0,WEB
M0003669,1,48,28,2015-10-19,,BRONZE,62605,1,1,WEB
M0003670,2,53,11,2017-05-22,,SILVER,178045,1,1,WEB
M0003671,1,57,27,2022-02-07,,BRONZE,56318,1,1,WEB
M0003672,2,51,40,2025-06-10,,GOLD,182357,1,1,APP
M0003673,1,38,41,2016-04-03,,BRONZE,117008,0,1,WEB
M0003674,1,66,30,2015-03-22,,SILVER,156601,1,1,STORE
M0003675,2,55,11,2024-02-18,,SILVER,54365,0,1,APP
M0003676,2,64,45,2012-05-27,,SILVER,98480,1,1,STORE
M0003677,1,65,11,2016-04-03,,SILVER,219105,1,1,PHONE
M0003678,2,38,14,2025-03-31,,BRONZE,26989,1,1,WEB
M0003679,1,47,40,2024-02-11,,SILVER,98520,0,1,PHONE
M0003680,1,53,32,2022-12-15,,SILVER,122442,0,1,PHONE
M0003681,2,20,27,2024-03-21,,SILVER,128601,0,1,STORE
M0003682,1,21,27,2013-10-17,,SILVER,134662,0,0,APP
M0003683,1,18,43,2010-12-07,,PLATINUM,887833,0,0,PHONE
M0003684,2,38,10,2023-09-19,,SILVER,286110,0,1,PHONE
M0003685,1,34,17,2017-11-14,,GOLD,1037385,1,1,APP
M0003686,1,16,10,2014-01-14,,SILVER,157025,0,0,PHONE
M0003687,1,43,04,2017-08-22,,BRONZE,27191,1,1,WEB
M0003688,9,38,13,2023-03-29,,SILVER,143694,1,0,STORE
M0003689,2,60,16,2017-11-14,,SILVER,84878,1,1,PHONE
M0003690,1,74,27,2020-01-22,,BRONZE,51377,0,0,PHONE
M0003691,1,48,13,2018-03-20,,GOLD,347193,1,1,APP
M0003692,2,28,46,2017-09-21,,BRONZE,70703,1,1,WEB
M0003693,1,51,13,2025-03-31,,SILVER,922287,1,1,PHONE
M0003694,2,40,13,2024-11-06,,BRONZE,48760,1,0,APP
M0003695,2,36,14,2016-10-13,,SILVER,203816,1,1,PHONE
M0003696,1,25,29,2022-12-13,,BRONZE,93586,1,1,APP
M0003697,1,32,45,2021-07-25,2024-08-06,BRONZE,130213,0,1,WEB
M0003698,1,37,13,2012-01-30,,SILVER,315818,0,0,APP
M0003699,1,54,40,2023-07-20,,BRONZE,84354,0,0,STORE
M0003700,1,49,10,2021-04-16,,BRONZE,64837,1,1,WEB
M0003701,2,71,12,2023-09-13,,BRONZE,36522,1,1,WEB
M0003702,1,51,27,2022-08-19,,BRONZE,52696,0,0,WEB
M0003703,2,47,14,2024-12-14,,BRONZE,19214,1,1,WEB
M0003704,2,35,01,2018-08-29,,GOLD,419470,1,1,WEB
M0003705,1,22,13,2010-12-24,,BRONZE,17395,0,1,STORE
M0003706,1,30,16,2014-06-02,2024-03-01,SILVER,60732,0,1,WEB
M0003707,1,28,27,2012-05-03,,SILVER,166092,0,1,WEB
M0003708,2,65,25,2013-10-02,,BRONZE,102576,1,1,APP
M0003709,1,23,04,2019-02-28,,BRONZE,136512,0,1,WEB
M0003710,2,67,12,2025-08-02,2025-12-31,BRONZE,16332,1,1,WEB
M0003711,2,46,17,2022-03-16,,BRONZE,73301,0,0,WEB
M0003712,2,34,13,2016-12-27,,BRONZE,17198,0,1,STORE
M0003713,9,47,27,2017-11-05,,GOLD,702497,0,1,PHONE
M0003714,2,24,23,2018-04-21,,BRONZE,126781,0,1,APP
M0003715,2,45,19,2016-07-27,2023-09-17,SILVER,162968,1,1,WEB
M0003716,2,62,30,2019-07-28,,BRONZE,42007,1,1,STORE
M0003717,2,38,40,2025-01-25,,GOLD,514917,1,1,APP
M0003718,2,47,20,2011-08-12,,BRONZE,291639,1,1,WEB
M0003719,2,33,27,2015-09-12,2018-11-25,BRONZE,32021,0,1,WEB
M0003720,2,62,13,2011-04-21,,BRONZE,29746,1,0,STORE
M0003721,2,44,27,2023-08-13,,PLATINUM,1129909,1,0,APP
M0003722,2,16,36,2013-03-03,2020-03-24,SILVER,110987,0,1,WEB
M0003723,2,80,28,2020-06-14,,BRONZE,46296,1,1,WEB
M0003724,1,19,23,2011-01-17,,BRONZE,75300,0,0,WEB
M0003725,2,36,15,2017-08-19,,GOLD,253936,0,1,STORE
M0003726,2,22,13,2024-05-17,,GOLD,225922,0,1,WEB
M0003727,9,22,13,2025-03-28,,BRONZE,70580,1,0,APP
M0003728,1,32,13,2012-05-15,,BRONZE,98872,1,1,STORE
M0003729,2,51,13,2020-08-01,,BRONZE,42684,0,1,APP
M0003730,2,62,11,2013-08-17,,BRONZE,84721,1,1,APP
M0003731,2,33,14,2021-09-03,,BRONZE,237106,1,0,STORE
M0003732,2,23,20,2018-08-07,,BRONZE,70086,1,1,STORE
M0003733,2,48,29,2022-10-09,,BRONZE,28203,1,1,STORE
M0003734,2,49,38,2024-05-04,,SILVER,295139,0,1,APP
M0003735,1,44,27,2015-08-31,,BRONZE,67417,1,0,APP
M0003736,9,45,23,2010-10-14,,BRONZE,12700,1,1,APP
M0003737,1,38,13,2015-01-28,,PLATINUM,986434,0,0,APP
M0003738,2,42,27,2013-06-16,2021-09-30,BRONZE,81751,1,1,WEB
M0003739,2,37,01,2011-12-29,,BRONZE,15562,1,1,APP
M0003740,1,58,11,2021-06-24,,BRONZE,82667,1,1,PHONE
M0003741,1,78,05,2024-06-10,,SILVER,122634,0,1,WEB
M0003742,1,43,29,2018-04-23,,SILVER,161351,1,1,APP
M0003743,2,40,13,2018-07-11,,SILVER,198664,0,0,APP
M0003744,2,44,41,2019-07-07,,BRONZE,48608,1,1,APP
M0003745,1,29,13,2024-05-17,,SILVER,202545,1,0,APP
M0003746,2,53,45,2010-04-10,,GOLD,639931,1,0,WEB
M0003747,1,47,12,2018-06-06,2025-03-10,BRONZE,101026,1,1,STORE
M0003748,2,33,13,2023-11-14,2025-12-31,SILVER,109179,1,1,WEB
M0003749,1,55,40,2012-08-05,,GOLD,571361,1,1,PHONE
M0003750,1,40,27,2019-04-06,,BRONZE,51727,1,0,APP
M0003751,1,24,21,2010-02-14,,BRONZE,107575,0,1,WEB
M0003752,2,46,27,2023-05-09,2025-12-31,BRONZE,74647,1,1,WEB
M0003753,2,44,25,2020-06-24,2025-12-31,SILVER,328102,1,0,STORE
M0003754,2,56,14,2025-06-03,2025-12-31,GOLD,366031,1,1,APP
M0003755,2,54,46,2014-10-19,,GOLD,442623,0,1,STORE
M0003756,1,38,27,2021-09-18,,GOLD,456981,1,1,PHONE
M0003757,1,32,04,2022-04-23,,BRONZE,108111,0,1,APP
M0003758,1,40,21,2010-07-01,,BRONZE,38212,1,1,STORE
M0003759,2,46,27,2022-02-24,,BRONZE,36830,1,1,APP
M0003760,1,48,13,2021-05-21,,BRONZE,18847,0,1,PHONE
M0003761,9,45,28,2019-10-30,2022-05-21,PLATINUM,1170933,1,1,STORE
M0003762,1,38,03,2019-01-06,,BRONZE,22550,0,1,STORE
M0003763,1,57,24,2022-10-21,,SILVER,149784,0,1,APP
M0003764,1,29,27,2011-08-29,2014-03-22,BRONZE,53511,1,1,WEB
M0003765,1,82,32,2016-04-13,2019-03-12,GOLD,347788,1,1,STORE
M0003766,2,53,37,2014-04-30,,SILVER,189942,1,1,APP
M0003767,2,21,19,2023-07-12,,BRONZE,41877,0,1,APP
M0003768,1,43,13,2012-09-13,,SILVER,422729,1,1,PHONE
M0003769,2,53,13,2010-12-21,2013-03-25,SILVER,855201,0,1,APP
M0003770,2,34,47,2024-10-18,,SILVER,252743,0,0,WEB
M0003771,2,15,10,2016-05-04,,BRONZE,46376,0,1,APP
M0003772,9,22,01,2022-09-22,,SILVER,66979,1,1,APP
M0003773,2,49,35,2013-09-24,2018-11-16,SILVER,173288,0,0,WEB
M0003774,2,49,13,2021-03-19,,BRONZE,30867,1,0,WEB
M0003775,2,15,16,2024-10-23,,SILVER,330114,0,1,WEB
M0003776,2,49,12,2022-03-19,,GOLD,532497,1,1,PHONE
M0003777,2,36,30,2014-09-17,2019-02-13,BRONZE,56327,0,1,STORE
M0003778,1,28,19,2019-08-15,,BRONZE,128334,0,1,STORE
M0003779,2,32,23,2023-04-22,,BRONZE,67741,1,1,WEB
M0003780,9,15,13,2023-09-08,,SILVER,124761,0,1,STORE
M0003781,1,48,36,2014-10-16,,SILVER,303318,1,0,APP
M0003782,2,26,17,2013-08-28,,SILVER,301141,0,1,APP
M0003783,2,31,14,2016-12-08,,SILVER,140667,1,1,APP
M0003784,1,46,46,2014-01-03,,PLATINUM,540756,1,0,APP
M0003785,2,36,14,2021-07-11,,BRONZE,51423,1,1,APP
M0003786,2,28,40,2019-06-21,2025-12-07,GOLD,385181,0,0,APP
M0003787,9,29,45,2017-09-03,,GOLD,595620,0,1,APP
M0003788,1,46,02,2022-12-18,,BRONZE,61087,1,1,WEB
M0003789,1,41,33,2013-06-03,,BRONZE,119440,1,1,STORE
M0003790,2,31,34,2023-05-17,,PLATINUM,918057,0,0,WEB
M0003791,1,22,23,2019-01-08,,BRONZE,45184,0,0,APP
M0003792,1,40,27,2025-08-15,,SILVER,515262,1,1,PHONE
M0003793,1,48,29,2019-08-06,,BRONZE,34761,0,1,STORE
M0003794,1,42,23,2022-03-13,,GOLD,570676,1,1,WEB
M0003795,2,68,28,2013-01-13,,BRONZE,29753,0,0,STORE
M0003796,2,52,28,2013-09-22,2016-10-04,SILVER,247846,1,0,APP
M0003797,2,38,13,2018-11-25,,BRONZE,34163,0,1,STORE
M0003798,2,53,13,2013-09-09,,BRONZE,33568,0,1,APP
M0003799,1,41,01,2010-09-16,,GOLD,637774,0,1,APP
M0003800,1,41,21,2017-02-17,,SILVER,197364,1,1,WEB
M0003801,1,62,11,2014-03-20,,GOLD,520615,0,1,APP
M0003802,1,25,27,2020-05-27,,BRONZE,86904,0,1,WEB
M0003803,1,40,40,2019-03-25,,BRONZE,164420,1,1,WEB
M0003804,1,60,18,2018-03-17,,GOLD,606299,1,1,WEB
M0003805,1,45,13,2023-04-21,,SILVER,184286,1,1,WEB
M0003806,1,34,28,2011-01-30,,SILVER,111306,1,0,APP
M0003807,2,22,06,2022-07-18,2024-10-19,BRONZE,30050,0,1,WEB
M0003808,2,55,40,2017-09-17,2023-05-22,SILVER,134772,1,1,APP
M0003809,2,75,01,2021-02-22,,SILVER,101934,1,1,WEB
M0003810,2,45,33,2023-01-28,,BRONZE,26589,1,1,PHONE
M0003811,2,30,27,2014-11-01,,BRONZE,20549,1,1,STORE
M0003812,1,46,13,2013-11-05,,BRONZE,167423,1,0,APP
M0003813,2,24,13,2022-01-17,,PLATINUM,1113657,0,1,APP
M0003814,1,34,09,2020-02-29,,GOLD,375162,1,1,STORE
M0003815,1,24,35,2012-12-24,,BRONZE,78681,0,0,WEB
M0003816,1,16,05,2014-04-26,,GOLD,299752,0,1,WEB
M0003817,1,38,45,2023-08-31,,SILVER,623475,0,1,STORE
M0003818,1,19,07,2018-11-22,,PLATINUM,1136143,0,1,STORE
M0003819,2,57,14,2024-07-31,,SILVER,335903,1,1,STORE
M0003820,2,23,27,2021-03-20,,BRONZE,24833,1,0,APP
M0003821,2,49,02,2013-04-20,,GOLD,320118,0,0,APP
M0003822,2,56,03,2013-04-26,,PLATINUM,839042,1,0,WEB
M0003823,2,40,23,2025-06-11,,SILVER,120731,1,0,WEB
M0003824,1,35,23,2021-10-31,,BRONZE,55159,1,1,WEB
M0003825,2,42,40,2019-07-07,,GOLD,487691,0,1,WEB
M0003826,2,33,14,2020-10-28,,BRONZE,133501,0,0,STORE
M0003827,1,60,12,2016-08-18,,GOLD,326580,1,1,WEB
M0003828,1,72,15,2015-01-02,2017-02-01,GOLD,461597,1,1,WEB
M0003829,2,65,24,2023-03-07,,BRONZE,40647,1,1,WEB
M0003830,2,73,14,2024-04-27,,BRONZE,77738,1,0,APP
M0003831,2,33,31,2024-07-02,,BRONZE,44824,1,0,STORE
M0003832,2,40,14,2022-06-28,,PLATINUM,625276,1,1,PHONE
M0003833,1,48,14,2023-12-12,,GOLD,727083,1,1,PHONE
M0003834,2,37,22,2018-05-04,,BRONZE,40659,0,1,APP
M0003835,1,39,44,2014-12-25,2024-03-16,GOLD,449875,0,0,APP
M0003836,1,62,39,2011-04-29,,GOLD,308023,1,1,WEB
M0003837,2,30,13,2014-12-10,2018-10-31,GOLD,548321,1,1,APP
M0003838,1,15,14,2017-01-18,,SILVER,351880,0,1,APP
M0003839,2,21,17,2011-05-05,,GOLD,544037,1,0,APP
M0003840,1,47,22,2015-04-12,2018-03-04,BRONZE,7829,1,1,WEB
M0003841,2,26,23,2024-11-09,,BRONZE,37668,1,0,APP
M0003842,2,44,13,2014-03-14,,SILVER,395760,1,1,WEB
M0003843,2,23,23,2016-04-16,,BRONZE,27484,1,1,APP
M0003844,2,25,13,2020-04-19,,BRONZE,71975,0,1,WEB
M0003845,9,64,14,2024-02-28,,BRONZE,50619,1,1,PHONE
M0003846,2,47,12,2024-09-30,,SILVER,145035,1,0,PHONE
M0003847,2,34,13,2022-12-31,,SILVER,260832,0,1,STORE
M0003848,2,31,07,2012-05-06,,GOLD,333667,1,0,PHONE
M0003849,1,65,01,2011-10-14,2017-11-14,BRONZE,48810,0,0,WEB
M0003850,1,50,11,2021-11-13,,SILVER,142237,1,1,STORE
M0003851,1,59,40,2024-03-02,,GOLD,471287,1,1,APP
M0003852,1,30,37,2019-12-13,,GOLD,510141,0,0,APP
M0003853,1,41,28,2024-08-18,,BRONZE,97396,1,0,WEB
M0003854,1,47,34,2020-09-03,,SILVER,333911,1,1,WEB
M0003855,2,31,40,2015-08-13,,GOLD,402639,1,1,WEB
M0003856,1,38,01,2023-07-11,,GOLD,552472,1,1,WEB
M0003857,2,30,42,2022-02-13,,BRONZE,9736,0,1,WEB
M0003858,1,47,13,2016-01-04,,SILVER,255806,0,0,APP
M0003859,2,18,27,2019-06-07,,SILVER,129465,0,0,STORE
M0003860,1,50,37,2019-04-10,,BRONZE,48297,1,0,WEB
M0003861,2,45,11,2011-08-02,,SILVER,107718,1,1,WEB
M0003862,1,37,27,2014-06-06,,BRONZE,22047,1,1,WEB
M0003863,2,48,47,2013-08-24,2020-10-27,BRONZE,20820,1,0,STORE
M0003864,1,34,13,2014-07-19,,BRONZE,40797,1,1,WEB
M0003865,2,29,01,2018-05-30,2022-03-11,BRONZE,50763,0,1,APP
M0003866,1,49,20,2018-03-19,2019-10-10,BRONZE,71070,1,0,WEB
M0003867,2,50,20,2023-09-25,,PLATINUM,664191,0,1,PHONE
M0003868,1,31,11,2010-02-12,,BRONZE,67845,0,1,APP
M0003869,2,30,13,2023-03-12,,BRONZE,28036,0,1,WEB
M0003870,2,37,29,2013-12-20,2015-02-26,GOLD,233740,0,0,WEB
M0003871,1,31,21,2015-08-15,,SILVER,193626,0,1,STORE
M0003872,1,66,27,2012-06-05,,SILVER,217359,1,0,PHONE
M0003873,1,45,14,2010-03-19,,GOLD,516354,1,1,STORE
M0003874,1,40,23,2011-12-02,,SILVER,383174,1,1,STORE
M0003875,9,24,13,2013-08-04,,SILVER,219138,1,1,WEB
M0003876,1,53,24,2016-02-26,,SILVER,317825,1,1,STORE
M0003877,1,30,38,2014-12-27,,SILVER,137340,1,1,PHONE
M0003878,9,29,14,2011-09-02,,GOLD,922111,0,1,STORE
M0003879,1,53,38,2015-05-29,,BRONZE,43559,0,1,WEB
M0003880,1,47,21,2012-06-20,,BRONZE,136725,1,1,STORE
M0003881,2,45,09,2020-12-10,,BRONZE,154742,1,1,APP
M0003882,2,37,44,2020-09-12,,BRONZE,40334,0,1,PHONE
M0003883,2,42,14,2011-01-02,,BRONZE,53358,0,0,APP
M0003884,2,34,37,2020-06-03,,SILVER,74385,0,1,APP
M0003885,9,43,13,2024-07-14,,GOLD,563075,1,1,STORE
M0003886,1,29,11,2025-02-13,2025-12-31,BRONZE,26699,0,0,WEB
M0003887,9,54,28,2010-11-28,,SILVER,85816,1,0,WEB
M0003888,2,23,13,2024-09-22,2025-12-31,BRONZE,82103,0,1,WEB
M0003889,2,45,10,2016-07-06,,SILVER,172866,1,0,STORE
M0003890,1,40,11,2023-12-26,,BRONZE,252961,1,1,APP
M0003891,1,26,11,2013-04-05,,PLATINUM,1220567,0,1,STORE
M0003892,2,63,28,2021-01-20,,BRONZE,29221,1,1,WEB
M0003893,2,36,13,2022-11-05,,GOLD,456947,1,1,STORE
M0003894,2,73,27,2014-04-07,,BRONZE,96820,1,1,PHONE
M0003895,2,36,27,2021-10-19,,GOLD,276661,1,0,STORE
M0003896,2,38,42,2012-11-07,,BRONZE,83735,1,1,APP
M0003897,1,54,18,2021-05-10,,GOLD,392296,1,0,PHONE
M0003898,1,40,23,2025-03-11,,GOLD,509189,1,1,APP
M0003899,1,36,12,2014-10-15,,PLATINUM,514779,1,0,STORE
M0003900,1,56,12,2025-05-10,,GOLD,467117,0,1,STORE
M0003901,1,48,27,2020-09-03,,BRONZE,44459,1,1,APP
M0003902,2,45,13,2018-01-26,,BRONZE,30715,0,1,STORE
M0003903,2,38,28,2015-03-28,,PLATINUM,758083,1,1,APP
M0003904,2,34,27,2018-10-10,,GOLD,274675,1,1,STORE
M0003905,1,56,32,2025-09-29,,SILVER,135884,1,0,PHONE
M0003906,2,34,27,2010-02-01,,BRONZE,283411,0,1,APP
M0003907,2,61,28,2023-11-11,,BRONZE,72661,1,0,WEB
M0003908,2,22,11,2012-05-18,2021-03-26,BRONZE,78250,0,1,APP
M0003909,2,64,15,2024-01-09,,SILVER,159853,1,1,WEB
M0003910,2,48,42,2018-09-26,,GOLD,497184,1,1,WEB
M0003911,2,24,40,2024-05-20,,BRONZE,34494,0,1,WEB
M0003912,2,49,13,2012-11-28,2020-12-10,BRONZE,52181,1,0,WEB
M0003913,2,29,02,2010-10-07,,BRONZE,21333,0,1,WEB
M0003914,1,41,13,2017-08-29,2024-06-17,BRONZE,85169,1,1,PHONE
M0003915,1,32,13,2022-06-14,,GOLD,319342,1,1,STORE
M0003916,1,38,02,2022-09-20,,BRONZE,38469,0,1,WEB
M0003917,2,56,13,2022-03-26,,PLATINUM,565083,0,1,STORE
M0003918,2,49,13,2022-10-24,2025-12-31,BRONZE,24373,1,1,STORE
M0003919,2,21,11,2022-05-29,,GOLD,286085,1,1,PHONE
M0003920,1,22,11,2023-10-15,,BRONZE,21986,1,1,WEB
M0003921,1,45,37,2012-09-23,,SILVER,288658,1,1,APP
M0003922,2,46,27,2013-10-09,,GOLD,644197,1,1,WEB
M0003923,1,29,40,2010-01-20,,BRONZE,270278,0,1,WEB
M0003924,2,67,07,2016-11-29,,SILVER,232661,1,0,STORE
M0003925,1,54,25,2014-03-17,,GOLD,409037,1,1,PHONE
M0003926,2,29,14,2020-01-12,,BRONZE,40601,0,1,WEB
M0003927,2,28,12,2018-11-05,,SILVER,61910,0,1,STORE
M0003928,2,36,01,2019-04-19,,SILVER,726505,1,1,WEB
M0003929,1,34,14,2020-07-16,2025-01-15,GOLD,347501,1,1,WEB
M0003930,2,61,13,2025-12-26,,BRONZE,54995,0,1,WEB
M0003931,2,57,04,2011-09-15,,SILVER,243224,1,1,WEB
M0003932,2,41,27,2014-06-03,,PLATINUM,887123,0,0,APP
M0003933,2,52,14,2016-09-06,,SILVER,231143,1,0,PHONE
M0003934,1,54,28,2011-02-21,,BRONZE,21662,0,0,STORE
M0003935,2,41,13,2023-02-05,,BRONZE,43801,1,0,PHONE
M0003936,1,47,27,2016-03-16,,BRONZE,19157,0,1,WEB
M0003937,1,50,11,2012-09-01,,BRONZE,64865,0,1,WEB
M0003938,2,48,33,2018-04-16,,BRONZE,26434,1,1,WEB
M0003939,2,27,18,2013-01-26,2021-08-09,BRONZE,87420,0,0,WEB
M0003940,1,28,14,2016-03-13,,PLATINUM,1401536,1,0,WEB
M0003941,1,35,14,2020-04-24,,GOLD,303499,1,1,APP
M0003942,1,28,46,2015-02-10,,BRONZE,14285,0,1,STORE
M0003943,1,15,12,2023-04-29,,BRONZE,22486,0,1,WEB
M0003944,2,51,04,2014-02-12,,SILVER,185696,1,1,WEB
M0003945,1,46,13,2011-11-03,,BRONZE,113947,1,1,WEB
M0003946,2,17,13,2016-11-03,2025-03-15,BRONZE,102361,0,1,WEB
M0003947,1,36,14,2013-01-23,,PLATINUM,1224946,0,1,WEB
M0003948,1,37,29,2021-01-10,,GOLD,338034,0,0,WEB
M0003949,2,43,37,2018-05-20,,GOLD,362650,1,1,WEB
M0003950,1,22,27,2012-05-19,,GOLD,507400,0,1,WEB
M0003951,1,17,08,2015-05-21,2022-07-28,SILVER,121720,0,1,APP
M0003952,9,49,32,2023-11-07,,GOLD,444272,1,1,STORE
M0003953,2,33,33,2023-02-06,,SILVER,346698,1,1,STORE
M0003954,2,36,11,2020-04-04,,BRONZE,50210,1,1,WEB
M0003955,1,34,27,2024-06-13,,BRONZE,38099,1,0,APP
M0003956,2,38,43,2011-09-20,,SILVER,122920,0,1,WEB
M0003957,9,44,27,2021-09-17,,BRONZE,54248,0,1,STORE
M0003958,2,67,27,2010-05-18,,GOLD,619185,1,1,WEB
M0003959,1,29,27,2019-08-07,,SILVER,233148,0,1,APP
M0003960,1,55,23,2010-10-28,,PLATINUM,686687,1,1,WEB
M0003961,1,44,13,2015-06-21,,BRONZE,210276,1,1,APP
M0003962,1,64,28,2011-06-13,,BRONZE,35219,0,1,WEB
M0003963,2,36,41,2014-01-24,2020-08-11,BRONZE,50121,1,0,WEB
M0003964,1,81,23,2020-04-18,,BRONZE,16749,1,0,WEB
M0003965,1,33,44,2022-07-07,,SILVER,426802,1,1,APP
M0003966,1,62,36,2025-01-20,,BRONZE,26447,1,0,APP
M0003967,2,58,20,2025-10-24,,GOLD,282009,1,1,APP
M0003968,1,33,01,2012-02-19,,BRONZE,68064,0,0,WEB
M0003969,1,34,33,2024-09-17,,GOLD,754163,1,1,STORE
M0003970,1,26,28,2014-07-20,,BRONZE,93429,0,0,WEB
M0003971,9,53,27,2024-02-25,2025-12-31,SILVER,219920,1,1,WEB
M0003972,1,33,38,2023-11-09,,PLATINUM,883328,0,1,PHONE
M0003973,2,26,23,2024-09-15,,SILVER,258511,0,0,STORE
M0003974,1,49,36,2018-02-03,,BRONZE,61787,1,0,STORE
M0003975,1,25,40,2022-01-03,,BRONZE,89434,0,1,WEB
M0003976,1,34,14,2016-11-01,,BRONZE,24820,1,1,WEB
M0003977,1,42,17,2011-04-01,,SILVER,99085,1,1,PHONE
M0003978,1,29,12,2017-07-28,,SILVER,302354,0,1,WEB
M0003979,2,32,11,2013-03-20,,GOLD,423854,1,1,STORE
M0003980,2,66,33,2011-08-14,2012-09-04,BRONZE,19683,1,1,APP
M0003981,1,37,23,2012-02-23,,BRONZE,87192,1,0,APP
M0003982,1,34,13,2013-07-07,,BRONZE,35827,1,1,WEB
M0003983,2,37,05,2022-09-29,,PLATINUM,903609,1,1,WEB
M0003984,1,48,13,2025-05-24,,PLATINUM,864528,1,1,WEB
M0003985,1,22,23,2023-08-10,,BRONZE,17579,1,0,STORE
M0003986,1,47,27,2020-04-18,,SILVER,240566,1,1,STORE
M0003987,1,44,27,2024-02-13,,GOLD,411093,1,1,APP
M0003988,2,33,45,2014-08-01,,SILVER,190221,1,1,WEB
M0003989,9,71,13,2024-07-14,,PLATINUM,1116572,1,1,STORE
M0003990,9,65,16,2025-02-25,,GOLD,347831,1,1,WEB
M0003991,9,26,12,2012-05-18,,SILVER,286931,0,1,APP
M0003992,1,21,27,2016-05-11,,SILVER,90328,0,1,WEB
M0003993,1,44,39,2014-06-28,,BRONZE,57628,1,1,WEB
M0003994,1,16,27,2012-04-03,,BRONZE,37168,0,1,APP
M0003995,1,63,23,2012-10-06,,GOLD,944416,1,1,PHONE
M0003996,1,32,20,2025-06-12,2025-12-31,BRONZE,43778,0,1,WEB
M0003997,1,68,17,2012-11-26,,BRONZE,129077,1,1,WEB
M0003998,2,26,14,2020-08-27,,GOLD,371877,1,1,APP
M0003999,1,38,29,2023-12-19,,BRONZE,185728,0,1,APP
M0004000,1,62,43,2022-01-17,2025-02-19,SILVER,418389,1,1,STORE
M0004001,2,35,11,2017-04-04,,SILVER,849359,0,1,APP
M0004002,1,45,12,2010-05-12,,BRONZE,97892,1,1,APP
M0004003,2,59,40,2016-09-09,,BRONZE,67537,1,1,WEB
M0004004,1,31,14,2014-07-13,,BRONZE,131379,1,0,WEB
M0004005,2,19,11,2023-11-01,,BRONZE,44671,1,0,WEB
M0004006,1,15,27,2025-02-16,,BRONZE,30561,0,1,WEB
M0004007,2,50,05,2013-09-19,,GOLD,1030272,1,1,STORE
M0004008,1,47,13,2012-06-27,,GOLD,635647,1,1,WEB
M0004009,1,58,13,2023-02-14,2025-12-31,BRONZE,33231,1,0,APP
M0004010,2,35,11,2023-12-23,,SILVER,148083,0,0,STORE
M0004011,1,16,13,2025-09-24,,BRONZE,20242,0,0,APP
M0004012,1,22,28,2022-04-30,,BRONZE,76592,0,1,APP
M0004013,2,89,23,2017-06-01,,PLATINUM,501754,0,1,WEB
M0004014,1,49,13,2016-01-22,,BRONZE,17474,1,0,WEB
M0004015,2,42,27,2010-12-17,,PLATINUM,1054868,1,0,WEB
M0004016,2,45,13,2024-03-10,,BRONZE,32984,1,1,STORE
M0004017,1,16,01,2025-11-21,,SILVER,252026,0,1,APP
M0004018,2,26,14,2024-10-06,2025-12-31,PLATINUM,1537022,0,1,WEB
M0004019,1,70,07,2019-03-07,,SILVER,158205,1,1,WEB
M0004020,2,51,01,2023-11-14,,GOLD,289218,1,1,STORE
M0004021,1,27,40,2010-01-15,,BRONZE,39034,1,1,WEB
M0004022,1,19,13,2016-07-09,,SILVER,86480,0,1,WEB
M0004023,1,31,14,2011-09-21,,BRONZE,18669,1,1,WEB
M0004024,2,35,14,2019-05-25,,BRONZE,38017,1,0,STORE
M0004025,2,75,14,2010-01-14,,BRONZE,45383,1,0,STORE
M0004026,2,37,42,2014-11-25,2021-11-03,SILVER,382571,1,0,PHONE
M0004027,2,20,13,2016-09-17,,SILVER,138827,0,1,WEB
M0004028,2,39,27,2012-01-30,,BRONZE,102628,0,1,WEB
M0004029,2,44,26,2011-05-19,2014-02-03,SILVER,271571,0,0,WEB
M0004030,2,18,38,2024-06-07,,BRONZE,28069,1,1,PHONE
M0004031,2,47,11,2014-05-11,2018-03-31,SILVER,519844,0,1,WEB
M0004032,1,61,28,2025-09-12,,GOLD,260362,1,0,WEB
M0004033,2,42,13,2015-12-07,,BRONZE,53651,1,1,APP
M0004034,2,26,22,2010-12-09,,SILVER,260398,0,0,WEB
M0004035,1,31,01,2011-08-28,,GOLD,485926,1,1,STORE
M0004036,1,27,11,2021-01-02,,SILVER,222010,0,1,STORE
M0004037,1,38,14,2010-03-16,,PLATINUM,919488,0,1,WEB
M0004038,2,45,11,2025-03-10,,BRONZE,17568,1,1,APP
M0004039,1,25,10,2014-02-02,2022-10-28,BRONZE,21338,0,0,STORE
M0004040,2,73,13,2019-09-23,,SILVER,105194,1,0,STORE
M0004041,1,53,23,2017-02-06,,SILVER,123964,0,1,WEB
M0004042,2,66,13,2010-10-03,,BRONZE,11212,1,0,STORE
M0004043,1,52,18,2021-03-31,,BRONZE,99210,1,1,WEB
M0004044,2,23,27,2010-03-29,,SILVER,149462,0,1,PHONE
M0004045,2,67,36,2022-10-01,,GOLD,398714,0,0,STORE
M0004046,1,55,11,2018-01-24,,SILVER,165473,1,1,PHONE
M0004047,1,68,11,2014-11-03,,GOLD,326162,1,1,WEB
M0004048,1,40,40,2025-01-15,,SILVER,281011,0,0,STORE
M0004049,1,36,23,2013-04-02,,GOLD,363273,1,1,WEB
M0004050,2,19,14,2014-06-18,,BRONZE,31797,1,1,WEB
M0004051,2,46,14,2020-05-01,,PLATINUM,1172778,1,1,APP
M0004052,2,37,27,2015-08-10,,GOLD,836121,0,1,WEB
M0004053,2,36,14,2017-10-15,,GOLD,478574,1,1,PHONE
M0004054,1,68,22,2022-09-26,,GOLD,461663,1,0,PHONE
M0004055,2,38,27,2024-08-13,,GOLD,471623,1,0,WEB
M0004056,2,63,25,2022-10-29,,BRONZE,49609,1,1,APP
M0004057,1,34,31,2011-04-16,2015-08-02,GOLD,457870,1,1,APP
M0004058,9,86,02,2025-02-05,,BRONZE,50491,1,0,WEB
M0004059,1,34,13,2016-09-25,2021-07-19,GOLD,1065341,0,0,APP
M0004060,2,52,28,2023-06-03,,SILVER,116030,1,1,APP
M0004061,9,55,26,2014-07-29,,BRONZE,88054,1,0,WEB
M0004062,2,32,40,2019-07-03,,BRONZE,203521,1,1,APP
M0004063,1,54,14,2025-06-07,2025-12-31,BRONZE,48574,1,1,WEB
M0004064,2,55,14,2025-01-08,,SILVER,135733,1,1,STORE
M0004065,1,28,11,2020-06-20,,SILVER,185398,0,0,STORE
M0004066,2,28,13,2019-10-31,,BRONZE,30385,1,1,WEB
M0004067,1,41,27,2010-06-21,,BRONZE,81521,1,1,PHONE
M0004068,2,38,12,2019-08-17,2025-12-31,BRONZE,261399,0,1,PHONE
M0004069,2,64,11,2016-09-22,,BRONZE,29139,1,1,PHONE
M0004070,1,52,27,2010-04-01,,SILVER,209869,1,1,STORE
M0004071,1,39,39,2025-02-14,,SILVER,205925,1,1,WEB
M0004072,2,50,14,2017-04-15,,BRONZE,28661,0,1,APP
M0004073,1,48,13,2022-04-24,,SILVER,181381,1,0,APP
M0004074,1,30,27,2010-09-09,,PLATINUM,1089630,1,1,APP
M0004075,1,45,14,2013-12-03,,GOLD,565942,1,0,APP
M0004076,1,59,23,2024-05-19,,BRONZE,8361,0,0,WEB
M0004077,2,43,13,2024-12-28,,GOLD,1288666,0,0,STORE
M0004078,2,65,30,2010-03-03,,BRONZE,9999,0,1,STORE
M0004079,1,55,33,2024-04-13,,BRONZE,135042,1,1,PHONE
M0004080,2,32,14,2014-11-30,2016-05-23,BRONZE,44281,0,0,STORE
M0004081,1,38,18,2013-06-16,,SILVER,135111,1,0,WEB
M0004082,1,47,01,2025-12-03,,GOLD,614366,1,1,STORE
M0004083,2,32,29,2018-07-21,,GOLD,346652,0,1,WEB
M0004084,1,66,27,2022-09-21,,BRONZE,19165,0,1,WEB
M0004085,2,21,01,2012-03-16,,SILVER,213770,1,0,PHONE
M0004086,2,45,13,2022-02-14,,BRONZE,50107,1,0,APP
M0004087,2,53,13,2015-11-11,,PLATINUM,700391,1,1,WEB
M0004088,2,35,32,2021-05-29,,BRONZE,308873,0,0,WEB
M0004089,1,31,14,2020-06-28,,BRONZE,50147,0,0,WEB
M0004090,1,39,11,2010-10-27,,PLATINUM,501272,0,0,APP
M0004091,1,54,27,2024-01-01,,BRONZE,191007,1,1,APP
M0004092,2,32,33,2014-08-12,,BRONZE,25950,0,1,WEB
M0004093,2,22,40,2015-11-02,,PLATINUM,951041,0,1,WEB
M0004094,1,60,13,2022-10-11,,BRONZE,138966,0,1,APP
M0004095,1,47,01,2024-01-13,,BRONZE,33760,0,1,PHONE
M0004096,1,57,27,2024-04-30,2025-12-31,SILVER,361274,1,1,PHONE
M0004097,2,53,27,2017-04-12,,BRONZE,29174,1,1,WEB
M0004098,2,77,03,2015-08-08,,GOLD,518058,1,1,WEB
M0004099,2,59,43,2023-02-11,,SILVER,233563,1,1,WEB
M0004100,2,28,16,2014-02-25,,SILVER,149646,1,1,PHONE
M0004101,1,48,13,2020-04-16,,BRONZE,25902,1,1,STORE
M0004102,2,31,14,2013-10-10,,BRONZE,39856,1,0,PHONE
M0004103,2,32,21,2013-05-13,,GOLD,436383,0,0,STORE
M0004104,1,16,27,2018-10-08,2023-03-29,BRONZE,69302,0,1,WEB
M0004105,2,35,10,2023-11-03,,BRONZE,35689,1,0,WEB
M0004106,1,49,11,2014-08-31,,BRONZE,105719,0,1,PHONE
M0004107,2,39,34,2021-08-15,2024-03-02,GOLD,828105,0,1,APP
M0004108,2,21,14,2010-05-05,,GOLD,274700,1,0,STORE
M0004109,2,23,39,2021-03-02,,BRONZE,24209,1,0,WEB
M0004110,2,76,40,2016-04-02,,BRONZE,33046,1,0,WEB
M0004111,1,46,09,2011-03-14,,GOLD,238715,0,1,WEB
M0004112,2,26,27,2018-11-11,,BRONZE,34484,0,1,WEB
M0004113,2,48,23,2013-10-29,,BRONZE,177749,1,0,STORE
M0004114,2,77,14,2020-02-24,,BRONZE,50280,1,1,APP
M0004115,2,51,13,2010-09-09,,BRONZE,61006,1,1,WEB
M0004116,1,30,11,2015-06-28,,BRONZE,41133,1,0,PHONE
M0004117,2,85,13,2013-10-11,2016-12-29,GOLD,328134,1,1,STORE
M0004118,2,47,43,2015-01-09,,BRONZE,33248,0,1,STORE
M0004119,1,36,22,2010-02-15,,BRONZE,24715,1,0,STORE
M0004120,2,21,10,2014-07-17,2022-06-21,SILVER,61397,0,1,APP
M0004121,9,27,11,2011-06-02,,GOLD,809486,0,1,PHONE
M0004122,2,45,27,2019-12-22,2024-03-12,SILVER,458688,0,1,APP
M0004123,2,43,14,2017-05-09,,BRONZE,126143,1,1,STORE
M0004124,1,38,27,2014-07-16,,BRONZE,16149,1,0,PHONE
M0004125,9,60,28,2019-11-12,2025-12-31,SILVER,183264,0,1,STORE
M0004126,1,26,22,2024-09-02,,SILVER,387347,0,0,WEB
M0004127,2,16,27,2018-09-02,2020-04-09,BRONZE,27159,0,0,WEB
M0004128,2,38,13,2014-07-05,,SILVER,454529,0,1,PHONE
M0004129,2,34,13,2016-06-14,,GOLD,349674,1,1,PHONE
M0004130,2,30,11,2022-08-28,,BRONZE,92741,0,0,PHONE
M0004131,2,20,13,2011-08-04,,GOLD,453976,0,1,APP
M0004132,2,49,40,2015-02-12,,SILVER,298914,1,1,APP
M0004133,1,50,13,2017-07-06,,BRONZE,15476,1,1,APP
M0004134,2,22,13,2020-02-27,,SILVER,257891,0,0,STORE
M0004135,2,24,07,2019-03-24,,SILVER,247833,0,1,STORE
M0004136,1,42,47,2021-03-09,,GOLD,343661,1,0,APP
M0004137,2,24,27,2025-01-14,2025-12-31,BRONZE,45316,0,1,WEB
M0004138,2,43,27,2012-10-16,2014-03-04,SILVER,179064,1,1,STORE
M0004139,2,65,14,2017-09-03,,SILVER,95739,1,1,WEB
M0004140,2,39,19,2016-01-30,,BRONZE,27183,1,1,STORE
M0004141,1,19,23,2011-05-31,,BRONZE,40753,1,1,PHONE
M0004142,2,47,28,2012-01-16,,GOLD,656498,1,1,APP
M0004143,1,37,28,2020-01-22,,BRONZE,44435,1,0,STORE
M0004144,1,37,41,2018-03-04,,SILVER,298069,0,1,APP
M0004145,2,48,13,2014-09-09,,BRONZE,10315,0,1,STORE
M0004146,1,52,13,2024-07-20,,GOLD,388869,0,1,WEB
M0004147,1,41,40,2014-12-23,,SILVER,93083,1,1,STORE
M0004148,2,39,23,2019-07-17,,BRONZE,78149,1,1,WEB
M0004149,1,75,13,2025-10-26,,BRONZE,21286,1,1,STORE
M0004150,1,60,35,2021-03-24,,BRONZE,34053,1,1,STORE
M0004151,1,54,03,2021-08-26,,SILVER,164340,1,1,APP
M0004152,2,42,39,2014-07-13,2021-12-21,SILVER,145259,0,0,WEB
M0004153,1,23,41,2024-08-20,,GOLD,400781,1,1,WEB
M0004154,2,59,23,2017-06-29,,BRONZE,51806,1,0,STORE
M0004155,2,42,30,2014-10-28,,GOLD,393859,1,1,WEB
M0004156,1,30,10,2021-11-08,,BRONZE,65041,1,1,APP
M0004157,2,36,40,2018-06-28,,GOLD,333320,1,0,APP
M0004158,1,24,12,2012-02-07,,BRONZE,54710,0,0,STORE
M0004159,2,58,42,2010-04-27,,GOLD,208551,0,1,WEB
M0004160,1,52,17,2011-12-13,,BRONZE,86976,1,1,APP
M0004161,2,43,07,2012-07-20,,SILVER,266358,1,0,APP
M0004162,1,39,27,2013-08-04,,SILVER,224689,0,0,APP
M0004163,2,28,26,2015-07-13,,SILVER,145111,0,1,PHONE
M0004164,1,31,40,2013-10-15,,PLATINUM,1529919,0,0,APP
M0004165,2,16,01,2024-06-13,,SILVER,113397,0,1,APP
M0004166,1,27,03,2025-05-26,,BRONZE,8888,1,0,APP
M0004167,1,25,23,2025-07-23,,BRONZE,70103,0,0,APP
M0004168,1,45,13,2012-07-15,,BRONZE,50385,1,1,APP
M0004169,2,54,06,2018-07-18,,BRONZE,33942,1,0,PHONE
M0004170,2,38,27,2011-09-07,,BRONZE,60090,1,0,STORE
M0004171,9,64,27,2021-05-06,,SILVER,452568,0,1,STORE
M0004172,2,27,13,2012-03-15,,GOLD,267548,0,0,PHONE
M0004173,9,38,01,2014-08-22,2016-11-30,BRONZE,95241,1,1,PHONE
M0004174,1,39,13,2013-03-31,,GOLD,402577,1,1,APP
M0004175,2,59,14,2017-09-11,2020-01-06,GOLD,538483,1,1,STORE
M0004176,2,42,34,2015-11-25,,SILVER,135101,0,1,STORE
M0004177,2,42,11,2018-08-26,2025-03-07,SILVER,182483,1,0,STORE
M0004178,9,39,35,2013-02-26,2018-06-13,GOLD,944681,1,1,WEB
M0004179,2,25,23,2018-02-18,,BRONZE,27070,1,0,WEB
M0004180,2,59,13,2011-05-29,,PLATINUM,690086,0,1,WEB
M0004181,2,46,17,2010-08-29,,BRONZE,133408,1,0,WEB
M0004182,1,63,14,2012-03-09,,BRONZE,94815,1,1,STORE
M0004183,2,48,44,2014-04-08,,SILVER,267152,1,1,PHONE
M0004184,2,27,27,2022-08-20,,BRONZE,64788,0,0,STORE
M0004185,2,26,25,2015-04-16,2020-07-07,BRONZE,21239,0,1,STORE
M0004186,2,72,23,2018-04-28,2022-02-02,BRONZE,192095,1,1,STORE
M0004187,1,64,29,2020-11-08,,BRONZE,51863,1,1,WEB
M0004188,1,38,27,2021-12-07,2025-08-19,BRONZE,55470,0,1,STORE
M0004189,1,42,12,2019-05-05,,BRONZE,54139,0,0,WEB
M0004190,2,29,13,2012-10-29,,BRONZE,73613,1,1,WEB
M0004191,1,42,22,2020-08-09,,SILVER,207167,1,1,WEB
M0004192,2,29,27,2014-11-19,2016-03-12,BRONZE,95668,1,0,WEB
M0004193,2,39,11,2019-06-18,,GOLD,365521,0,1,STORE
M0004194,2,71,12,2025-09-19,,GOLD,296469,0,0,APP
M0004195,1,38,11,2011-03-02,,SILVER,271196,0,1,APP
M0004196,2,22,19,2011-05-16,,BRONZE,39302,0,1,WEB
M0004197,1,17,05,2013-12-31,,SILVER,242492,0,1,WEB
M0004198,2,42,13,2017-01-07,,BRONZE,20949,1,1,WEB
M0004199,1,27,18,2017-08-30,,PLATINUM,1213976,0,0,WEB
M0004200,1,44,11,2014-09-25,,BRONZE,103180,1,1,STORE
M0004201,1,40,01,2024-05-31,2025-12-31,BRONZE,28256,0,1,WEB
M0004202,2,52,27,2010-02-12,,BRONZE,24747,1,0,WEB
M0004203,1,22,11,2018-09-17,2025-12-31,PLATINUM,674592,0,1,STORE
M0004204,2,41,24,2018-11-03,,BRONZE,47820,0,1,APP
M0004205,2,34,38,2022-04-26,,BRONZE,36342,1,1,PHONE
M0004206,2,69,41,2018-10-20,,BRONZE,55452,1,0,APP
M0004207,1,43,06,2012-03-03,2019-08-30,GOLD,264873,1,1,WEB
M0004208,1,73,13,2015-02-16,,BRONZE,63344,1,0,APP
M0004209,1,50,11,2012-10-06,,PLATINUM,749335,0,1,WEB
M0004210,1,64,27,2017-07-22,,PLATINUM,691241,1,0,APP
M0004211,2,36,06,2024-08-20,,SILVER,410739,0,1,WEB
M0004212,1,46,13,2016-04-09,,BRONZE,35980,1,1,STORE
M0004213,1,61,45,2015-11-02,,PLATINUM,557341,1,0,STORE
M0004214,1,55,27,2017-06-05,,BRONZE,54430,1,1,APP
M0004215,2,49,13,2012-08-28,,SILVER,204563,1,1,PHONE
M0004216,1,34,29,2023-07-27,,SILVER,244926,0,1,PHONE
M0004217,2,37,27,2020-08-22,,SILVER,222158,1,1,APP
M0004218,1,59,13,2021-06-04,,PLATINUM,934105,1,1,WEB
M0004219,9,63,28,2015-08-07,2024-04-26,PLATINUM,782018,1,0,APP
M0004220,2,30,44,2014-06-26,,BRONZE,35598,0,1,STORE
M0004221,1,27,27,2017-08-02,,BRONZE,85524,0,1,WEB
M0004222,1,25,40,2013-10-31,,GOLD,633634,0,1,WEB
M0004223,1,54,27,2010-05-05,,BRONZE,70471,0,0,APP
M0004224,1,24,28,2021-08-09,,SILVER,102263,0,0,STORE
M0004225,1,54,14,2023-10-05,,BRONZE,82621,1,1,APP
M0004226,2,49,01,2013-08-05,,BRONZE,40980,1,0,PHONE
M0004227,2,31,11,2020-01-13,,SILVER,220485,1,0,APP
M0004228,1,67,39,2024-07-09,,SILVER,74598,1,0,STORE
M0004229,2,15,03,2021-11-04,,PLATINUM,1103493,0,1,APP
M0004230,1,68,04,2023-04-29,,GOLD,480735,1,1,STORE
M0004231,9,45,23,2024-04-07,,SILVER,241238,0,1,WEB
M0004232,1,55,14,2014-01-15,,BRONZE,59911,1,1,WEB
M0004233,2,67,14,2011-03-04,,SILVER,58543,1,0,WEB
M0004234,2,57,23,2022-10-28,2025-12-31,BRONZE,71454,1,1,WEB
M0004235,1,33,27,2022-08-28,,SILVER,121950,1,1,APP
M0004236,1,24,13,2013-01-23,,GOLD,430561,0,0,WEB
M0004237,1,45,40,2024-06-16,2025-12-31,SILVER,306742,1,0,APP
M0004238,2,81,13,2010-05-26,,BRONZE,59119,1,1,WEB
M0004239,2,24,27,2016-01-13,,SILVER,201898,0,1,PHONE
M0004240,2,19,23,2025-05-18,,BRONZE,63616,0,1,STORE
M0004241,2,45,20,2015-08-23,,BRONZE,45881,1,0,WEB
M0004242,2,49,27,2022-03-08,,GOLD,516520,1,1,WEB
M0004243,2,23,20,2010-08-11,,BRONZE,17887,0,1,WEB
M0004244,2,57,13,2017-10-28,,SILVER,198290,1,0,WEB
M0004245,2,48,47,2022-07-05,,GOLD,387591,1,1,APP
M0004246,1,33,23,2023-06-29,,BRONZE,71035,1,1,WEB
M0004247,2,40,11,2016-12-24,,SILVER,159664,1,1,STORE
M0004248,1,32,12,2011-03-20,,SILVER,129811,1,1,APP
M0004249,1,39,11,2018-07-09,,SILVER,150311,1,1,STORE
M0004250,2,27,40,2021-11-01,2025-12-31,PLATINUM,506137,0,1,APP
M0004251,1,30,40,2017-03-20,,GOLD,774814,0,1,WEB
M0004252,1,30,45,2025-04-20,,BRONZE,68610,1,1,APP
M0004253,1,28,31,2015-01-10,,SILVER,281721,0,1,STORE
M0004254,2,58,23,2023-02-05,,BRONZE,23153,0,1,WEB
M0004255,2,53,26,2022-01-29,2025-12-31,BRONZE,90442,1,0,APP
M0004256,1,24,13,2016-11-27,2021-10-18,BRONZE,44622,0,1,APP
M0004257,1,20,23,2011-07-26,,BRONZE,36549,0,0,WEB
M0004258,2,37,11,2015-07-17,,SILVER,176147,1,0,APP
M0004259,9,77,14,2022-04-12,2025-04-26,SILVER,49365,0,1,PHONE
M0004260,1,23,37,2024-04-12,,BRONZE,46447,1,1,STORE
M0004261,9,37,26,2017-04-24,,GOLD,329828,1,0,APP
M0004262,2,42,36,2014-08-31,,GOLD,372306,1,0,APP
M0004263,1,38,12,2022-04-01,,SILVER,108048,1,1,PHONE
M0004264,2,32,40,2024-12-31,,BRONZE,95945,1,1,WEB
M0004265,2,60,16,2012-04-11,,BRONZE,148857,1,0,STORE
M0004266,2,48,13,2015-02-13,,BRONZE,48158,1,0,WEB
M0004267,1,54,30,2022-09-19,2025-12-31,BRONZE,42553,0,1,APP
M0004268,2,50,13,2012-01-01,,PLATINUM,681480,0,1,STORE
M0004269,2,55,24,2025-08-02,,BRONZE,76514,0,0,STORE
M0004270,2,67,06,2013-10-10,,BRONZE,16634,1,0,PHONE
M0004271,9,63,13,2017-10-14,,SILVER,113276,1,1,PHONE
M0004272,2,80,13,2018-04-24,,SILVER,122668,0,1,WEB
M0004273,2,61,11,2015-12-28,,GOLD,254729,1,1,STORE
M0004274,2,29,14,2012-02-06,,BRONZE,91437,0,1,WEB
M0004275,1,54,32,2010-06-26,,GOLD,427390,1,1,STORE
M0004276,1,52,27,2016-01-30,,BRONZE,19369,1,1,APP
M0004277,1,73,40,2014-04-23,,BRONZE,16240,1,1,STORE
M0004278,2,24,27,2024-06-29,,SILVER,138161,0,1,WEB
M0004279,1,49,13,2020-08-20,,SILVER,117963,0,1,PHONE
M0004280,2,28,27,2011-07-03,,BRONZE,148314,1,0,APP
M0004281,1,49,31,2022-01-30,,BRONZE,11636,0,1,APP
M0004282,1,36,08,2019-11-01,,SILVER,271990,0,0,APP
M0004283,2,48,37,2012-01-05,,SILVER,74321,1,1,WEB
M0004284,1,16,40,2016-06-17,,SILVER,96406,0,0,STORE
M0004285,2,53,27,2021-10-19,,BRONZE,124847,0,1,STORE
M0004286,1,44,13,2020-05-11,,SILVER,296082,1,1,PHONE
M0004287,2,43,23,2019-03-05,,GOLD,330000,1,1,APP
M0004288,1,73,13,2017-11-01,2024-04-27,GOLD,297370,0,1,WEB
M0004289,9,33,13,2021-01-18,,BRONZE,148983,1,1,APP
M0004290,2,46,01,2024-01-11,,BRONZE,63416,0,1,WEB
M0004291,1,42,13,2012-09-29,,SILVER,261988,1,1,WEB
M0004292,1,43,28,2016-06-10,,BRONZE,76404,0,1,PHONE
M0004293,1,78,28,2023-08-01,,GOLD,194927,1,1,WEB
M0004294,2,41,09,2018-02-19,,BRONZE,16612,1,0,WEB
M0004295,2,30,40,2012-10-26,,BRONZE,35422,1,1,STORE
M0004296,1,72,07,2012-01-31,,GOLD,260695,0,0,STORE
M0004297,1,35,40,2021-08-21,2025-12-31,BRONZE,64260,0,1,PHONE
M0004298,2,69,13,2017-11-05,,BRONZE,53519,0,1,STORE
M0004299,2,27,14,2022-08-26,,GOLD,236467,0,1,STORE
M0004300,2,19,13,2011-11-02,,BRONZE,54594,0,1,APP
M0004301,2,54,11,2019-09-17,,BRONZE,62939,1,1,WEB
M0004302,2,34,10,2019-05-01,,BRONZE,50741,0,0,STORE
M0004303,9,39,19,2017-05-09,,BRONZE,21259,1,1,APP
M0004304,1,60,27,2016-11-02,,BRONZE,63972,0,0,APP
M0004305,1,51,13,2014-05-05,,BRONZE,22561,0,0,WEB
M0004306,1,50,27,2022-07-15,,BRONZE,38732,1,1,WEB
M0004307,2,25,46,2015-04-20,,PLATINUM,1376140,0,1,WEB
M0004308,1,55,14,2016-09-11,,SILVER,174743,1,1,APP
M0004309,2,64,11,2023-10-01,,SILVER,271828,1,0,WEB
M0004310,2,47,13,2020-02-03,,SILVER,227823,1,0,PHONE
M0004311,2,47,20,2010-08-15,,GOLD,519298,0,1,APP
M0004312,2,19,11,2010-12-11,2018-03-01,SILVER,165746,1,0,APP
M0004313,1,58,13,2018-08-09,,PLATINUM,530478,0,1,APP
M0004314,2,70,11,2021-05-12,,SILVER,229564,0,1,WEB
M0004315,1,45,07,2017-07-16,,SILVER,245049,1,1,WEB
M0004316,2,30,11,2025-04-27,,BRONZE,132493,0,0,STORE
M0004317,2,37,44,2023-08-12,,GOLD,318733,1,1,WEB
M0004318,2,33,32,2017-03-01,,BRONZE,16726,0,1,STORE
M0004319,2,34,23,2013-10-07,2022-05-17,GOLD,857248,1,0,WEB
M0004320,1,51,41,2010-02-27,2011-03-31,GOLD,657232,0,1,PHONE
M0004321,2,45,22,2010-07-16,,BRONZE,45834,1,0,STORE
M0004322,2,57,40,2019-08-29,,BRONZE,91816,0,1,STORE
M0004323,2,46,18,2015-05-11,2020-07-19,GOLD,462718,0,1,STORE
M0004324,1,25,23,2012-04-28,,BRONZE,78189,0,0,PHONE
M0004325,1,31,23,2011-03-06,,SILVER,389226,1,1,APP
M0004326,2,30,23,2017-06-27,,BRONZE,61927,0,0,APP
M0004327,1,37,22,2019-05-12,,SILVER,174243,1,1,WEB
M0004328,2,71,37,2010-07-09,2017-10-30,GOLD,480473,1,1,WEB
M0004329,2,73,14,2016-09-13,,SILVER,150561,1,1,WEB
M0004330,2,54,12,2017-01-31,,BRONZE,31122,1,1,WEB
M0004331,1,42,01,2010-11-25,,SILVER,220685,1,1,APP
M0004332,2,17,34,2023-12-29,2025-12-31,BRONZE,87613,0,1,STORE
M0004333,1,44,11,2013-09-06,,BRONZE,21226,1,1,APP
M0004334,2,27,27,2012-03-02,,SILVER,202144,0,1,WEB
M0004335,2,68,27,2012-02-22,,GOLD,539224,1,0,PHONE
M0004336,1,70,13,2017-12-22,,SILVER,430195,0,1,PHONE
M0004337,1,47,13,2021-05-03,,SILVER,259958,1,1,STORE
M0004338,1,25,14,2014-01-23,,BRONZE,81213,0,1,PHONE
M0004339,2,40,13,2022-04-04,2025-12-31,BRONZE,55654,0,1,APP
M0004340,2,51,32,2014-03-06,,BRONZE,28828,0,1,WEB
M0004341,1,57,40,2012-12-28,,PLATINUM,1030940,1,1,PHONE
M0004342,1,39,40,2020-04-17,2025-12-31,SILVER,139314,0,0,WEB
M0004343,2,53,16,2022-05-19,,GOLD,369174,0,1,WEB
M0004344,1,29,14,2021-12-21,2024-04-11,BRONZE,38078,0,1,PHONE
M0004345,2,44,08,2018-12-02,,SILVER,94896,0,1,WEB
M0004346,2,57,25,2023-12-22,,BRONZE,177650,1,0,STORE
M0004347,2,46,40,2023-08-02,2025-12-31,PLATINUM,986436,1,0,PHONE
M0004348,2,31,11,2014-06-15,,BRONZE,22165,1,1,PHONE
M0004349,2,35,14,2020-01-13,,BRONZE,14586,1,1,APP
M0004350,2,57,11,2011-02-18,,BRONZE,31991,1,1,PHONE
M0004351,1,21,28,2011-04-11,,BRONZE,53407,0,1,STORE
M0004352,1,24,14,2017-01-28,,BRONZE,108370,0,1,PHONE
M0004353,2,50,11,2021-04-04,,PLATINUM,659516,1,0,WEB
M0004354,1,33,23,2019-05-10,,PLATINUM,595598,0,1,WEB
M0004355,2,15,13,2012-08-18,,SILVER,307098,0,1,WEB
M0004356,2,63,13,2021-11-01,,GOLD,352604,0,1,APP
M0004357,9,21,28,2019-09-18,,BRONZE,40714,0,1,WEB
M0004358,1,37,13,2022-02-05,,GOLD,692629,0,1,WEB
M0004359,2,29,06,2019-10-18,2022-09-27,BRONZE,15991,0,1,STORE
M0004360,2,35,36,2023-10-26,,BRONZE,53460,0,0,WEB
M0004361,1,25,16,2015-10-18,,BRONZE,91029,0,1,WEB
M0004362,2,52,14,2010-07-02,,PLATINUM,984853,0,1,WEB
M0004363,2,42,11,2019-08-01,,BRONZE,62577,1,0,WEB
M0004364,9,57,12,2025-09-11,,BRONZE,70645,1,0,WEB
M0004365,2,30,04,2011-07-29,,BRONZE,13486,1,1,STORE
M0004366,1,76,45,2025-06-21,2025-12-31,SILVER,116061,0,1,WEB
M0004367,2,29,23,2022-04-28,,SILVER,235953,0,0,APP
M0004368,2,28,27,2010-07-27,,SILVER,198152,0,1,WEB
M0004369,1,70,40,2018-09-07,,GOLD,604161,1,0,WEB
M0004370,1,48,38,2015-01-05,,SILVER,299335,1,1,WEB
M0004371,1,46,12,2020-06-18,2023-10-23,SILVER,151686,1,1,WEB
M0004372,1,47,31,2022-04-01,,SILVER,212247,0,1,WEB
M0004373,2,50,09,2015-12-25,,PLATINUM,792195,0,1,PHONE
M0004374,1,45,44,2017-08-28,,BRONZE,19541,1,1,STORE
M0004375,2,24,23,2010-08-22,,BRONZE,36420,0,1,PHONE
M0004376,1,54,42,2010-01-28,,SILVER,152251,1,1,STORE
M0004377,2,51,34,2022-02-24,,SILVER,803602,1,0,WEB
M0004378,1,64,29,2015-09-04,2018-09-14,PLATINUM,570153,1,1,PHONE
M0004379,2,70,41,2024-01-19,,BRONZE,93967,0,1,WEB
M0004380,1,46,23,2019-04-07,,SILVER,137273,1,1,PHONE
M0004381,2,19,15,2016-05-05,,SILVER,211718,0,1,STORE
M0004382,1,70,28,2024-01-28,,SILVER,705212,0,1,APP
M0004383,1,23,18,2010-11-30,,BRONZE,23018,1,1,APP
M0004384,2,46,17,2023-04-09,,GOLD,330545,1,0,WEB
M0004385,2,36,16,2011-03-09,2017-08-29,BRONZE,57704,0,1,WEB
M0004386,2,33,11,2025-02-21,,BRONZE,56170,1,1,APP
M0004387,1,53,21,2019-01-19,,SILVER,346410,1,0,APP
M0004388,1,44,33,2017-06-27,,BRONZE,24098,1,1,WEB
M0004389,2,49,12,2020-06-25,2025-12-31,BRONZE,29864,1,1,APP
M0004390,2,26,11,2022-10-10,,PLATINUM,943578,0,1,STORE
M0004391,1,37,30,2014-07-25,2021-04-22,SILVER,197885,1,0,APP
M0004392,2,27,19,2011-08-12,,PLATINUM,1413352,0,1,STORE
M0004393,2,37,11,2025-06-24,,BRONZE,49126,0,0,WEB
M0004394,2,38,28,2018-04-18,,BRONZE,38710,1,1,WEB
M0004395,1,71,04,2014-08-05,,BRONZE,75484,1,0,APP
M0004396,1,36,05,2024-08-31,,BRONZE,37243,0,0,PHONE
M0004397,1,38,14,2010-08-20,,BRONZE,93035,0,1,APP
M0004398,2,64,14,2023-06-04,,PLATINUM,1049401,1,1,STORE
M0004399,1,48,34,2010-04-19,,BRONZE,38814,0,1,APP
M0004400,2,38,39,2020-06-28,,SILVER,217412,0,1,STORE
M0004401,2,33,40,2010-08-10,,SILVER,133213,1,1,STORE
M0004402,2,24,37,2012-05-21,,BRONZE,40676,1,1,WEB
M0004403,1,73,11,2015-03-22,,BRONZE,74399,1,1,APP
M0004404,1,41,13,2012-11-30,,SILVER,463246,1,0,STORE
M0004405,2,36,10,2010-09-19,,BRONZE,46385,1,1,PHONE
M0004406,2,46,13,2020-11-10,,SILVER,178648,1,1,WEB
M0004407,2,61,13,2022-03-07,,SILVER,163866,1,1,STORE
M0004408,1,43,41,2015-03-18,,BRONZE,37105,1,1,WEB
M0004409,2,25,23,2021-03-02,2025-12-31,BRONZE,47636,0,1,APP
M0004410,1,23,27,2015-04-10,,SILVER,103136,0,1,PHONE
M0004411,1,24,23,2013-06-12,,BRONZE,74751,0,0,PHONE
M0004412,1,66,28,2023-07-25,,SILVER,145421,1,0,STORE
M0004413,2,39,12,2018-05-28,,BRONZE,63066,0,1,STORE
M0004414,1,65,14,2010-04-30,,GOLD,958252,1,0,WEB
M0004415,1,47,40,2021-03-10,,SILVER,206642,1,1,PHONE
M0004416,2,42,28,2016-04-12,,PLATINUM,836802,1,1,WEB
M0004417,2,32,01,2011-03-04,,GOLD,261961,1,1,APP
M0004418,1,23,38,2013-10-24,2015-04-09,SILVER,275866,0,0,STORE
M0004419,1,22,40,2015-02-08,,SILVER,182784,0,0,STORE
M0004420,2,58,32,2010-06-08,,BRONZE,11143,1,1,STORE
M0004421,1,44,47,2021-08-26,,BRONZE,30161,1,0,STORE
M0004422,1,48,14,2013-06-19,,SILVER,345774,1,1,STORE
M0004423,2,44,13,2012-07-04,,SILVER,63813,1,1,APP
M0004424,1,46,01,2012-12-12,2014-07-05,PLATINUM,596532,1,1,PHONE
M0004425,2,32,36,2021-06-07,2025-12-31,SILVER,402889,0,1,STORE
M0004426,1,37,13,2018-01-27,2025-01-07,BRONZE,30344,1,1,STORE
M0004427,1,60,27,2023-01-06,2025-12-31,BRONZE,75225,1,0,WEB
M0004428,1,64,03,2016-12-18,,BRONZE,11113,1,1,APP
M0004429,1,19,22,2020-12-02,2025-12-31,GOLD,144301,1,1,PHONE
M0004430,1,36,13,2017-07-19,,BRONZE,60815,0,1,STORE
M0004431,1,54,40,2019-06-27,,GOLD,896290,1,1,WEB
M0004432,2,72,27,2024-01-18,,BRONZE,66335,1,1,STORE
M0004433,2,70,44,2019-10-28,,GOLD,511940,1,0,STORE
M0004434,1,26,04,2017-11-29,,SILVER,102269,0,1,WEB
M0004435,2,62,11,2023-11-07,,GOLD,411944,1,0,STORE
M0004436,2,41,31,2020-03-23,,SILVER,293802,1,1,STORE
M0004437,2,58,23,2024-12-05,,BRONZE,78049,1,1,WEB
M0004438,1,53,37,2020-05-11,,SILVER,42274,1,0,STORE
M0004439,1,19,27,2020-12-28,,BRONZE,37698,0,1,APP
M0004440,1,49,13,2018-04-09,,BRONZE,16133,1,1,PHONE
M0004441,1,57,11,2023-08-07,,BRONZE,41762,1,1,WEB
M0004442,1,40,27,2014-11-17,,BRONZE,140288,0,1,APP
M0004443,2,36,26,2018-09-16,,SILVER,206678,1,1,WEB
M0004444,2,21,23,2024-06-14,,SILVER,256977,0,1,STORE
M0004445,1,52,14,2013-05-27,,PLATINUM,735854,0,0,APP
M0004446,2,44,18,2017-01-04,,SILVER,131322,0,1,PHONE
M0004447,1,24,23,2010-05-31,,GOLD,497767,0,1,APP
M0004448,2,34,23,2019-02-20,,SILVER,203621,0,1,WEB
M0004449,2,43,27,2015-07-24,,BRONZE,32947,1,0,WEB
M0004450,1,31,47,2018-12-12,,BRONZE,230121,0,1,WEB
M0004451,2,40,12,2013-10-12,,GOLD,342971,1,1,STORE
M0004452,9,39,30,2023-03-30,,BRONZE,88220,0,1,WEB
M0004453,2,63,17,2025-10-06,,BRONZE,38451,1,1,PHONE
M0004454,2,40,23,2018-07-22,,SILVER,317823,1,1,WEB
M0004455,2,21,13,2019-10-07,,BRONZE,46847,0,0,APP
M0004456,1,47,02,2017-04-24,,BRONZE,64981,1,0,WEB
M0004457,1,57,13,2014-10-10,,BRONZE,33382,1,0,APP
M0004458,2,49,43,2017-05-12,,BRONZE,37425,0,0,WEB
M0004459,1,44,27,2017-11-26,,BRONZE,202000,0,0,STORE
M0004460,2,55,40,2022-06-25,,BRONZE,142056,0,1,WEB
M0004461,1,55,28,2021-01-17,,PLATINUM,563017,1,1,APP
M0004462,1,43,23,2015-04-13,,GOLD,224541,1,1,STORE
M0004463,1,36,12,2019-11-15,2025-12-31,BRONZE,38382,0,1,PHONE
M0004464,9,33,19,2024-12-16,2025-12-31,BRONZE,28987,1,1,WEB
M0004465,1,47,16,2016-09-07,,PLATINUM,744999,1,1,PHONE
M0004466,1,64,36,2023-07-19,,SILVER,245415,1,1,WEB
M0004467,1,38,11,2017-07-31,,SILVER,91699,0,1,STORE
M0004468,2,65,23,2012-03-19,,SILVER,280130,1,1,WEB
M0004469,9,46,32,2012-11-30,,BRONZE,16392,1,0,STORE
M0004470,1,46,14,2015-01-28,,BRONZE,226246,1,1,APP
M0004471,2,81,27,2019-04-26,,BRONZE,71690,1,1,STORE
M0004472,1,68,13,2024-06-28,,BRONZE,101698,1,1,APP
M0004473,2,69,10,2016-04-18,,PLATINUM,601761,1,1,APP
M0004474,1,26,05,2014-06-15,,BRONZE,34180,0,1,STORE
M0004475,2,77,27,2020-06-22,,BRONZE,22849,0,0,PHONE
M0004476,2,39,13,2015-01-31,,GOLD,375920,0,1,APP
M0004477,2,36,13,2016-12-21,,GOLD,340481,0,0,PHONE
M0004478,1,42,23,2013-06-24,,BRONZE,26232,1,1,STORE
M0004479,2,46,27,2014-09-18,,BRONZE,5474,1,0,PHONE
M0004480,9,22,20,2010-11-14,,SILVER,375969,1,1,WEB
M0004481,2,47,42,2019-02-04,,BRONZE,27108,1,0,PHONE
M0004482,2,20,19,2017-08-28,,GOLD,242432,0,1,STORE
M0004483,2,71,30,2012-10-01,2015-10-04,BRONZE,53155,1,1,WEB
M0004484,1,49,46,2022-01-29,,BRONZE,59495,1,1,APP
M0004485,2,79,15,2013-03-25,,SILVER,257025,1,1,APP
M0004486,1,23,28,2020-07-24,,SILVER,86486,0,1,STORE
M0004487,2,66,22,2011-10-18,2012-10-19,PLATINUM,608838,1,1,STORE
M0004488,1,37,28,2010-06-11,,SILVER,116228,0,1,APP
M0004489,1,44,11,2011-12-23,2020-02-04,BRONZE,32483,0,1,WEB
M0004490,2,29,13,2018-05-17,,SILVER,207757,0,1,APP
M0004491,2,32,12,2012-11-16,,BRONZE,79066,1,1,APP
M0004492,2,31,35,2015-04-15,,BRONZE,31191,0,0,STORE
M0004493,9,24,05,2018-08-08,,BRONZE,68462,0,1,STORE
M0004494,1,19,40,2020-04-08,,BRONZE,67848,1,1,WEB
M0004495,1,32,01,2022-07-20,,BRONZE,88716,1,0,WEB
M0004496,1,42,24,2016-06-25,,GOLD,353597,1,1,STORE
M0004497,2,60,17,2011-09-12,,BRONZE,52653,1,0,WEB
M0004498,2,45,23,2025-09-09,2025-12-31,SILVER,268022,1,1,WEB
M0004499,2,60,40,2022-06-12,,BRONZE,28239,1,0,STORE
M0004500,2,15,40,2023-04-04,,SILVER,216394,0,1,STORE
M0004501,1,33,36,2024-10-07,,SILVER,134609,0,1,WEB
M0004502,2,52,13,2021-03-16,2023-05-07,BRONZE,21702,0,1,STORE
M0004503,2,46,31,2025-11-23,,GOLD,355590,1,0,WEB
M0004504,2,25,27,2018-04-02,,SILVER,192698,1,1,PHONE
M0004505,1,56,45,2018-12-19,,PLATINUM,1166038,0,1,WEB
M0004506,1,31,11,2019-06-17,,PLATINUM,738713,0,0,APP
M0004507,1,27,10,2018-02-18,,BRONZE,10957,1,0,STORE
M0004508,1,48,09,2017-01-27,2025-12-31,GOLD,372586,1,0,APP
M0004509,2,40,18,2015-04-17,,SILVER,132848,1,1,STORE
M0004510,1,31,20,2022-09-18,,BRONZE,84948,0,0,STORE
M0004511,2,31,13,2015-04-04,,GOLD,524099,0,0,APP
M0004512,2,22,27,2024-07-13,,BRONZE,12290,0,0,WEB
M0004513,2,33,27,2021-12-30,,SILVER,120898,1,1,PHONE
M0004514,1,59,06,2025-12-26,,BRONZE,45489,0,1,APP
M0004515,1,44,04,2020-04-29,,GOLD,562496,1,1,PHONE
M0004516,1,56,14,2019-08-01,,GOLD,507278,1,1,PHONE
M0004517,1,49,20,2015-05-11,,BRONZE,58243,1,1,WEB
M0004518,1,30,14,2020-11-28,,SILVER,245060,0,1,PHONE
M0004519,2,46,14,2019-04-16,,BRONZE,23657,1,1,STORE
M0004520,1,24,40,2016-05-25,,GOLD,130287,1,0,STORE
M0004521,1,29,15,2011-01-30,,BRONZE,45868,0,1,WEB
M0004522,1,27,13,2010-02-19,,BRONZE,62509,1,1,WEB
M0004523,2,57,36,2013-09-10,2018-05-22,SILVER,192791,1,1,WEB
M0004524,2,57,05,2021-04-02,,SILVER,251147,1,1,WEB
M0004525,2,78,28,2024-09-13,2025-12-31,BRONZE,28905,1,1,WEB
M0004526,2,27,27,2024-12-11,,SILVER,150275,0,1,APP
M0004527,2,67,20,2018-05-28,,GOLD,254627,1,1,APP
M0004528,2,67,32,2023-10-03,,BRONZE,58661,1,1,WEB
M0004529,1,36,23,2010-01-25,,BRONZE,36627,0,0,APP
M0004530,2,48,14,2024-01-22,,SILVER,279542,1,1,STORE
M0004531,2,61,40,2025-06-03,,SILVER,96741,0,1,WEB
M0004532,1,39,40,2016-06-08,,SILVER,159271,1,1,STORE
M0004533,2,38,14,2010-09-23,,SILVER,115003,0,1,WEB
M0004534,2,29,07,2021-06-01,,SILVER,230575,0,1,STORE
M0004535,2,58,14,2010-03-21,,BRONZE,41164,1,1,WEB
M0004536,1,41,25,2020-03-19,,BRONZE,26840,0,1,STORE
M0004537,2,28,11,2015-02-22,,SILVER,495004,0,0,APP
M0004538,2,22,01,2018-08-28,,BRONZE,36378,0,1,STORE
M0004539,1,47,42,2024-09-20,,PLATINUM,727549,1,1,STORE
M0004540,1,15,11,2012-06-05,,PLATINUM,661655,0,1,PHONE
M0004541,1,54,13,2010-07-18,,BRONZE,50213,0,1,APP
M0004542,1,48,28,2019-03-17,,BRONZE,26189,0,1,WEB
M0004543,9,33,23,2021-02-21,,BRONZE,67511,1,1,PHONE
M0004544,2,39,19,2014-10-11,2019-04-20,BRONZE,8901,1,1,WEB
M0004545,1,20,31,2012-08-17,2018-01-25,PLATINUM,602306,0,1,STORE
M0004546,1,53,07,2021-04-04,,BRONZE,106636,1,1,APP
M0004547,9,43,44,2021-01-09,,BRONZE,18537,1,1,STORE
M0004548,1,44,27,2025-02-12,,SILVER,240483,1,1,APP
M0004549,2,49,27,2023-10-31,,SILVER,190084,1,0,STORE
M0004550,1,29,14,2021-08-23,,SILVER,181197,0,1,APP
M0004551,1,66,03,2010-04-27,,SILVER,127203,1,1,WEB
M0004552,2,56,27,2014-02-25,,GOLD,301192,1,1,PHONE
M0004553,1,52,13,2020-06-25,,SILVER,347548,0,1,STORE
M0004554,2,31,45,2017-06-11,,BRONZE,103578,1,0,STORE
M0004555,1,47,14,2010-10-31,2012-04-03,SILVER,245742,1,1,STORE
M0004556,2,61,27,2019-01-15,2025-11-25,SILVER,73629,1,1,WEB
M0004557,2,59,14,2022-02-25,,BRONZE,77197,1,0,WEB
M0004558,2,30,13,2021-08-14,,GOLD,726273,1,1,WEB
M0004559,1,15,13,2024-10-07,,SILVER,241240,0,1,APP
M0004560,2,18,14,2012-05-14,,BRONZE,81263,1,1,WEB
M0004561,9,35,14,2025-04-08,,PLATINUM,710809,1,0,APP
M0004562,1,65,22,2018-05-30,2021-09-20,SILVER,110004,1,0,PHONE
M0004563,1,28,11,2014-11-22,2019-06-16,GOLD,320495,1,1,WEB
M0004564,2,30,10,2023-10-06,2025-12-31,SILVER,144077,0,1,WEB
M0004565,1,30,10,2011-08-27,,SILVER,244560,0,1,APP
M0004566,2,31,20,2010-06-11,,BRONZE,22730,0,1,PHONE
M0004567,2,40,37,2021-09-08,2025-12-31,BRONZE,43359,1,1,APP
M0004568,1,18,23,2021-08-22,,SILVER,118635,0,1,WEB
M0004569,2,58,13,2011-06-14,,GOLD,210680,1,0,STORE
M0004570,2,38,13,2024-02-02,,GOLD,592793,0,1,WEB
M0004571,1,82,27,2023-06-14,,BRONZE,42992,1,0,STORE
M0004572,2,20,25,2022-09-25,2025-12-31,SILVER,491070,0,1,STORE
M0004573,1,67,28,2016-04-07,2023-04-18,BRONZE,57344,1,1,APP
M0004574,1,64,13,2024-11-28,,SILVER,150888,1,1,PHONE
M0004575,2,33,13,2012-02-05,,BRONZE,90029,1,0,WEB
M0004576,1,33,34,2022-07-11,2025-12-31,SILVER,274485,1,1,PHONE
M0004577,2,24,23,2023-06-17,,SILVER,73916,0,0,APP
M0004578,1,25,13,2018-04-16,2025-07-18,GOLD,466728,0,1,APP
M0004579,2,40,35,2015-07-14,,SILVER,146962,0,1,PHONE
M0004580,1,40,08,2017-08-19,2021-05-06,BRONZE,78883,1,0,WEB
M0004581,2,41,11,2010-10-07,2014-06-06,SILVER,187328,1,1,STORE
M0004582,2,79,11,2010-07-06,,SILVER,230454,1,0,PHONE
M0004583,2,36,03,2015-05-28,,BRONZE,69760,1,1,STORE
M0004584,9,41,14,2010-04-19,2013-11-28,BRONZE,70526,1,1,WEB
M0004585,2,29,47,2020-03-02,,GOLD,1230295,0,1,APP
M0004586,2,35,19,2020-03-26,,BRONZE,80693,1,1,PHONE
M0004587,2,34,12,2023-09-03,,BRONZE,50700,0,1,STORE
M0004588,2,40,05,2014-05-29,2016-07-20,SILVER,116771,1,1,APP
M0004589,2,40,47,2023-01-15,,BRONZE,111513,1,0,WEB
M0004590,2,54,13,2014-11-30,,SILVER,364320,0,1,PHONE
M0004591,1,44,13,2018-09-06,,BRONZE,47378,1,1,WEB
M0004592,2,52,19,2022-11-30,,BRONZE,15304,0,1,WEB
M0004593,2,40,27,2015-09-08,,BRONZE,119556,1,1,STORE
M0004594,1,44,04,2011-10-13,,SILVER,213147,0,0,APP
M0004595,1,36,23,2023-01-17,,BRONZE,69383,0,0,WEB
M0004596,9,57,14,2014-07-17,,BRONZE,45049,0,1,WEB
M0004597,1,45,27,2013-06-21,,SILVER,235578,1,1,APP
M0004598,1,37,19,2020-12-17,,SILVER,137779,1,1,WEB
M0004599,1,37,13,2018-07-20,,BRONZE,54156,1,0,APP
M0004600,1,38,13,2010-06-28,,SILVER,123437,1,1,APP
M0004601,2,41,11,2024-08-19,,BRONZE,143588,1,1,PHONE
M0004602,2,39,13,2018-04-26,,BRONZE,53628,1,1,PHONE
M0004603,9,30,12,2014-04-29,,BRONZE,144801,1,1,WEB
M0004604,2,53,47,2011-05-15,,SILVER,67332,1,1,WEB
M0004605,2,54,15,2020-12-18,,PLATINUM,1225143,1,1,WEB
M0004606,1,70,01,2022-03-10,,BRONZE,59126,1,1,APP
M0004607,2,30,40,2021-12-24,2025-12-31,BRONZE,38785,1,1,APP
M0004608,1,51,46,2020-02-26,,PLATINUM,994811,1,1,WEB
M0004609,1,26,33,2024-01-06,2025-12-31,SILVER,232330,1,1,STORE
M0004610,9,54,24,2019-09-27,,GOLD,258991,1,1,APP
M0004611,2,15,27,2013-11-14,,SILVER,191573,0,1,WEB
M0004612,1,23,13,2013-07-17,,GOLD,329944,0,0,STORE
M0004613,2,46,13,2016-02-26,2021-09-17,GOLD,297201,1,0,WEB
M0004614,2,29,27,2021-08-06,2023-11-01,BRONZE,19989,0,1,STORE
M0004615,1,27,13,2010-05-10,,GOLD,297433,1,1,APP
M0004616,1,32,34,2014-10-30,,BRONZE,53302,0,1,APP
M0004617,1,52,27,2016-12-03,,SILVER,166896,1,1,WEB
M0004618,2,24,27,2019-02-18,,BRONZE,100361,0,1,WEB
M0004619,1,39,34,2012-05-09,,SILVER,90610,0,1,PHONE
M0004620,2,34,43,2011-06-22,,BRONZE,33585,1,1,WEB
M0004621,1,54,27,2024-07-24,2025-12-31,BRONZE,64627,1,1,WEB
M0004622,2,54,14,2011-07-16,,BRONZE,146432,1,1,WEB
M0004623,2,66,21,2011-04-10,,BRONZE,12286,1,0,APP
M0004624,2,58,44,2013-02-07,,BRONZE,66043,1,1,PHONE
M0004625,1,30,12,2015-06-29,,BRONZE,73689,0,1,APP
M0004626,2,44,11,2013-06-16,,GOLD,323811,1,1,STORE
M0004627,2,24,03,2023-01-13,,GOLD,232002,0,1,STORE
M0004628,1,46,19,2012-01-09,,SILVER,151450,1,1,WEB
M0004629,1,83,13,2012-03-24,,SILVER,168712,1,1,STORE
M0004630,1,42,11,2011-11-23,,BRONZE,64154,1,1,WEB
M0004631,1,32,31,2020-06-12,,SILVER,219276,1,0,WEB
M0004632,1,36,07,2024-01-25,,SILVER,279863,1,1,WEB
M0004633,1,15,13,2012-08-09,,BRONZE,10618,0,1,PHONE
M0004634,1,65,16,2018-11-16,,SILVER,75724,1,1,STORE
M0004635,2,45,02,2015-12-16,,PLATINUM,867529,1,1,WEB
M0004636,1,22,27,2019-12-16,,BRONZE,23509,0,0,STORE
M0004637,1,23,14,2020-05-26,,BRONZE,9289,0,1,APP
M0004638,2,40,14,2014-08-10,,GOLD,484737,1,0,WEB
M0004639,1,56,47,2019-09-04,,BRONZE,19879,1,1,STORE
M0004640,1,20,27,2010-11-21,,BRONZE,72202,0,0,APP
M0004641,1,59,25,2017-10-11,,BRONZE,39687,1,0,WEB
M0004642,1,38,23,2025-06-29,,BRONZE,88721,0,0,STORE
M0004643,2,24,33,2024-05-20,,SILVER,130670,0,1,WEB
M0004644,1,32,45,2010-11-12,,PLATINUM,1650189,0,0,WEB
M0004645,1,70,43,2010-12-01,,SILVER,161696,0,1,STORE
M0004646,9,16,30,2023-03-01,,GOLD,323038,0,0,STORE
M0004647,2,28,40,2013-05-08,,BRONZE,85388,0,1,APP
M0004648,1,56,27,2020-08-22,,BRONZE,22771,1,1,APP
M0004649,1,44,14,2018-09-09,,BRONZE,56290,0,0,APP
M0004650,2,27,12,2016-07-09,,BRONZE,16472,0,0,WEB
M0004651,2,56,14,2014-12-07,,SILVER,274484,1,0,WEB
M0004652,2,57,11,2021-12-12,2025-12-31,PLATINUM,822852,0,1,APP
M0004653,1,46,13,2014-02-15,,BRONZE,60602,1,1,APP
M0004654,1,30,18,2022-03-28,,GOLD,444360,0,1,PHONE
M0004655,1,32,13,2013-09-21,2021-04-24,SILVER,147914,0,1,WEB
M0004656,2,45,14,2024-01-20,2025-12-31,BRONZE,67265,1,1,APP
M0004657,2,18,01,2021-03-20,,SILVER,209061,0,1,STORE
M0004658,1,63,23,2018-09-20,,SILVER,105753,1,1,STORE
M0004659,2,69,35,2011-08-03,2015-08-17,SILVER,189482,1,1,PHONE
M0004660,1,36,12,2013-06-02,,SILVER,172726,1,1,STORE
M0004661,2,46,20,2020-02-11,,SILVER,167765,1,1,STORE
M0004662,2,60,14,2019-03-01,,SILVER,668400,1,1,APP
M0004663,2,73,13,2011-08-24,,SILVER,143934,0,1,APP
M0004664,1,66,15,2011-08-04,,BRONZE,36245,1,1,WEB
M0004665,2,22,13,2019-09-15,,GOLD,597894,0,1,WEB
M0004666,1,35,26,2016-01-08,,BRONZE,15403,1,0,WEB
M0004667,2,49,41,2017-07-31,,SILVER,161889,1,1,STORE
M0004668,1,32,14,2019-10-07,,GOLD,562556,0,1,STORE
M0004669,2,70,17,2023-08-05,,BRONZE,15001,1,0,WEB
M0004670,1,68,11,2014-01-12,,SILVER,83386,1,0,STORE
M0004671,1,26,14,2021-02-06,,BRONZE,296445,0,0,WEB
M0004672,1,37,11,2023-11-04,,BRONZE,77246,0,0,STORE
M0004673,1,27,12,2024-08-15,,SILVER,328116,0,0,STORE
M0004674,1,37,46,2025-08-14,,GOLD,628559,0,1,APP
M0004675,2,36,14,2010-01-27,,BRONZE,41134,0,0,STORE
M0004676,1,56,07,2011-03-20,,GOLD,480016,0,0,WEB
M0004677,1,25,14,2023-11-25,2025-04-12,SILVER,152401,0,1,APP
M0004678,1,70,27,2013-04-18,2022-03-26,GOLD,432856,0,1,APP
M0004679,1,63,12,2014-08-22,,GOLD,554358,0,1,PHONE
M0004680,2,23,17,2017-07-27,2025-11-22,SILVER,157458,0,0,WEB
M0004681,2,29,08,2020-06-29,,BRONZE,97901,1,1,WEB
M0004682,1,43,41,2010-08-10,2019-10-14,SILVER,131128,0,1,APP
M0004683,2,22,13,2020-05-19,2021-09-13,SILVER,196968,0,1,STORE
M0004684,2,19,28,2011-06-28,,GOLD,227883,0,0,WEB
M0004685,9,24,14,2015-12-03,,SILVER,255019,0,1,WEB
M0004686,1,21,24,2024-05-30,,GOLD,277124,0,1,WEB
M0004687,1,31,13,2012-01-05,,BRONZE,140074,0,0,APP
M0004688,2,30,13,2010-09-24,,GOLD,463365,1,1,STORE
M0004689,2,52,18,2017-08-10,2025-12-31,SILVER,384767,1,1,STORE
M0004690,2,23,14,2013-12-17,,BRONZE,93340,0,0,WEB
M0004691,2,34,04,2013-12-07,2020-08-26,SILVER,188673,1,1,WEB
M0004692,1,31,47,2016-10-11,,GOLD,457537,0,1,APP
M0004693,2,54,11,2012-09-23,,SILVER,148650,1,0,WEB
M0004694,2,37,23,2010-04-30,,SILVER,143888,1,1,PHONE
M0004695,1,58,45,2024-10-22,,GOLD,254872,1,0,WEB
M0004696,2,20,15,2022-12-21,,GOLD,488295,0,1,APP
M0004697,1,39,27,2016-08-02,,BRONZE,43666,0,1,STORE
M0004698,2,30,22,2023-04-13,,BRONZE,39579,0,1,APP
M0004699,2,19,23,2025-12-08,2025-12-31,PLATINUM,898746,0,1,APP
M0004700,2,39,20,2016-04-25,,BRONZE,87282,1,1,APP
M0004701,9,69,01,2012-07-01,,GOLD,680285,0,0,WEB
M0004702,1,26,27,2013-03-25,,SILVER,201773,1,1,WEB
M0004703,1,38,24,2025-05-17,,BRONZE,42403,0,1,APP
M0004704,1,18,13,2024-04-11,,SILVER,181634,0,1,WEB
M0004705,1,15,34,2021-03-14,,GOLD,543503,0,1,WEB
M0004706,1,27,24,2020-11-09,,BRONZE,115709,0,1,WEB
M0004707,1,32,44,2014-11-24,,BRONZE,54081,0,0,APP
M0004708,1,33,13,2018-05-20,2025-05-12,GOLD,341020,0,1,APP
M0004709,1,36,11,2015-11-23,,SILVER,262555,1,1,WEB
M0004710,1,65,13,2016-04-12,,BRONZE,74065,1,1,PHONE
M0004711,2,29,40,2021-08-19,,BRONZE,103515,1,1,APP
M0004712,1,49,14,2018-08-18,2025-12-31,SILVER,130961,1,1,WEB
M0004713,2,17,01,2016-11-08,,SILVER,149732,0,1,APP
M0004714,2,34,11,2013-12-29,2020-07-17,GOLD,632208,0,0,STORE
M0004715,2,45,44,2020-06-26,,GOLD,382979,1,0,PHONE
M0004716,1,27,27,2017-03-12,,SILVER,120143,0,1,APP
M0004717,1,46,40,2010-10-20,,SILVER,187461,0,1,STORE
M0004718,2,52,06,2020-12-22,,SILVER,401869,0,1,WEB
M0004719,2,55,27,2015-05-13,,SILVER,178450,1,0,APP
M0004720,1,46,09,2016-07-31,2022-07-25,PLATINUM,698455,0,1,PHONE
M0004721,1,41,07,2025-10-26,,BRONZE,20141,0,1,APP
M0004722,2,59,07,2020-12-16,,SILVER,128517,1,1,APP
M0004723,1,34,03,2011-01-28,,BRONZE,55369,0,1,APP
M0004724,2,29,24,2021-10-27,,SILVER,238310,1,1,APP
M0004725,1,63,47,2014-09-02,2016-02-14,SILVER,265876,1,1,PHONE
M0004726,1,71,13,2022-01-22,2025-10-05,BRONZE,94946,1,1,STORE
M0004727,2,28,23,2015-08-06,,GOLD,462869,0,1,APP
M0004728,1,38,24,2019-02-09,2023-07-22,SILVER,136172,1,1,STORE
M0004729,2,58,13,2021-02-10,,PLATINUM,564578,1,0,WEB
M0004730,1,39,28,2012-12-13,2018-08-19,GOLD,699291,1,1,WEB
M0004731,1,50,12,2012-03-05,,GOLD,769316,1,0,WEB
M0004732,2,53,27,2021-03-18,2023-06-21,BRONZE,28427,1,1,WEB
M0004733,1,30,40,2011-02-25,,PLATINUM,1042163,1,1,WEB
M0004734,1,47,20,2023-02-09,,GOLD,377076,1,1,WEB
M0004735,2,40,13,2016-12-06,,GOLD,365596,1,0,WEB
M0004736,2,19,13,2011-07-06,,GOLD,655521,0,0,WEB
M0004737,2,23,24,2022-03-22,2024-02-07,GOLD,345756,1,1,PHONE
M0004738,1,29,22,2024-05-03,,SILVER,101577,1,0,STORE
M0004739,1,56,01,2011-01-29,,BRONZE,34072,1,1,APP
M0004740,2,56,40,2025-01-22,,SILVER,133263,0,0,STORE
M0004741,1,53,13,2016-08-18,,BRONZE,115933,1,0,STORE
M0004742,1,47,22,2020-09-10,,BRONZE,145701,1,0,APP
M0004743,2,47,27,2014-04-06,,BRONZE,4250,1,1,APP
M0004744,1,45,37,2011-10-12,,SILVER,160529,0,1,WEB
M0004745,1,47,18,2025-10-16,,GOLD,135500,1,1,WEB
M0004746,1,48,13,2020-06-17,2024-06-11,GOLD,536589,1,1,APP
M0004747,1,16,12,2014-01-30,2022-04-02,GOLD,228613,0,1,WEB
M0004748,2,27,38,2015-09-12,2024-02-02,BRONZE,115711,0,1,PHONE
M0004749,2,23,33,2022-02-15,,GOLD,321307,1,0,APP
M0004750,1,59,01,2014-11-10,,PLATINUM,819564,1,0,WEB
M0004751,1,68,13,2021-01-03,,GOLD,484925,1,0,WEB
M0004752,2,51,04,2010-08-03,,BRONZE,9822,1,1,APP
M0004753,1,67,02,2025-10-17,,PLATINUM,748096,1,1,STORE
M0004754,2,41,28,2021-08-06,,SILVER,427258,0,0,STORE
M0004755,2,57,27,2015-05-21,,SILVER,99117,0,1,WEB
M0004756,2,49,35,2019-01-25,,BRONZE,47839,0,1,WEB
M0004757,1,64,23,2012-10-13,,GOLD,182573,1,1,WEB
M0004758,9,44,14,2017-03-19,,GOLD,610908,1,1,WEB
M0004759,1,17,27,2015-08-28,,GOLD,171834,0,1,WEB
M0004760,2,38,14,2016-03-21,,BRONZE,18953,0,1,WEB
M0004761,2,49,11,2023-01-05,,BRONZE,34081,1,1,APP
M0004762,2,36,27,2016-08-03,,PLATINUM,714686,1,0,WEB
M0004763,2,51,23,2010-02-06,2011-09-27,GOLD,334333,1,1,STORE
M0004764,2,39,27,2017-04-01,,GOLD,511075,1,1,WEB
M0004765,1,30,27,2010-10-31,,GOLD,275084,1,1,WEB
M0004766,1,22,13,2017-08-22,2021-12-22,BRONZE,43050,0,1,STORE
M0004767,2,33,14,2020-11-14,,SILVER,85732,0,1,PHONE
M0004768,2,43,40,2011-07-25,,BRONZE,72498,1,1,APP
M0004769,1,22,40,2011-01-06,,BRONZE,108795,0,1,STORE
M0004770,2,27,09,2016-02-01,,BRONZE,19498,0,1,PHONE
M0004771,2,45,23,2017-09-20,,SILVER,229126,1,0,WEB
M0004772,1,30,05,2011-01-10,,SILVER,140109,0,1,APP
M0004773,1,60,13,2015-03-17,,GOLD,275465,1,1,WEB
M0004774,1,20,11,2022-06-01,,BRONZE,89859,0,1,WEB
M0004775,1,52,13,2019-02-19,,GOLD,514524,1,1,STORE
M0004776,1,88,11,2018-05-10,,BRONZE,28816,1,1,APP
M0004777,1,65,01,2011-09-04,,PLATINUM,575449,1,1,APP
M0004778,1,42,21,2022-10-17,,SILVER,121827,1,0,WEB
M0004779,1,55,28,2019-06-22,,BRONZE,41783,1,1,PHONE
M0004780,2,17,40,2016-11-13,,GOLD,389282,0,0,WEB
M0004781,1,29,27,2019-10-31,,BRONZE,164404,0,1,WEB
M0004782,9,40,43,2012-06-13,,SILVER,276767,1,1,WEB
M0004783,2,47,27,2020-11-03,,GOLD,419127,1,1,PHONE
M0004784,2,59,13,2014-10-17,,SILVER,209330,1,1,WEB
M0004785,9,30,13,2010-08-29,2016-02-07,SILVER,330625,0,1,APP
M0004786,2,43,47,2013-09-28,,SILVER,288756,1,1,WEB
M0004787,1,43,36,2015-11-05,,BRONZE,90173,1,1,WEB
M0004788,2,38,14,2017-01-14,,SILVER,109313,1,1,WEB
M0004789,1,39,13,2013-08-30,,PLATINUM,663964,1,1,WEB
M0004790,2,25,17,2022-08-16,,BRONZE,15400,1,1,WEB
M0004791,2,45,14,2014-03-23,,BRONZE,47332,1,1,APP
M0004792,1,43,13,2011-11-13,,BRONZE,29625,1,1,PHONE
M0004793,1,33,11,2013-07-24,,SILVER,86374,1,1,WEB
M0004794,9,51,11,2016-05-27,,PLATINUM,837009,1,0,WEB
M0004795,1,57,40,2010-09-19,,GOLD,576553,1,1,APP
M0004796,1,52,12,2011-06-21,,GOLD,2254281,0,1,APP
M0004797,1,22,09,2012-07-07,,BRONZE,29507,0,1,STORE
M0004798,2,42,28,2016-04-06,,SILVER,349979,1,1,WEB
M0004799,2,25,13,2025-03-26,,BRONZE,45605,0,1,WEB
M0004800,2,42,13,2019-04-28,,BRONZE,69151,1,1,PHONE
M0004801,1,25,33,2011-04-24,,SILVER,187949,0,1,WEB
M0004802,1,62,27,2011-02-08,,SILVER,767532,0,0,WEB
M0004803,1,53,40,2011-08-28,,GOLD,247971,1,0,WEB
M0004804,2,60,13,2011-01-25,,GOLD,183735,1,1,APP
M0004805,2,58,27,2018-01-31,,SILVER,324349,0,0,STORE
M0004806,2,35,23,2021-09-09,,SILVER,397000,0,1,APP
M0004807,1,33,27,2016-12-14,,GOLD,705284,1,0,STORE
M0004808,2,70,12,2016-07-09,,BRONZE,17651,1,0,APP
M0004809,1,37,40,2019-07-08,2025-07-01,BRONZE,42811,0,0,APP
M0004810,2,17,20,2015-08-16,,GOLD,196280,0,1,STORE
M0004811,2,57,01,2022-12-10,2025-12-31,GOLD,521686,0,0,WEB
M0004812,2,42,27,2020-12-24,,PLATINUM,580855,1,1,STORE
M0004813,2,66,22,2025-09-25,,GOLD,487644,1,1,WEB
M0004814,2,44,39,2011-05-11,,GOLD,443803,1,0,PHONE
M0004815,1,40,13,2016-12-07,,BRONZE,37929,1,1,STORE
M0004816,1,66,03,2023-10-04,,SILVER,106022,1,1,APP
M0004817,1,35,12,2020-10-05,,BRONZE,65427,0,0,PHONE
M0004818,2,30,03,2022-05-29,,BRONZE,48180,1,1,WEB
M0004819,2,25,13,2017-06-29,2020-11-04,GOLD,502897,0,1,WEB
M0004820,2,50,13,2016-03-27,2021-01-23,BRONZE,96395,1,1,APP
M0004821,2,55,14,2022-01-18,,BRONZE,59921,1,1,STORE
M0004822,1,31,13,2017-07-02,,BRONZE,76273,1,0,APP
M0004823,2,55,40,2016-07-07,,GOLD,891557,1,1,WEB
M0004824,2,47,32,2016-05-13,2019-12-26,SILVER,191794,1,1,WEB
M0004825,1,50,14,2011-12-23,,BRONZE,58854,1,1,APP
M0004826,1,32,40,2022-07-25,2025-12-31,SILVER,299663,1,1,PHONE
M0004827,1,27,27,2023-08-16,,BRONZE,22361,0,1,APP
M0004828,1,42,11,2010-06-19,,BRONZE,38465,0,0,APP
M0004829,2,56,21,2016-06-09,,BRONZE,31309,1,1,WEB
M0004830,2,39,26,2020-09-28,,GOLD,352260,1,1,WEB
M0004831,2,28,11,2012-05-27,,BRONZE,85051,0,1,WEB
M0004832,1,20,40,2014-11-04,2017-06-11,BRONZE,72597,0,1,STORE
M0004833,2,43,27,2025-05-22,,BRONZE,47215,1,1,APP
M0004834,2,31,45,2022-06-22,,GOLD,749915,0,1,STORE
M0004835,1,39,14,2024-01-13,,BRONZE,55351,1,1,STORE
M0004836,2,36,14,2025-09-28,,SILVER,191757,0,1,STORE
M0004837,1,32,11,2020-11-26,,BRONZE,16550,1,1,WEB
M0004838,1,45,13,2014-06-19,,GOLD,266472,1,1,PHONE
M0004839,1,49,14,2025-04-02,,BRONZE,38061,1,1,WEB
M0004840,1,73,39,2017-02-18,,SILVER,174828,1,0,PHONE
M0004841,2,53,13,2018-08-17,2025-12-31,BRONZE,8676,1,1,WEB
M0004842,1,67,27,2018-10-06,,SILVER,192005,1,1,STORE
M0004843,1,26,27,2018-10-11,2025-12-31,BRONZE,88095,0,1,APP
M0004844,1,37,27,2018-10-26,,BRONZE,238002,1,1,WEB
M0004845,1,40,42,2022-06-08,,SILVER,139260,1,1,STORE
M0004846,1,55,07,2012-07-03,,PLATINUM,792134,0,1,WEB
M0004847,1,52,38,2017-01-21,,GOLD,517819,0,1,WEB
M0004848,2,61,31,2019-05-02,2025-12-31,PLATINUM,992616,1,1,WEB
M0004849,1,19,01,2018-12-01,2025-12-31,BRONZE,27540,0,1,WEB
M0004850,2,61,28,2021-08-01,,SILVER,109296,1,1,WEB
M0004851,1,46,23,2015-05-09,,GOLD,546736,1,1,PHONE
M0004852,2,55,05,2025-02-07,,BRONZE,58686,1,0,PHONE
M0004853,2,52,06,2010-03-27,,BRONZE,66960,0,1,WEB
M0004854,1,43,01,2021-08-10,,BRONZE,22566,1,1,APP
M0004855,1,46,11,2012-09-17,,PLATINUM,654424,1,0,APP
M0004856,2,57,03,2019-08-27,2025-12-31,GOLD,436471,0,0,WEB
M0004857,2,47,13,2010-05-18,,BRONZE,45604,0,1,WEB
M0004858,2,15,28,2013-09-25,,GOLD,464358,0,1,APP
M0004859,1,38,23,2016-04-07,,SILVER,182487,0,0,WEB
M0004860,1,49,23,2011-07-27,,SILVER,162560,1,0,WEB
M0004861,2,51,23,2015-04-02,,BRONZE,69369,1,1,WEB
M0004862,2,64,16,2020-02-25,,SILVER,109622,1,1,APP
M0004863,1,19,16,2012-08-03,2021-11-01,BRONZE,45023,0,1,WEB
M0004864,2,29,14,2020-01-02,,BRONZE,52129,1,1,WEB
M0004865,2,25,14,2017-06-26,,SILVER,187717,1,1,WEB
M0004866,1,32,13,2023-06-07,,BRONZE,40632,1,1,WEB
M0004867,1,47,13,2020-03-16,,SILVER,104101,0,1,APP
M0004868,1,32,27,2017-02-20,,BRONZE,28240,1,1,APP
M0004869,1,51,17,2023-03-16,,GOLD,457859,1,1,APP
M0004870,2,58,21,2012-10-02,2014-03-25,BRONZE,80255,1,1,STORE
M0004871,1,59,27,2019-01-28,2025-06-29,SILVER,292809,0,1,STORE
M0004872,1,21,32,2013-08-06,2019-01-22,BRONZE,137159,0,0,STORE
M0004873,2,64,40,2017-03-18,,BRONZE,10441,1,0,WEB
M0004874,2,65,21,2017-08-16,,BRONZE,9414,0,0,PHONE
M0004875,2,66,11,2019-07-30,,BRONZE,18162,1,1,WEB
M0004876,2,37,07,2014-12-29,,BRONZE,36715,0,1,APP
M0004877,1,27,14,2020-08-04,,SILVER,268576,1,1,STORE
M0004878,2,23,13,2012-11-19,2017-07-06,SILVER,225206,0,0,PHONE
M0004879,1,21,27,2012-09-03,2018-12-09,GOLD,411210,0,0,WEB
M0004880,1,40,06,2011-09-23,,SILVER,131499,0,1,APP
M0004881,1,54,37,2017-09-11,,BRONZE,41614,1,1,STORE
M0004882,2,62,01,2016-08-06,,GOLD,288399,0,1,WEB
M0004883,2,32,18,2023-03-18,,BRONZE,54655,1,1,STORE
M0004884,1,39,13,2015-05-27,,BRONZE,52603,0,1,STORE
M0004885,2,38,17,2019-04-18,,BRONZE,45375,0,1,APP
M0004886,2,29,26,2025-06-12,2025-12-31,BRONZE,121818,1,1,APP
M0004887,1,53,40,2019-11-08,,SILVER,123427,1,1,APP
M0004888,2,46,23,2023-09-14,,BRONZE,26152,1,1,APP
M0004889,1,42,13,2018-02-25,,BRONZE,94359,1,1,STORE
M0004890,9,46,13,2012-12-08,,BRONZE,200657,1,1,APP
M0004891,1,50,13,2017-03-11,,BRONZE,17861,0,1,STORE
M0004892,1,50,09,2022-01-20,,SILVER,387206,1,1,STORE
M0004893,1,26,21,2011-11-07,,BRONZE,12771,0,1,APP
M0004894,1,55,13,2017-09-07,,BRONZE,56937,1,0,WEB
M0004895,2,44,38,2018-04-15,,GOLD,301857,1,1,PHONE
M0004896,2,33,29,2024-10-26,,SILVER,181358,1,0,APP
M0004897,1,44,28,2025-08-20,,PLATINUM,546823,0,1,APP
M0004898,2,46,45,2019-09-25,,BRONZE,78634,1,1,APP
M0004899,2,58,33,2013-05-22,,SILVER,265968,1,1,WEB
M0004900,2,22,27,2013-04-07,,BRONZE,41027,0,1,STORE
M0004901,2,63,42,2019-08-01,,SILVER,95540,1,1,WEB
M0004902,1,40,11,2013-02-19,,SILVER,173365,1,1,STORE
M0004903,1,31,13,2020-10-11,2021-12-27,BRONZE,11291,1,0,WEB
M0004904,2,31,27,2025-06-23,,SILVER,362933,0,1,APP
M0004905,2,23,04,2012-12-29,,BRONZE,12282,0,0,STORE
M0004906,2,36,46,2024-09-10,2025-12-31,BRONZE,35037,1,1,WEB
M0004907,2,52,11,2010-08-15,,SILVER,213822,1,1,APP
M0004908,1,74,28,2017-09-22,,BRONZE,56856,0,1,WEB
M0004909,2,52,14,2016-03-04,,SILVER,176518,1,1,APP
M0004910,1,24,29,2019-01-09,2025-12-31,SILVER,212376,0,0,APP
M0004911,1,53,13,2017-09-26,,BRONZE,39011,0,1,PHONE
M0004912,2,39,28,2018-10-03,,BRONZE,58055,1,1,APP
M0004913,1,54,28,2011-12-06,2016-09-06,BRONZE,56924,1,1,WEB
M0004914,2,38,13,2022-03-20,2025-12-31,BRONZE,95950,0,0,WEB
M0004915,1,30,41,2025-02-07,,PLATINUM,777669,1,1,PHONE
M0004916,2,36,45,2017-08-04,,PLATINUM,1510289,1,0,WEB
M0004917,2,42,11,2023-09-17,,BRONZE,22186,0,0,STORE
M0004918,2,21,09,2011-12-18,,BRONZE,42546,0,1,APP
M0004919,2,56,30,2021-09-18,,SILVER,234237,0,1,WEB
M0004920,1,60,13,2015-03-11,,GOLD,298855,1,1,WEB
M0004921,1,64,13,2020-09-18,,SILVER,482052,1,1,STORE
M0004922,1,47,05,2019-02-04,,SILVER,204130,1,0,STORE
M0004923,1,63,28,2010-09-15,,BRONZE,116350,1,1,WEB
M0004924,2,29,04,2015-08-14,,GOLD,352143,1,0,APP
M0004925,2,63,28,2016-12-15,,SILVER,234996,0,1,WEB
M0004926,1,68,09,2023-01-07,,SILVER,158917,0,1,APP
M0004927,1,63,13,2011-10-05,,BRONZE,24447,0,1,WEB
M0004928,2,36,27,2025-03-02,,BRONZE,32240,1,0,STORE
M0004929,2,18,27,2010-10-08,,BRONZE,42490,0,0,STORE
M0004930,1,39,40,2013-11-15,,GOLD,269554,0,1,WEB
M0004931,2,40,17,2012-04-12,,SILVER,121993,1,1,WEB
M0004932,2,67,26,2024-03-24,,BRONZE,20276,1,1,STORE
M0004933,2,44,40,2019-01-30,,BRONZE,22132,1,1,APP
M0004934,1,40,01,2021-06-14,,BRONZE,39214,0,1,STORE
M0004935,2,41,14,2021-01-03,,SILVER,246958,0,1,WEB
M0004936,1,47,11,2019-05-24,,PLATINUM,954693,0,0,WEB
M0004937,1,51,41,2014-10-17,,BRONZE,42148,1,1,STORE
M0004938,2,28,27,2012-02-02,,BRONZE,84610,0,1,STORE
M0004939,2,22,20,2016-12-22,,BRONZE,21353,1,1,PHONE
M0004940,1,63,13,2016-07-29,,SILVER,81666,1,1,STORE
M0004941,2,43,14,2016-12-27,,GOLD,949875,0,0,WEB
M0004942,1,68,12,2025-12-04,,SILVER,278408,1,1,PHONE
M0004943,2,63,18,2012-01-21,,GOLD,338159,1,1,PHONE
M0004944,9,30,01,2020-05-16,2025-12-31,SILVER,103541,1,1,WEB
M0004945,2,57,32,2012-07-01,,BRONZE,51078,0,0,APP
M0004946,2,40,24,2019-06-20,2025-12-31,BRONZE,118634,1,1,WEB
M0004947,2,18,01,2020-10-26,,SILVER,102766,0,1,PHONE
M0004948,2,47,14,2010-07-28,,GOLD,448366,0,1,APP
M0004949,2,41,40,2017-05-15,,SILVER,123207,1,1,WEB
M0004950,2,36,01,2015-02-19,,GOLD,284335,0,1,WEB
M0004951,1,29,12,2017-10-20,,BRONZE,113795,1,1,WEB
M0004952,2,39,40,2017-10-23,,BRONZE,46288,1,1,APP
M0004953,1,30,40,2017-07-23,,BRONZE,57069,0,1,STORE
M0004954,9,81,13,2020-04-07,,BRONZE,18572,1,0,STORE
M0004955,1,36,13,2013-03-20,,SILVER,272808,1,1,APP
M0004956,1,34,11,2023-09-18,2025-12-31,GOLD,1019436,0,0,STORE
M0004957,2,31,26,2023-06-18,,SILVER,114264,0,1,APP
M0004958,1,70,17,2017-04-30,,BRONZE,52024,0,1,APP
M0004959,1,36,47,2024-07-13,,SILVER,258016,1,1,WEB
M0004960,2,46,03,2014-05-23,,SILVER,142803,0,1,STORE
M0004961,1,36,27,2013-04-16,,BRONZE,145950,0,0,STORE
M0004962,1,16,03,2014-07-02,,SILVER,132042,0,1,APP
M0004963,2,26,25,2022-06-30,,SILVER,152928,0,1,STORE
M0004964,1,45,12,2012-03-16,,SILVER,640236,0,1,WEB
M0004965,1,25,23,2014-11-15,2018-05-16,PLATINUM,945462,0,0,APP
M0004966,1,44,01,2012-04-30,,GOLD,406400,0,1,APP
M0004967,1,69,13,2017-02-09,,GOLD,302193,1,1,PHONE
M0004968,1,43,27,2014-11-20,2023-09-23,GOLD,368862,1,1,WEB
M0004969,1,15,13,2023-01-28,,SILVER,60928,0,1,STORE
M0004970,2,26,40,2022-04-07,2025-12-31,BRONZE,124158,0,1,APP
M0004971,2,35,35,2024-02-28,,BRONZE,49227,0,1,APP
M0004972,1,34,27,2016-08-11,,GOLD,413580,1,1,STORE
M0004973,1,43,13,2018-07-02,,BRONZE,63698,1,1,STORE
M0004974,2,45,19,2023-10-03,,PLATINUM,1285864,1,1,APP
M0004975,2,69,32,2021-05-29,2025-12-31,BRONZE,25398,0,0,APP
M0004976,1,40,23,2025-03-09,,SILVER,255472,0,1,APP
M0004977,2,20,40,2025-09-11,,BRONZE,20865,1,0,WEB
M0004978,1,60,11,2011-03-17,,GOLD,398506,1,1,STORE
M0004979,2,61,12,2013-10-05,,SILVER,169187,1,0,STORE
M0004980,2,44,26,2021-05-17,,BRONZE,38746,0,0,APP
M0004981,2,36,27,2011-07-29,,BRONZE,60434,0,0,WEB
M0004982,1,51,36,2011-05-14,,SILVER,135430,0,0,APP
M0004983,1,36,12,2012-03-14,,BRONZE,82878,0,0,WEB
M0004984,1,48,10,2011-02-24,,BRONZE,47301,1,1,WEB
M0004985,1,50,13,2020-08-26,,BRONZE,68042,0,0,WEB
M0004986,1,55,37,2014-05-31,,GOLD,262662,1,1,WEB
M0004987,2,64,23,2025-01-30,,BRONZE,7122,1,1,WEB
M0004988,1,28,40,2011-08-17,,BRONZE,56336,0,1,STORE
M0004989,2,44,40,2017-04-21,,BRONZE,32391,1,0,STORE
M0004990,1,44,14,2020-08-10,,SILVER,243646,1,1,APP
M0004991,1,41,13,2015-10-07,,BRONZE,20831,1,0,WEB
M0004992,2,42,13,2021-06-17,,BRONZE,68704,0,1,WEB
M0004993,2,41,27,2023-06-13,,BRONZE,137694,0,0,STORE
M0004994,1,44,23,2020-03-24,,BRONZE,49522,0,1,APP
M0004995,2,53,02,2019-09-16,,SILVER,123730,1,0,WEB
M0004996,1,61,10,2019-03-17,,GOLD,539590,1,0,WEB
M0004997,1,27,01,2025-11-24,,GOLD,288213,1,0,APP
M0004998,2,37,13,2022-07-02,,SILVER,116917,1,0,WEB
M0004999,1,33,11,2010-12-18,2016-11-13,BRONZE,92562,0,0,WEB
M0005000,2,30,02,2022-05-12,2025-12-31,BRONZE,37324,0,1,WEB
M0005001,1,33,15,2012-08-21,,SILVER,112734,1,1,WEB
M0005002,2,40,14,2023-12-04,,GOLD,622052,1,1,PHONE
M0005003,2,48,39,2015-03-12,,PLATINUM,692056,1,1,STORE
M0005004,1,37,21,2021-02-03,,PLATINUM,737156,1,1,WEB
M0005005,1,40,30,2021-10-27,2025-12-31,SILVER,208411,0,1,WEB
M0005006,1,47,02,2015-09-11,2020-01-03,BRONZE,210403,0,1,APP
M0005007,2,64,40,2025-06-01,,PLATINUM,829382,1,0,APP
M0005008,2,33,39,2018-05-25,2022-03-15,BRONZE,16588,1,1,STORE
M0005009,2,20,35,2016-10-06,,BRONZE,37273,0,0,STORE
M0005010,1,38,25,2017-11-07,,GOLD,264303,1,1,WEB
M0005011,1,72,34,2014-12-04,,SILVER,125967,1,1,WEB
M0005012,2,20,37,2011-09-23,,BRONZE,67686,0,0,WEB
M0005013,1,51,15,2025-09-15,,SILVER,129658,1,0,STORE
M0005014,2,60,27,2022-12-27,,GOLD,482288,0,1,WEB
M0005015,1,25,23,2023-01-11,,BRONZE,48931,1,0,WEB
M0005016,1,47,01,2024-08-09,,SILVER,237417,1,0,APP
M0005017,2,50,18,2019-10-17,,BRONZE,131041,0,1,APP
M0005018,2,35,23,2025-10-01,,BRONZE,11715,1,0,APP
M0005019,2,29,23,2025-10-06,,BRONZE,46256,0,1,WEB
M0005020,1,30,47,2013-12-20,,SILVER,342909,1,1,APP
M0005021,2,34,11,2017-01-18,,BRONZE,41992,0,1,STORE
M0005022,2,35,13,2011-07-13,,SILVER,98387,1,1,WEB
M0005023,2,32,07,2021-03-27,,GOLD,298719,1,1,WEB
M0005024,2,34,40,2011-10-11,,BRONZE,46284,0,0,STORE
M0005025,2,60,27,2022-03-18,,SILVER,235987,1,1,WEB
M0005026,2,19,01,2022-11-14,2025-06-26,BRONZE,13208,0,0,WEB
M0005027,1,60,42,2016-07-31,,SILVER,259875,1,1,APP
M0005028,1,61,14,2020-02-09,,SILVER,321391,0,1,APP
M0005029,2,37,40,2025-03-09,2025-12-31,GOLD,336343,1,0,WEB
M0005030,1,33,11,2022-02-05,,GOLD,545480,1,0,STORE
M0005031,1,38,05,2017-01-19,,GOLD,721717,1,1,APP
M0005032,2,44,40,2024-06-25,2025-12-31,BRONZE,40776,1,1,STORE
M0005033,1,31,11,2010-08-22,,BRONZE,39479,0,1,WEB
M0005034,2,49,06,2013-08-15,,GOLD,932867,1,0,STORE
M0005035,2,24,46,2015-03-30,2023-04-17,GOLD,417941,1,0,PHONE
M0005036,1,35,14,2015-10-29,,BRONZE,59278,1,0,PHONE
M0005037,2,55,28,2020-10-03,,BRONZE,107857,1,1,APP
M0005038,1,60,21,2022-09-05,,SILVER,173052,1,1,PHONE
M0005039,2,37,27,2010-11-08,,SILVER,432984,1,0,APP
M0005040,2,51,24,2014-02-24,,SILVER,267787,0,1,WEB
M0005041,1,48,14,2023-02-02,,BRONZE,54058,0,1,APP
M0005042,1,49,13,2018-02-05,,BRONZE,66985,0,0,APP
M0005043,1,40,13,2014-12-18,,GOLD,449020,1,1,APP
M0005044,1,47,13,2017-02-04,,BRONZE,120577,1,1,APP
M0005045,1,24,21,2019-09-12,,GOLD,244882,0,1,WEB
M0005046,9,20,03,2019-07-11,2025-12-31,GOLD,175977,0,1,STORE
M0005047,1,38,20,2023-04-09,,PLATINUM,842629,1,1,APP
M0005048,2,28,16,2025-10-24,,BRONZE,114947,0,0,WEB
M0005049,1,64,40,2022-12-05,,SILVER,66438,1,1,WEB
M0005050,9,46,39,2011-08-30,,SILVER,232402,1,1,WEB
M0005051,1,28,33,2016-09-29,,BRONZE,9421,0,0,STORE
M0005052,1,35,14,2017-10-03,2023-06-26,BRONZE,87374,1,0,STORE
M0005053,2,42,18,2020-01-27,,BRONZE,86991,1,0,WEB
M0005054,1,39,24,2025-05-06,2025-12-31,BRONZE,41616,1,0,PHONE
M0005055,2,45,23,2017-02-24,,BRONZE,36272,1,1,APP
M0005056,1,41,13,2015-07-26,,BRONZE,22683,0,1,STORE
M0005057,2,16,14,2024-05-26,2025-12-31,GOLD,403714,0,1,APP
M0005058,2,38,46,2021-11-07,,GOLD,406624,1,1,WEB
M0005059,2,34,08,2017-05-04,,SILVER,198259,0,1,STORE
M0005060,1,50,18,2024-11-13,,GOLD,451632,1,1,APP
M0005061,1,34,37,2014-11-04,,BRONZE,12848,0,1,APP
M0005062,1,61,27,2013-11-07,,SILVER,278057,1,0,APP
M0005063,1,39,44,2010-05-06,,BRONZE,90638,0,1,STORE
M0005064,1,63,23,2011-04-21,,BRONZE,72609,1,1,APP
M0005065,2,60,15,2023-11-01,2025-12-31,SILVER,360761,1,0,APP
M0005066,2,58,14,2011-03-19,,PLATINUM,1137482,1,1,WEB
M0005067,2,20,14,2022-03-28,,BRONZE,37297,0,1,WEB
M0005068,1,40,14,2011-03-03,,SILVER,123040,1,1,APP
M0005069,1,61,14,2013-09-07,,BRONZE,69854,1,1,APP
M0005070,2,45,13,2015-08-11,,SILVER,314647,1,0,WEB
M0005071,1,49,14,2013-06-09,,BRONZE,102363,1,1,APP
M0005072,1,16,12,2012-01-08,,SILVER,131243,0,1,STORE
M0005073,2,73,36,2025-10-26,,BRONZE,12091,0,1,STORE
M0005074,2,27,13,2016-06-24,,BRONZE,59534,1,0,WEB
M0005075,9,52,13,2016-10-08,,SILVER,140294,1,0,WEB
M0005076,1,34,01,2022-01-25,,SILVER,412720,0,0,APP
M0005077,2,50,06,2024-08-16,,GOLD,383743,1,1,STORE
M0005078,1,22,01,2014-10-09,2019-02-09,PLATINUM,589736,0,1,WEB
M0005079,1,83,44,2017-04-02,,BRONZE,29531,1,1,APP
M0005080,2,34,27,2017-09-02,,GOLD,337677,0,0,STORE
M0005081,1,16,23,2014-03-04,2015-03-17,BRONZE,47367,0,0,STORE
M0005082,2,40,37,2012-01-15,,BRONZE,56967,1,1,PHONE
M0005083,1,25,01,2024-09-26,,GOLD,589874,0,1,STORE
M0005084,1,55,28,2021-03-04,,GOLD,890001,1,0,APP
M0005085,2,25,39,2020-11-12,2025-12-31,BRONZE,85708,0,0,STORE
M0005086,1,45,14,2015-01-31,2022-06-28,GOLD,278470,1,0,APP
M0005087,2,20,13,2020-07-26,,GOLD,170119,0,1,STORE
M0005088,1,84,13,2012-03-01,,BRONZE,11558,1,0,WEB
M0005089,2,49,25,2011-11-22,2019-07-13,SILVER,157638,1,0,PHONE
M0005090,1,38,31,2025-04-11,2025-12-31,SILVER,203243,0,0,WEB
M0005091,1,35,27,2013-08-29,,BRONZE,125437,0,0,APP
M0005092,2,31,11,2022-04-25,2024-10-14,SILVER,192668,1,1,STORE
M0005093,1,27,28,2014-06-14,,PLATINUM,989691,0,1,STORE
M0005094,1,27,13,2020-06-09,,GOLD,409633,0,0,WEB
M0005095,9,69,30,2019-10-17,,BRONZE,29457,1,0,APP
M0005096,2,31,40,2021-07-27,,BRONZE,45515,1,1,WEB
M0005097,2,28,31,2025-04-05,,BRONZE,14590,0,1,APP
M0005098,2,20,17,2016-10-22,,BRONZE,37203,0,1,APP
M0005099,2,56,14,2023-11-09,,BRONZE,49368,0,0,APP
M0005100,2,36,08,2014-10-10,,SILVER,258703,0,1,WEB
M0005101,2,38,15,2025-06-03,,SILVER,386885,0,0,PHONE
M0005102,1,60,14,2017-12-31,,SILVER,447217,1,1,WEB
M0005103,1,27,27,2023-07-04,,SILVER,314421,1,0,WEB
M0005104,2,51,25,2023-03-16,,BRONZE,47284,0,1,STORE
M0005105,2,29,04,2020-02-26,,PLATINUM,836270,0,1,PHONE
M0005106,2,50,10,2025-06-03,2025-12-31,PLATINUM,614487,1,1,APP
M0005107,1,33,14,2020-10-21,,BRONZE,29871,0,1,WEB
M0005108,1,36,08,2019-09-08,,BRONZE,21291,1,1,APP
M0005109,2,54,08,2014-01-19,,GOLD,337695,1,0,WEB
M0005110,2,53,14,2016-01-09,,SILVER,85925,1,0,STORE
M0005111,1,37,27,2010-02-05,,PLATINUM,747479,1,1,WEB
M0005112,2,32,11,2021-06-29,,BRONZE,78331,1,0,WEB
M0005113,2,67,10,2019-09-17,,GOLD,614126,1,0,PHONE
M0005114,2,50,27,2021-02-25,,SILVER,414472,1,1,APP
M0005115,1,33,32,2020-01-23,,SILVER,270073,1,1,WEB
M0005116,2,29,27,2013-12-17,,BRONZE,14821,0,0,WEB
M0005117,2,57,29,2025-12-31,,SILVER,346190,0,1,APP
M0005118,2,42,13,2016-12-20,,BRONZE,87815,1,0,WEB
M0005119,1,37,10,2021-03-11,,BRONZE,163725,1,1,APP
M0005120,2,42,28,2012-02-23,,GOLD,550967,1,1,WEB
M0005121,2,46,02,2019-07-20,,BRONZE,235985,1,1,WEB
M0005122,1,39,45,2016-06-08,,BRONZE,23419,0,1,STORE
M0005123,1,60,13,2024-11-04,,BRONZE,75612,0,1,STORE
M0005124,2,61,13,2022-03-16,,SILVER,146224,1,1,APP
M0005125,2,49,13,2024-12-14,,BRONZE,33725,1,1,APP
M0005126,1,63,23,2015-01-09,,PLATINUM,867935,1,1,WEB
M0005127,1,40,21,2020-07-24,,SILVER,198761,1,0,WEB
M0005128,1,52,13,2020-02-17,,GOLD,960538,1,1,APP
M0005129,2,57,19,2014-01-07,,BRONZE,117823,0,0,STORE
M0005130,9,57,11,2015-03-30,,SILVER,321578,0,0,WEB
M0005131,1,56,41,2020-10-18,2025-12-31,GOLD,692544,1,0,STORE
M0005132,1,51,40,2012-05-09,2021-08-28,PLATINUM,914728,1,0,WEB
M0005133,1,73,46,2016-05-26,,SILVER,464785,1,1,PHONE
M0005134,2,31,28,2021-11-11,2024-06-01,PLATINUM,1008639,0,1,APP
M0005135,2,37,46,2023-06-17,,BRONZE,65835,0,1,WEB
M0005136,2,36,12,2019-06-06,,BRONZE,40749,0,1,WEB
M0005137,1,34,14,2020-09-16,2025-12-31,SILVER,220329,0,1,APP
M0005138,1,26,22,2023-03-17,,BRONZE,26437,0,0,STORE
M0005139,1,63,23,2013-09-12,,GOLD,398875,1,0,STORE
M0005140,2,23,14,2020-11-11,,BRONZE,30882,0,1,WEB
M0005141,2,43,11,2021-10-09,2025-06-04,BRONZE,31187,1,0,STORE
M0005142,2,16,32,2023-01-28,,BRONZE,34409,0,1,PHONE
M0005143,1,51,10,2019-09-25,,SILVER,107157,1,1,WEB
M0005144,2,27,13,2012-06-24,,BRONZE,50961,0,1,APP
M0005145,1,21,26,2010-10-23,,GOLD,381890,0,1,WEB
M0005146,2,43,11,2019-11-01,,PLATINUM,527845,0,0,APP
M0005147,2,28,13,2014-06-06,,SILVER,269534,0,0,APP
M0005148,2,30,13,2015-11-17,,BRONZE,33915,0,1,WEB
M0005149,2,43,13,2017-05-23,,BRONZE,31853,0,0,PHONE
M0005150,1,54,03,2021-12-11,,BRONZE,77573,1,1,PHONE
M0005151,2,26,27,2015-09-02,,BRONZE,81644,0,1,APP
M0005152,1,23,13,2019-04-14,,SILVER,145757,0,1,APP
M0005153,2,40,40,2017-12-19,,BRONZE,28306,1,0,STORE
M0005154,1,49,32,2010-11-13,,BRONZE,48127,1,1,WEB
M0005155,1,65,01,2021-01-23,,GOLD,447306,1,0,STORE
M0005156,1,22,23,2018-07-16,,SILVER,94376,0,0,APP
M0005157,1,35,10,2013-07-14,2018-08-20,SILVER,187232,0,0,STORE
M0005158,2,60,13,2021-11-28,,SILVER,253881,0,1,PHONE
M0005159,2,74,33,2011-08-06,,GOLD,265782,1,0,PHONE
M0005160,1,23,13,2014-03-16,,SILVER,270849,1,1,WEB
M0005161,9,27,13,2013-10-28,,BRONZE,27305,1,1,APP
M0005162,2,46,40,2020-06-22,,BRONZE,310302,1,0,APP
M0005163,1,30,13,2025-11-03,,SILVER,157090,1,1,PHONE
M0005164,1,27,13,2023-06-16,,BRONZE,25883,0,0,WEB
M0005165,2,44,10,2012-03-19,,PLATINUM,624503,1,0,WEB
M0005166,2,66,40,2011-01-16,2018-01-25,BRONZE,50745,0,1,WEB
M0005167,1,18,13,2022-08-17,2025-12-31,GOLD,428456,1,1,STORE
M0005168,2,65,12,2019-04-01,,PLATINUM,1338733,1,1,APP
M0005169,1,30,07,2015-09-28,2018-07-20,BRONZE,68278,1,1,STORE
M0005170,1,46,36,2024-03-15,2025-12-31,SILVER,160494,1,1,PHONE
M0005171,2,67,13,2012-11-08,,BRONZE,26676,1,1,APP
M0005172,2,46,31,2012-01-09,,GOLD,778594,1,1,PHONE
M0005173,2,35,07,2017-12-30,2023-04-07,GOLD,349506,0,1,WEB
M0005174,1,52,28,2014-04-23,2019-09-04,GOLD,408508,0,1,WEB
M0005175,1,37,27,2013-09-19,,BRONZE,27380,0,0,PHONE
M0005176,1,49,11,2020-01-06,,SILVER,190089,0,1,WEB
M0005177,1,37,27,2014-11-17,2015-12-07,SILVER,481223,1,1,WEB
M0005178,1,55,08,2019-05-13,,BRONZE,41116,0,1,WEB
M0005179,2,16,06,2019-01-26,,GOLD,409632,0,1,WEB
M0005180,2,23,27,2022-09-11,,GOLD,655668,0,1,APP
M0005181,2,16,27,2025-08-13,,SILVER,273893,0,0,PHONE
M0005182,1,39,35,2020-01-25,,BRONZE,27289,0,0,APP
M0005183,1,57,11,2014-08-04,2018-04-06,BRONZE,57049,1,1,WEB
M0005184,2,28,28,2019-03-20,,BRONZE,27584,1,1,APP
M0005185,1,21,43,2017-09-19,2024-10-14,BRONZE,44324,0,1,WEB
M0005186,2,65,27,2017-03-25,,GOLD,284242,0,1,WEB
M0005187,1,23,01,2015-07-09,,BRONZE,9429,0,0,WEB
M0005188,2,18,18,2011-04-03,,BRONZE,22738,0,1,APP
M0005189,2,44,14,2013-12-12,,BRONZE,37263,1,1,WEB
M0005190,2,69,14,2019-06-17,,BRONZE,85625,1,1,PHONE
M0005191,2,38,35,2011-02-17,,BRONZE,13716,1,1,WEB
M0005192,2,39,13,2012-07-04,,BRONZE,101775,1,1,STORE
M0005193,1,62,13,2019-02-16,,SILVER,225445,1,1,PHONE
M0005194,2,55,40,2025-12-07,,BRONZE,79347,1,1,WEB
M0005195,2,47,21,2012-09-02,,BRONZE,14327,1,1,STORE
M0005196,9,30,11,2011-04-04,,SILVER,260280,1,1,WEB
M0005197,1,48,27,2015-08-06,,BRONZE,72869,1,1,WEB
M0005198,1,17,11,2011-03-19,2021-02-22,BRONZE,18253,0,1,APP
M0005199,2,29,11,2024-05-04,2025-12-31,PLATINUM,696297,1,0,WEB
M0005200,2,64,09,2022-08-07,,BRONZE,63393,1,1,STORE
M0005201,1,62,32,2011-11-14,,GOLD,421805,1,1,STORE
M0005202,1,47,14,2011-08-15,,GOLD,444399,1,1,WEB
M0005203,1,34,07,2018-08-28,,PLATINUM,681131,0,1,APP
M0005204,2,19,06,2016-06-25,,GOLD,322621,1,1,WEB
M0005205,1,28,17,2021-02-04,2025-12-31,GOLD,213929,0,1,WEB
M0005206,1,37,28,2024-11-03,,BRONZE,77744,1,1,WEB
M0005207,1,19,13,2015-05-07,,BRONZE,69692,0,0,WEB
M0005208,2,36,12,2022-08-10,,SILVER,170863,1,1,STORE
M0005209,1,70,01,2015-04-30,,SILVER,250110,1,0,APP
M0005210,1,47,01,2013-09-22,,SILVER,121687,1,1,PHONE
M0005211,2,44,14,2025-07-13,,BRONZE,33515,0,1,WEB
M0005212,1,23,13,2014-01-07,,BRONZE,64480,1,1,PHONE
M0005213,9,37,27,2012-04-17,,SILVER,254144,0,1,APP
M0005214,2,19,27,2019-06-24,,SILVER,57928,0,0,STORE
M0005215,1,54,13,2019-07-13,,BRONZE,146936,1,1,STORE
M0005216,1,41,27,2017-10-13,,BRONZE,40777,0,1,STORE
M0005217,1,47,13,2011-05-25,,GOLD,334144,1,0,WEB
M0005218,1,24,27,2011-11-14,,GOLD,220321,0,1,PHONE
M0005219,1,43,47,2022-02-14,,BRONZE,44569,0,1,WEB
M0005220,1,65,23,2012-07-16,,SILVER,74857,0,0,STORE
M0005221,1,73,14,2014-06-01,,BRONZE,69880,1,1,APP
M0005222,2,53,08,2022-11-06,,SILVER,76036,1,1,STORE
M0005223,1,37,11,2015-06-01,,SILVER,512474,1,1,WEB
M0005224,1,53,13,2015-07-08,,BRONZE,6817,1,0,STORE
M0005225,2,63,28,2024-08-29,,BRONZE,21380,1,0,PHONE
M0005226,1,45,14,2022-10-14,,SILVER,184785,1,0,STORE
M0005227,1,65,28,2021-05-02,,SILVER,86446,1,1,WEB
M0005228,1,31,13,2013-01-14,,BRONZE,101194,1,1,APP
M0005229,1,31,23,2014-07-21,2017-10-01,SILVER,676550,1,1,WEB
M0005230,1,34,27,2019-08-05,,BRONZE,55682,1,0,WEB
M0005231,2,45,14,2023-06-03,,PLATINUM,835115,0,0,STORE
M0005232,2,21,05,2018-01-30,,SILVER,108593,0,0,WEB
M0005233,1,35,27,2021-11-25,,GOLD,426436,1,1,WEB
M0005234,1,49,40,2015-03-23,2023-08-07,BRONZE,42999,1,1,STORE
M0005235,2,44,13,2015-11-07,2022-11-28,BRONZE,25865,1,1,PHONE
M0005236,2,46,05,2019-09-27,,BRONZE,50940,1,0,WEB
M0005237,1,34,23,2019-01-26,,GOLD,375415,1,1,PHONE
M0005238,1,52,24,2011-12-29,,SILVER,260160,0,1,STORE
M0005239,1,58,23,2016-03-20,,GOLD,279656,0,1,APP
M0005240,2,57,47,2023-09-15,,SILVER,135187,1,1,STORE
M0005241,1,47,27,2018-07-15,,BRONZE,34481,1,1,WEB
M0005242,1,56,15,2021-11-23,,BRONZE,14720,1,1,WEB
M0005243,1,55,11,2023-03-24,,BRONZE,124444,1,1,STORE
M0005244,1,86,40,2014-08-05,,BRONZE,21519,1,0,PHONE
M0005245,2,61,09,2013-10-04,2015-05-16,SILVER,252826,1,0,WEB
M0005246,2,38,43,2019-04-14,,SILVER,198513,1,1,STORE
M0005247,2,25,16,2017-09-04,,SILVER,137677,0,1,STORE
M0005248,1,36,14,2024-06-08,,BRONZE,41336,1,1,WEB
M0005249,1,34,23,2012-12-03,,SILVER,102562,0,1,WEB
M0005250,2,49,27,2016-10-03,,BRONZE,14351,1,0,PHONE
M0005251,2,28,01,2010-10-12,,SILVER,140281,1,0,APP
M0005252,1,60,40,2015-10-25,,BRONZE,34379,1,1,PHONE
M0005253,1,16,27,2019-05-26,2025-12-31,BRONZE,70775,0,0,PHONE
M0005254,2,22,13,2022-10-14,,PLATINUM,691359,0,1,PHONE
M0005255,2,38,38,2023-07-05,,BRONZE,95936,1,1,WEB
M0005256,2,26,13,2010-01-07,,SILVER,121001,1,1,STORE
M0005257,2,19,14,2023-12-15,2025-12-31,SILVER,66315,0,1,STORE
M0005258,1,29,27,2020-12-25,2025-05-01,SILVER,288733,1,1,STORE
M0005259,1,27,23,2013-03-24,2019-05-30,SILVER,349474,0,1,APP
M0005260,1,40,27,2013-06-15,,SILVER,142301,1,1,PHONE
M0005261,2,29,10,2022-06-07,,GOLD,404524,0,1,WEB
M0005262,2,31,27,2021-02-09,,BRONZE,50892,0,1,APP
M0005263,1,40,27,2013-04-18,,BRONZE,32286,0,1,APP
M0005264,2,57,27,2017-01-03,,SILVER,70599,1,1,APP
M0005265,1,65,14,2023-09-27,2025-12-31,BRONZE,43275,1,0,WEB
M0005266,1,43,12,2010-04-29,,BRONZE,71236,1,1,WEB
M0005267,1,44,27,2018-03-08,,BRONZE,17534,0,1,WEB
M0005268,2,37,06,2023-12-28,,SILVER,239809,0,1,STORE
M0005269,2,48,11,2010-01-24,,GOLD,949091,0,1,APP
M0005270,2,47,27,2018-09-29,,BRONZE,59587,0,0,PHONE
M0005271,9,63,27,2018-12-09,,BRONZE,72679,1,1,APP
M0005272,2,44,23,2015-01-07,,BRONZE,47934,1,0,WEB
M0005273,2,36,40,2018-08-18,,PLATINUM,564252,0,1,STORE
M0005274,2,46,23,2021-04-03,2023-08-28,BRONZE,49323,1,1,APP
M0005275,1,40,24,2014-07-16,,BRONZE,30071,1,1,STORE
M0005276,2,24,13,2017-12-08,,BRONZE,49250,0,1,WEB
M0005277,2,18,40,2018-08-02,,BRONZE,123304,0,1,STORE
M0005278,2,54,40,2010-07-24,,SILVER,216143,1,1,APP
M0005279,1,27,27,2013-05-27,,BRONZE,133813,0,1,APP
M0005280,2,36,11,2020-05-28,,SILVER,121281,1,1,APP
M0005281,9,55,28,2017-10-28,,BRONZE,33418,1,1,WEB
M0005282,1,48,28,2025-07-06,2025-12-31,SILVER,194164,0,0,STORE
M0005283,9,38,03,2023-08-09,,BRONZE,38469,0,0,WEB
M0005284,1,24,13,2013-07-21,,BRONZE,104038,0,1,WEB
M0005285,1,38,11,2025-12-15,,GOLD,345182,1,0,APP
M0005286,1,61,16,2023-10-22,,GOLD,327552,1,1,WEB
M0005287,2,24,11,2016-09-23,,BRONZE,60666,0,1,APP
M0005288,2,47,12,2019-12-09,,SILVER,50376,0,0,APP
M0005289,1,29,01,2014-06-23,,SILVER,200828,0,1,WEB
M0005290,2,40,11,2011-04-01,,GOLD,411083,1,1,WEB
M0005291,1,32,13,2013-10-19,,SILVER,185269,0,0,WEB
M0005292,1,51,12,2021-09-05,,SILVER,388784,1,0,STORE
M0005293,2,59,23,2019-02-19,2025-12-31,GOLD,336266,1,1,WEB
M0005294,2,45,13,2017-01-24,,SILVER,227070,1,1,WEB
M0005295,2,50,27,2017-09-11,,SILVER,209296,1,0,WEB
M0005296,2,45,13,2022-09-13,,BRONZE,74771,1,1,STORE
M0005297,9,40,28,2021-02-19,2025-12-31,GOLD,239414,1,1,STORE
M0005298,1,18,13,2020-03-04,,BRONZE,11281,0,1,APP
M0005299,1,23,29,2018-01-08,,SILVER,427195,0,1,WEB
M0005300,1,17,42,2010-01-17,,SILVER,94144,0,1,STORE
M0005301,2,37,45,2015-05-04,,SILVER,94665,1,1,STORE
M0005302,2,44,27,2012-01-09,,BRONZE,94859,0,1,STORE
M0005303,2,15,23,2022-05-22,,SILVER,220990,0,0,WEB
M0005304,1,41,34,2015-08-22,,BRONZE,41087,1,0,WEB
M0005305,1,25,05,2013-12-02,2020-03-17,GOLD,927934,0,1,WEB
M0005306,2,22,14,2017-09-16,,BRONZE,47102,0,0,WEB
M0005307,9,29,26,2017-09-05,,PLATINUM,1276139,1,1,STORE
M0005308,1,21,28,2024-11-30,,PLATINUM,571856,0,1,APP
M0005309,1,50,09,2012-11-10,,GOLD,216347,1,0,WEB
M0005310,1,37,44,2023-02-25,,BRONZE,30515,1,1,WEB
M0005311,1,54,47,2013-06-15,2016-07-16,BRONZE,158656,1,1,STORE
M0005312,1,32,23,2022-10-29,,SILVER,337303,0,1,STORE
M0005313,1,33,13,2018-08-12,,BRONZE,25269,0,0,APP
M0005314,2,72,01,2018-08-20,2025-12-31,PLATINUM,675423,1,0,WEB
M0005315,1,51,12,2021-04-12,,SILVER,341351,1,0,WEB
M0005316,1,62,28,2011-06-27,,GOLD,192682,1,1,STORE
M0005317,1,68,11,2022-10-03,,PLATINUM,642097,1,1,STORE
M0005318,2,53,28,2021-12-07,,PLATINUM,878263,0,1,WEB
M0005319,1,34,23,2013-03-05,,BRONZE,196132,1,1,WEB
M0005320,1,64,41,2011-05-21,,PLATINUM,764735,0,0,APP
M0005321,1,35,26,2021-07-29,,BRONZE,51013,1,0,APP
M0005322,2,28,40,2011-06-19,,GOLD,607166,1,1,APP
M0005323,2,33,28,2019-04-12,,SILVER,178014,0,0,APP
M0005324,1,30,28,2014-01-30,2019-05-17,BRONZE,44472,0,1,PHONE
M0005325,1,24,23,2021-06-28,2025-12-31,BRONZE,21558,0,1,WEB
M0005326,1,59,13,2024-10-05,,SILVER,140156,1,1,WEB
M0005327,2,27,07,2023-06-20,,SILVER,107422,0,0,STORE
M0005328,2,39,09,2021-12-31,,SILVER,128333,1,1,PHONE
M0005329,1,15,23,2020-04-13,,BRONZE,24275,0,1,STORE
M0005330,1,41,35,2011-03-24,2017-08-14,BRONZE,43367,1,1,PHONE
M0005331,2,20,46,2025-03-14,,SILVER,75390,0,0,PHONE
M0005332,2,20,24,2024-09-14,,BRONZE,43958,0,1,APP
M0005333,1,38,38,2010-12-31,,SILVER,160519,1,1,STORE
M0005334,1,58,23,2022-07-15,,SILVER,458487,1,1,APP
M0005335,1,47,37,2011-09-18,2017-09-25,GOLD,198252,0,1,APP
M0005336,2,49,39,2019-08-29,2025-12-31,PLATINUM,1124447,1,1,STORE
M0005337,2,38,01,2013-12-30,,SILVER,152313,1,1,WEB
M0005338,2,34,13,2012-01-12,,SILVER,213262,1,1,WEB
M0005339,2,53,13,2013-09-08,,SILVER,262932,1,0,WEB
M0005340,1,30,11,2015-02-14,,BRONZE,72941,1,1,STORE
M0005341,1,54,10,2015-08-03,,GOLD,612563,1,1,WEB
M0005342,1,61,23,2014-10-24,2023-05-15,BRONZE,36726,1,1,WEB
M0005343,2,26,21,2017-05-29,,BRONZE,72900,0,1,APP
M0005344,2,28,18,2020-03-29,,BRONZE,114430,1,1,STORE
M0005345,1,31,27,2017-06-04,,BRONZE,104913,1,1,STORE
M0005346,1,15,13,2019-05-29,,GOLD,444542,0,1,PHONE
M0005347,2,32,07,2016-02-28,,BRONZE,77534,0,1,STORE
M0005348,2,62,14,2014-06-09,2023-11-27,BRONZE,60324,1,0,STORE
M0005349,2,22,39,2012-05-15,,BRONZE,19043,0,1,APP
M0005350,1,63,32,2014-12-24,,SILVER,141926,1,1,PHONE
M0005351,2,33,11,2013-01-28,,BRONZE,57874,0,1,STORE
M0005352,2,76,28,2018-04-18,,SILVER,116428,1,0,STORE
M0005353,2,28,29,2020-06-22,,GOLD,326564,0,1,WEB
M0005354,2,38,32,2023-07-12,,SILVER,380417,0,0,WEB
M0005355,2,25,28,2014-09-19,,BRONZE,23399,0,1,APP
M0005356,2,28,44,2012-01-08,,SILVER,219539,0,1,WEB
M0005357,2,63,23,2023-01-18,,BRONZE,86608,1,1,PHONE
M0005358,1,48,13,2021-08-12,,SILVER,351755,0,0,STORE
M0005359,1,57,28,2015-01-25,,GOLD,457540,1,1,WEB
M0005360,2,18,19,2025-12-06,,GOLD,352802,1,1,WEB
M0005361,2,51,46,2020-04-07,,GOLD,326090,0,1,STORE
M0005362,1,23,13,2021-12-30,,BRONZE,48954,1,1,PHONE
M0005363,1,17,11,2015-08-15,,GOLD,246283,0,1,APP
M0005364,2,44,28,2017-01-24,,BRONZE,110257,0,1,STORE
M0005365,2,44,33,2015-08-03,,BRONZE,113832,0,1,WEB
M0005366,9,41,08,2021-09-15,,SILVER,659988,1,1,STORE
M0005367,1,52,27,2023-01-15,,SILVER,129459,1,1,WEB
M0005368,2,55,31,2023-10-09,,GOLD,422619,0,1,STORE
M0005369,2,65,02,2015-04-26,,GOLD,317325,1,1,WEB
M0005370,1,20,35,2022-04-19,,GOLD,453216,0,1,WEB
M0005371,1,66,26,2020-12-08,,SILVER,157276,1,1,PHONE
M0005372,9,72,13,2010-03-16,2016-10-16,SILVER,156380,0,1,APP
M0005373,1,34,43,2022-09-21,,BRONZE,68090,0,1,PHONE
M0005374,2,48,11,2012-02-08,,BRONZE,31143,1,1,WEB
M0005375,2,16,46,2012-01-22,2020-01-23,BRONZE,7283,0,0,STORE
M0005376,2,32,27,2011-09-19,,BRONZE,73113,0,1,STORE
M0005377,1,74,20,2018-10-15,,GOLD,360176,1,1,WEB
M0005378,2,40,14,2010-07-05,,SILVER,156106,1,0,STORE
M0005379,1,30,13,2018-01-27,,SILVER,161186,0,0,PHONE
M0005380,2,28,47,2021-06-07,2025-12-31,BRONZE,44450,0,0,WEB
M0005381,1,18,14,2018-07-27,,SILVER,322668,0,1,WEB
M0005382,2,55,13,2014-04-12,,SILVER,210175,1,1,WEB
M0005383,2,38,31,2015-05-06,2017-11-06,BRONZE,87555,1,0,WEB
M0005384,1,76,11,2021-07-21,,BRONZE,57062,0,0,STORE
M0005385,1,51,28,2015-06-08,,SILVER,694400,1,1,STORE
M0005386,2,54,46,2020-08-28,,BRONZE,76013,1,0,APP
M0005387,1,36,23,2021-01-01,,SILVER,163229,1,1,WEB
M0005388,1,21,13,2018-05-18,2022-11-08,PLATINUM,628429,0,1,APP
M0005389,2,25,05,2015-12-14,,BRONZE,59442,0,0,WEB
M0005390,2,17,07,2010-12-15,,BRONZE,10960,0,1,WEB
M0005391,2,55,27,2021-11-29,,SILVER,424689,1,1,APP
M0005392,1,33,28,2014-11-20,,BRONZE,121108,0,0,WEB
M0005393,9,56,40,2017-04-11,2022-02-09,SILVER,481927,1,0,APP
M0005394,2,42,13,2010-06-08,,BRONZE,20741,0,1,APP
M0005395,1,35,14,2021-11-16,,BRONZE,31783,1,0,PHONE
M0005396,1,20,36,2024-07-24,,SILVER,153499,0,1,WEB
M0005397,1,45,14,2024-01-21,,GOLD,539031,1,1,APP
M0005398,1,36,27,2014-12-09,,BRONZE,39674,1,1,WEB
M0005399,2,55,41,2011-06-05,,BRONZE,50647,1,1,WEB
M0005400,1,28,40,2011-07-09,2017-01-01,BRONZE,39990,1,1,STORE
M0005401,2,50,41,2016-01-31,,BRONZE,33885,1,0,WEB
M0005402,1,68,33,2010-01-15,2014-03-30,BRONZE,74537,0,1,APP
M0005403,1,45,11,2012-11-12,,SILVER,250117,1,0,APP
M0005404,1,53,40,2019-10-14,2024-08-06,GOLD,385342,0,0,APP
M0005405,2,50,13,2010-09-02,,GOLD,581318,1,0,WEB
M0005406,2,72,27,2019-12-08,,SILVER,264335,1,0,WEB
M0005407,1,46,27,2023-11-20,,GOLD,640853,1,1,STORE
M0005408,1,52,11,2025-12-02,,SILVER,151391,0,0,APP
M0005409,1,39,40,2025-07-19,,PLATINUM,909771,1,1,APP
M0005410,2,27,21,2014-08-14,2023-09-25,GOLD,203836,0,0,WEB
M0005411,1,19,14,2020-05-01,,SILVER,367613,0,0,APP
M0005412,2,62,11,2010-09-29,,BRONZE,16733,1,1,STORE
M0005413,1,23,13,2013-10-25,2019-06-06,GOLD,418786,0,0,WEB
M0005414,1,53,27,2022-06-21,,GOLD,340835,0,1,WEB
M0005415,2,47,19,2013-04-12,2022-07-28,SILVER,133305,1,1,PHONE
M0005416,2,56,07,2014-11-15,,BRONZE,37410,0,1,APP
M0005417,1,31,40,2016-07-26,,BRONZE,11523,1,1,WEB
M0005418,9,27,28,2015-04-17,,GOLD,377561,1,1,WEB
M0005419,1,46,11,2021-10-31,,PLATINUM,970390,1,0,APP
M0005420,1,35,35,2024-07-10,,BRONZE,24298,0,1,WEB
M0005421,1,19,40,2018-08-13,,BRONZE,13393,0,1,WEB
M0005422,2,73,08,2019-03-17,,BRONZE,71045,0,1,STORE
M0005423,2,27,27,2021-09-16,,GOLD,510018,0,1,STORE
M0005424,1,23,11,2016-05-28,,BRONZE,45588,0,1,WEB
M0005425,2,36,23,2017-04-10,,GOLD,472590,0,0,PHONE
M0005426,2,61,13,2025-03-18,,BRONZE,24126,1,1,APP
M0005427,9,49,28,2016-03-01,,BRONZE,5327,1,0,WEB
M0005428,2,60,28,2014-03-31,,BRONZE,17183,1,1,PHONE
M0005429,2,25,13,2010-05-04,,BRONZE,23167,0,1,WEB
M0005430,2,44,47,2010-05-06,2017-10-01,PLATINUM,1341875,1,1,WEB
M0005431,1,29,13,2022-04-20,2025-02-22,BRONZE,38847,0,1,WEB
M0005432,1,74,35,2013-09-11,,SILVER,131036,1,0,APP
M0005433,2,42,23,2021-11-05,,GOLD,409853,1,1,STORE
M0005434,1,28,27,2010-09-15,,GOLD,586253,0,1,STORE
M0005435,2,35,13,2022-09-21,,PLATINUM,1077878,1,0,STORE
M0005436,1,42,06,2016-07-10,,BRONZE,84988,1,1,STORE
M0005437,2,43,16,2023-01-21,2025-12-31,SILVER,155010,1,0,WEB
M0005438,1,47,03,2023-04-19,,SILVER,223843,1,0,STORE
M0005439,2,40,40,2019-02-16,,GOLD,483452,1,1,PHONE
M0005440,1,17,13,2025-08-08,,SILVER,164936,0,1,APP
M0005441,1,34,20,2025-02-18,,GOLD,332257,1,1,STORE
M0005442,2,50,32,2021-03-16,,BRONZE,18264,1,0,PHONE
M0005443,2,29,40,2017-11-15,,SILVER,145491,0,1,PHONE
M0005444,2,51,29,2024-10-26,,GOLD,698352,0,1,APP
M0005445,9,41,12,2025-07-06,,BRONZE,19424,0,1,WEB
M0005446,1,36,23,2016-07-15,,BRONZE,15469,0,0,WEB
M0005447,2,60,01,2015-03-11,,BRONZE,50098,1,1,APP
M0005448,1,28,13,2014-11-05,,GOLD,688868,0,1,STORE
M0005449,2,29,13,2024-12-18,,SILVER,188999,0,0,STORE
M0005450,1,61,09,2012-06-20,,BRONZE,9310,0,0,STORE
M0005451,1,71,44,2010-01-19,,GOLD,384542,1,0,WEB
M0005452,2,79,23,2018-01-06,,BRONZE,10173,1,1,WEB
M0005453,2,41,13,2025-03-22,,GOLD,359921,1,1,WEB
M0005454,1,48,13,2015-03-26,,GOLD,330526,1,1,STORE
M0005455,2,54,11,2018-01-27,,SILVER,114557,0,1,STORE
M0005456,2,62,12,2011-09-21,,BRONZE,59114,1,0,WEB
M0005457,1,45,13,2023-02-16,2024-03-01,BRONZE,145305,1,1,WEB
M0005458,2,56,13,2024-11-29,,BRONZE,52280,0,0,WEB
M0005459,1,48,09,2020-02-23,,BRONZE,40134,1,1,WEB
M0005460,1,49,13,2011-12-24,,SILVER,358019,1,1,STORE
M0005461,2,24,11,2011-07-27,,BRONZE,183736,0,1,STORE
M0005462,1,34,10,2021-11-02,,PLATINUM,1157799,1,0,APP
M0005463,1,31,13,2012-01-21,,SILVER,283105,1,1,WEB
M0005464,2,20,11,2011-02-02,,BRONZE,27765,0,1,WEB
M0005465,1,43,13,2024-03-29,,SILVER,168120,1,1,STORE
M0005466,2,33,14,2018-06-08,,BRONZE,34787,0,0,APP
M0005467,2,36,37,2019-07-10,,BRONZE,34348,0,1,APP
M0005468,1,42,04,2020-10-18,,BRONZE,142948,1,1,STORE
M0005469,2,49,13,2015-07-08,,BRONZE,72915,1,1,PHONE
M0005470,1,43,13,2013-10-02,,SILVER,181673,1,0,STORE
M0005471,2,36,14,2018-04-23,,BRONZE,72377,0,1,APP
M0005472,1,24,35,2011-03-19,,BRONZE,50273,0,1,WEB
M0005473,2,55,15,2014-09-21,,GOLD,878668,1,1,WEB
M0005474,1,38,01,2019-06-30,2021-11-29,BRONZE,36320,0,1,APP
M0005475,2,33,13,2025-02-01,,BRONZE,39877,1,0,STORE
M0005476,1,37,39,2019-08-25,2020-11-23,BRONZE,25453,0,1,STORE
M0005477,1,28,22,2022-01-09,,GOLD,418024,1,1,APP
M0005478,2,31,27,2014-12-29,,SILVER,143560,0,1,APP
M0005479,2,30,40,2010-11-30,,BRONZE,37892,0,1,WEB
M0005480,9,35,11,2016-01-08,,SILVER,125673,1,1,WEB
M0005481,1,51,28,2021-01-21,,GOLD,476984,1,1,WEB
M0005482,1,47,40,2010-09-24,,BRONZE,60937,1,1,APP
M0005483,1,66,27,2023-11-10,,BRONZE,37065,0,1,STORE
M0005484,1,61,02,2014-09-25,,SILVER,99026,1,1,WEB
M0005485,2,73,03,2021-01-01,,SILVER,107004,1,1,WEB
M0005486,2,50,11,2024-02-14,,BRONZE,88102,0,0,WEB
M0005487,2,49,23,2019-10-14,,SILVER,322973,0,1,STORE
M0005488,1,32,13,2012-09-28,,BRONZE,60087,0,1,WEB
M0005489,1,54,11,2014-02-03,,BRONZE,57105,0,1,STORE
M0005490,2,29,21,2017-06-28,,GOLD,532798,0,1,STORE
M0005491,1,15,01,2025-08-31,,BRONZE,19065,0,0,APP
M0005492,2,66,38,2020-10-30,2025-12-31,SILVER,285339,0,0,APP
M0005493,1,19,08,2019-11-13,,BRONZE,16951,0,1,PHONE
M0005494,1,47,19,2022-11-06,,GOLD,149051,0,1,PHONE
M0005495,2,25,11,2012-04-06,,SILVER,100846,0,0,STORE
M0005496,1,59,13,2011-04-20,,BRONZE,22728,1,1,APP
M0005497,9,61,37,2019-05-03,,SILVER,241081,0,1,STORE
M0005498,1,49,12,2019-06-21,2024-06-20,SILVER,108617,0,0,STORE
M0005499,1,61,36,2014-02-13,2017-01-22,PLATINUM,717240,1,1,STORE
M0005500,1,40,01,2020-01-14,,SILVER,293120,1,1,APP
M0005501,1,78,11,2012-06-13,,SILVER,146010,0,0,APP
M0005502,2,53,13,2013-02-27,,PLATINUM,682989,1,1,WEB
M0005503,1,25,40,2024-04-21,,BRONZE,107074,0,1,WEB
M0005504,2,41,01,2010-06-30,,SILVER,154149,1,0,WEB
M0005505,2,37,39,2018-12-04,,PLATINUM,1247662,1,1,APP
M0005506,1,36,25,2023-07-06,,GOLD,311965,1,1,STORE
M0005507,1,17,23,2021-05-29,,BRONZE,10447,0,1,STORE
M0005508,1,47,11,2017-01-15,,BRONZE,57108,0,0,APP
M0005509,2,16,13,2015-01-12,,BRONZE,39991,0,0,WEB
M0005510,2,23,14,2010-12-22,,SILVER,199957,0,1,APP
M0005511,1,34,45,2011-12-28,,SILVER,392535,0,1,WEB
M0005512,2,27,15,2019-04-01,,SILVER,78333,0,1,STORE
M0005513,2,25,23,2018-06-16,,GOLD,1085590,0,1,WEB
M0005514,1,41,31,2016-01-12,,BRONZE,30971,1,1,WEB
M0005515,1,26,13,2014-09-06,,PLATINUM,513056,0,0,STORE
M0005516,9,37,43,2011-04-14,,SILVER,353292,1,1,PHONE
M0005517,1,29,06,2011-12-21,2019-12-04,BRONZE,48759,0,1,WEB
M0005518,1,47,13,2014-08-05,2018-04-06,GOLD,147011,1,0,STORE
M0005519,1,64,07,2024-10-12,,PLATINUM,1159840,1,1,APP
M0005520,2,49,13,2015-03-26,,PLATINUM,1055444,1,1,WEB
M0005521,1,57,12,2011-11-08,,GOLD,247321,0,1,APP
M0005522,1,59,14,2019-03-14,,BRONZE,56367,1,1,APP
M0005523,1,23,27,2012-01-10,,BRONZE,17819,0,1,WEB
M0005524,2,47,01,2016-06-15,,BRONZE,28772,1,1,STORE
M0005525,1,57,11,2021-08-25,,BRONZE,45520,1,1,APP
M0005526,2,33,13,2011-09-18,2017-11-03,GOLD,375940,1,1,STORE
M0005527,1,27,25,2024-10-07,,SILVER,134377,1,0,APP
M0005528,1,49,27,2020-03-01,,BRONZE,46512,1,1,WEB
M0005529,9,15,01,2024-08-18,2025-12-31,GOLD,211813,0,0,WEB
M0005530,2,22,01,2021-08-30,,SILVER,326032,1,0,APP
M0005531,1,29,13,2025-06-15,,BRONZE,18480,0,1,STORE
M0005532,2,48,47,2018-02-12,,GOLD,333248,1,0,APP
M0005533,2,44,11,2010-04-06,,SILVER,308463,1,1,PHONE
M0005534,1,58,27,2011-01-06,2013-01-12,SILVER,114166,1,1,PHONE
M0005535,2,24,11,2012-12-06,,BRONZE,40092,1,1,STORE
M0005536,2,23,01,2011-08-27,,SILVER,119599,1,0,STORE
M0005537,1,49,13,2022-12-05,,BRONZE,51462,0,1,WEB
M0005538,2,26,14,2025-02-11,2025-12-31,SILVER,254299,0,1,STORE
M0005539,1,30,23,2019-12-12,,BRONZE,94925,0,0,APP
M0005540,1,44,05,2013-01-11,,BRONZE,46450,1,0,WEB
M0005541,9,45,14,2025-09-01,,BRONZE,35557,1,0,WEB
M0005542,2,66,40,2014-12-02,,PLATINUM,604496,1,0,STORE
M0005543,2,23,27,2024-02-12,,BRONZE,64553,0,1,STORE
M0005544,2,57,14,2020-12-31,,BRONZE,102828,1,1,WEB
M0005545,2,39,05,2017-01-02,,SILVER,321103,1,1,WEB
M0005546,1,16,14,2022-09-02,,GOLD,198447,0,1,WEB
M0005547,9,25,27,2020-08-16,2025-07-18,GOLD,420092,1,0,PHONE
M0005548,2,24,14,2024-07-29,,GOLD,415285,0,0,STORE
M0005549,2,35,01,2019-09-22,2025-12-31,GOLD,528208,0,1,STORE
M0005550,2,47,28,2016-04-28,,PLATINUM,873085,1,0,WEB
M0005551,1,71,40,2011-07-08,,BRONZE,15202,1,0,WEB
M0005552,1,16,12,2025-11-16,2025-12-31,BRONZE,22850,0,1,WEB
M0005553,1,32,12,2022-06-26,,BRONZE,10716,1,1,WEB
M0005554,1,25,13,2011-08-31,,GOLD,323918,0,0,WEB
M0005555,2,18,14,2019-09-17,,PLATINUM,624435,0,1,WEB
M0005556,2,42,27,2023-03-24,,BRONZE,24001,1,1,PHONE
M0005557,1,40,25,2021-03-14,,SILVER,253755,1,0,PHONE
M0005558,1,22,27,2014-05-10,,BRONZE,106348,0,0,STORE
M0005559,2,40,14,2012-03-18,,GOLD,663994,1,0,STORE
M0005560,1,20,23,2024-12-29,,BRONZE,17725,0,1,WEB
M0005561,2,40,28,2015-12-05,,SILVER,243070,1,1,PHONE
M0005562,1,62,22,2023-11-28,2025-09-06,SILVER,123519,1,1,WEB
M0005563,1,48,40,2017-06-13,,BRONZE,65046,1,1,WEB
M0005564,1,43,14,2022-03-13,,GOLD,476492,0,1,STORE
M0005565,2,31,01,2013-11-20,,SILVER,203409,0,1,APP
M0005566,1,41,09,2019-08-30,2025-12-31,SILVER,192796,1,0,WEB
M0005567,2,50,47,2018-12-19,,BRONZE,62542,0,1,WEB
M0005568,1,48,01,2013-06-07,,BRONZE,31182,0,1,WEB
M0005569,1,38,23,2020-11-23,,BRONZE,34137,1,1,WEB
M0005570,2,44,13,2017-05-23,2025-12-31,SILVER,94418,1,1,APP
M0005571,1,18,46,2020-06-16,,SILVER,189224,0,1,STORE
M0005572,1,28,04,2010-07-23,,BRONZE,124333,0,0,APP
M0005573,2,52,13,2011-12-20,,PLATINUM,640554,1,1,WEB
M0005574,2,54,11,2021-05-08,,BRONZE,90802,1,1,PHONE
M0005575,1,42,28,2025-12-08,2025-12-31,SILVER,166470,1,0,PHONE
M0005576,1,65,27,2011-11-09,,PLATINUM,588754,1,1,STORE
M0005577,9,49,10,2010-05-29,,GOLD,690692,1,1,WEB
M0005578,2,36,12,2014-02-18,,SILVER,397930,0,1,WEB
M0005579,2,19,27,2010-09-07,,BRONZE,179682,0,0,STORE
M0005580,2,64,46,2013-12-03,,SILVER,305110,1,0,APP
M0005581,2,53,42,2021-01-27,,GOLD,504994,0,1,WEB
M0005582,1,71,27,2022-08-10,,SILVER,186407,1,1,APP
M0005583,1,77,11,2020-02-04,,SILVER,243167,1,1,WEB
M0005584,2,18,35,2016-05-30,,GOLD,324238,0,1,APP
M0005585,2,18,40,2012-06-24,,SILVER,217630,0,0,STORE
M0005586,9,34,42,2018-07-21,,GOLD,409320,1,0,STORE
M0005587,2,56,27,2025-06-09,,GOLD,518094,0,0,WEB
M0005588,1,51,09,2013-05-04,,GOLD,745622,1,1,STORE
M0005589,2,42,01,2018-09-06,,BRONZE,7844,1,1,STORE
M0005590,2,19,14,2015-05-07,,GOLD,378477,0,1,STORE
M0005591,1,38,08,2015-09-23,,GOLD,489236,1,1,PHONE
M0005592,2,43,13,2018-03-11,,SILVER,197775,1,0,WEB
M0005593,2,53,27,2012-09-15,,BRONZE,68172,0,1,APP
M0005594,1,45,27,2013-02-08,,BRONZE,8836,1,0,STORE
M0005595,2,51,13,2010-08-28,,SILVER,98538,1,1,PHONE
M0005596,2,38,13,2021-01-14,2022-12-16,SILVER,184665,1,1,WEB
M0005597,2,60,14,2024-07-17,2025-12-31,GOLD,564137,1,1,APP
M0005598,1,51,27,2017-03-10,,BRONZE,45557,0,0,WEB
M0005599,2,20,13,2019-12-04,,BRONZE,32044,0,1,APP
M0005600,2,64,13,2025-09-27,,SILVER,143870,1,1,APP
M0005601,2,61,25,2022-02-24,2025-12-31,PLATINUM,556717,1,1,STORE
M0005602,1,48,13,2013-12-11,,BRONZE,20955,1,1,STORE
M0005603,2,45,09,2022-05-31,,BRONZE,30596,1,1,PHONE
M0005604,2,68,13,2016-05-03,,GOLD,188052,1,1,APP
M0005605,2,56,13,2025-05-07,,BRONZE,37880,0,1,APP
M0005606,2,61,11,2024-10-17,,BRONZE,53913,1,1,APP
M0005607,1,32,40,2010-08-31,,PLATINUM,1097379,1,0,WEB
M0005608,2,59,28,2024-03-05,,GOLD,253940,1,0,WEB
M0005609,1,42,06,2013-11-04,2017-12-09,BRONZE,20930,1,0,WEB
M0005610,2,19,14,2017-09-30,,PLATINUM,637779,0,1,STORE
M0005611,1,32,27,2021-12-26,,GOLD,490967,1,1,STORE
M0005612,2,57,25,2011-12-24,,PLATINUM,735201,1,0,WEB
M0005613,1,36,13,2010-04-04,2011-04-25,BRONZE,27863,1,0,WEB
M0005614,2,29,21,2016-07-16,,SILVER,189240,0,1,WEB
M0005615,2,29,28,2019-04-23,,BRONZE,67167,0,1,WEB
M0005616,1,51,14,2019-05-26,2021-08-13,BRONZE,77230,1,1,STORE
M0005617,1,70,14,2025-03-28,,SILVER,151620,0,1,STORE
M0005618,2,26,40,2014-01-25,2018-09-30,BRONZE,294168,1,1,APP
M0005619,2,88,01,2021-05-25,,BRONZE,36738,1,0,APP
M0005620,1,43,45,2013-01-21,2018-01-07,SILVER,347240,1,0,APP
M0005621,1,50,14,2017-03-14,,BRONZE,72676,1,1,WEB
M0005622,1,33,41,2018-07-03,,PLATINUM,1062218,0,0,STORE
M0005623,2,40,27,2016-11-14,2018-10-30,GOLD,306972,1,1,APP
M0005624,2,43,13,2012-10-25,,SILVER,366976,1,1,PHONE
M0005625,1,22,23,2013-01-17,,GOLD,323906,1,1,WEB
M0005626,2,26,45,2023-12-29,,PLATINUM,750513,1,0,STORE
M0005627,2,60,23,2025-03-17,,SILVER,156687,1,1,WEB
M0005628,2,42,21,2011-03-10,,SILVER,103137,1,1,WEB
M0005629,1,47,11,2013-09-20,,BRONZE,39870,1,1,APP
M0005630,1,34,30,2025-10-19,,PLATINUM,1387703,1,1,WEB
M0005631,1,24,24,2011-11-14,,BRONZE,99605,0,1,APP
M0005632,1,74,04,2018-08-10,,GOLD,380460,1,1,APP
M0005633,1,24,01,2014-08-19,,SILVER,98477,0,1,WEB
M0005634,1,21,23,2025-09-26,,SILVER,297679,0,1,WEB
M0005635,1,37,43,2021-12-01,,SILVER,322728,1,1,WEB
M0005636,2,27,28,2022-01-09,,BRONZE,24282,0,1,WEB
M0005637,1,40,14,2011-01-19,,PLATINUM,810616,0,1,STORE
M0005638,2,43,33,2012-06-12,,BRONZE,44505,0,0,WEB
M0005639,1,44,02,2022-09-19,,BRONZE,55602,1,1,STORE
M0005640,2,38,28,2013-08-22,,GOLD,1181244,1,0,APP
M0005641,1,28,04,2016-12-13,,BRONZE,65653,0,1,WEB
M0005642,2,51,14,2011-09-17,,BRONZE,89811,0,1,WEB
M0005643,2,38,11,2010-05-10,,BRONZE,40444,0,1,PHONE
M0005644,1,32,27,2021-08-31,,BRONZE,87113,1,1,WEB
M0005645,2,65,30,2012-11-03,2020-04-22,GOLD,356395,1,1,WEB
M0005646,1,38,02,2012-09-12,2018-02-25,SILVER,113128,1,1,WEB
M0005647,2,59,25,2023-06-29,2025-12-31,BRONZE,17325,1,1,STORE
M0005648,1,61,14,2021-06-08,,SILVER,81645,0,1,APP
M0005649,1,62,47,2013-06-03,,SILVER,126491,0,1,WEB
M0005650,1,52,14,2023-10-02,2025-12-31,GOLD,193164,0,0,WEB
M0005651,2,40,14,2025-07-12,,SILVER,490892,1,1,PHONE
M0005652,1,39,43,2016-08-03,,BRONZE,55627,1,0,STORE
M0005653,2,36,12,2017-04-09,,PLATINUM,704917,1,1,APP
M0005654,1,44,39,2020-07-30,2025-12-31,BRONZE,12440,1,0,WEB
M0005655,1,52,01,2012-05-09,,PLATINUM,1039321,1,0,WEB
M0005656,1,44,27,2024-04-28,,BRONZE,39804,1,0,WEB
M0005657,2,54,40,2012-01-02,,SILVER,246639,1,1,WEB
M0005658,2,38,31,2022-01-19,,BRONZE,268431,0,1,STORE
M0005659,1,51,23,2019-03-26,,GOLD,488243,1,0,WEB
M0005660,2,17,07,2012-02-04,2017-10-08,SILVER,124394,0,1,WEB
M0005661,1,20,13,2017-01-26,,GOLD,540828,0,1,STORE
M0005662,1,36,40,2014-09-06,,GOLD,556797,0,1,APP
M0005663,2,38,29,2024-12-30,,BRONZE,56175,1,1,PHONE
M0005664,1,27,41,2018-07-28,,BRONZE,33389,0,1,WEB
M0005665,1,25,14,2015-11-21,,GOLD,541927,0,0,WEB
M0005666,2,46,13,2014-03-25,,SILVER,187820,1,1,WEB
M0005667,1,33,13,2012-04-13,,GOLD,335133,0,1,WEB
M0005668,2,16,13,2018-02-04,,SILVER,54652,0,0,WEB
M0005669,2,83,26,2018-02-25,2023-10-18,GOLD,266240,1,1,WEB
M0005670,2,39,11,2025-03-31,,SILVER,172840,0,1,WEB
M0005671,2,22,14,2020-05-15,2022-03-23,SILVER,297454,1,1,STORE
M0005672,2,29,18,2017-04-02,,GOLD,320414,1,1,WEB
M0005673,1,37,20,2015-12-17,,SILVER,164208,0,1,STORE
M0005674,2,37,40,2014-03-10,,PLATINUM,1245769,0,1,PHONE
M0005675,2,62,35,2020-05-07,2025-12-31,BRONZE,56821,1,1,APP
M0005676,2,39,11,2012-05-06,,GOLD,335376,1,1,STORE
M0005677,1,72,27,2010-02-05,,SILVER,150466,1,1,STORE
M0005678,2,33,35,2024-06-02,,BRONZE,45102,1,1,STORE
M0005679,2,47,13,2010-07-16,2013-03-03,SILVER,235774,1,1,WEB
M0005680,1,57,47,2013-09-04,,SILVER,114009,0,1,STORE
M0005681,2,60,01,2018-12-08,,PLATINUM,1296955,1,1,STORE
M0005682,1,62,37,2013-02-05,,SILVER,200792,1,1,APP
M0005683,1,35,13,2020-09-21,2024-01-21,BRONZE,21214,0,1,WEB
M0005684,2,40,40,2018-10-26,,PLATINUM,902480,1,0,WEB
M0005685,1,45,32,2011-03-15,,BRONZE,12818,1,0,APP
M0005686,1,37,26,2017-05-22,,SILVER,132215,1,1,STORE
M0005687,1,59,32,2023-04-16,2025-12-31,SILVER,155815,1,1,APP
M0005688,1,55,14,2016-03-03,,BRONZE,46217,1,1,APP
M0005689,2,39,01,2020-11-03,,BRONZE,40685,0,1,STORE
M0005690,2,69,40,2019-04-05,,SILVER,140707,1,1,STORE
M0005691,2,33,14,2017-05-15,2021-09-21,GOLD,414010,1,0,PHONE
M0005692,1,28,23,2019-02-10,,PLATINUM,1018054,0,0,APP
M0005693,2,32,08,2017-10-17,,PLATINUM,1132092,1,1,APP
M0005694,2,21,23,2011-02-04,,BRONZE,31225,1,1,STORE
M0005695,2,51,27,2016-12-25,,BRONZE,84163,0,1,WEB
M0005696,1,45,22,2016-08-21,,BRONZE,123532,1,1,WEB
M0005697,1,50,45,2022-06-18,,PLATINUM,697321,1,1,APP
M0005698,2,33,40,2021-07-15,,BRONZE,78520,1,0,WEB
M0005699,2,39,30,2019-03-08,,SILVER,165594,1,0,STORE
M0005700,1,17,31,2016-02-09,,PLATINUM,614601,0,1,STORE
M0005701,2,46,27,2020-01-30,,SILVER,210479,0,1,APP
M0005702,1,42,07,2025-12-18,,BRONZE,37379,1,1,STORE
M0005703,1,21,41,2023-05-24,,BRONZE,41547,0,1,APP
M0005704,2,38,10,2013-10-07,,SILVER,192772,1,0,WEB
M0005705,2,36,13,2014-06-27,2023-03-06,BRONZE,103040,0,1,WEB
M0005706,1,70,01,2017-12-10,,SILVER,155217,0,1,APP
M0005707,2,22,19,2020-07-26,,BRONZE,70590,0,1,WEB
M0005708,2,46,01,2020-10-13,2022-04-02,GOLD,650201,1,1,STORE
M0005709,1,21,13,2022-07-13,,GOLD,1139613,0,0,WEB
M0005710,2,31,13,2018-10-07,,SILVER,212568,0,1,STORE
M0005711,2,45,21,2023-03-11,,SILVER,127033,1,1,WEB
M0005712,2,36,23,2010-08-17,,BRONZE,71417,0,0,STORE
M0005713,9,40,43,2013-06-23,,BRONZE,33993,1,1,STORE
M0005714,2,46,40,2018-03-21,,PLATINUM,568904,1,1,PHONE
M0005715,1,32,25,2018-05-11,,SILVER,67996,0,0,WEB
M0005716,1,55,13,2025-06-18,2025-12-31,BRONZE,103330,1,1,WEB
M0005717,2,35,29,2020-07-21,,GOLD,477171,0,1,WEB
M0005718,9,38,31,2016-07-04,,PLATINUM,967226,1,1,WEB
M0005719,1,46,40,2019-05-21,,BRONZE,128220,0,1,APP
M0005720,1,44,14,2011-11-10,2013-06-26,SILVER,199139,1,0,WEB
M0005721,2,51,36,2016-04-06,,PLATINUM,1118309,1,0,WEB
M0005722,1,45,19,2010-05-05,,BRONZE,88768,1,0,WEB
M0005723,1,48,01,2012-05-27,,GOLD,558605,1,1,WEB
M0005724,2,34,11,2016-08-06,2025-04-13,SILVER,141818,0,0,STORE
M0005725,2,22,37,2010-01-30,,SILVER,200836,0,1,WEB
M0005726,2,16,15,2012-12-18,,BRONZE,274679,0,1,APP
M0005727,2,29,40,2024-04-22,,BRONZE,84459,0,1,PHONE
M0005728,1,70,23,2023-05-10,,SILVER,129002,1,0,WEB
M0005729,2,64,13,2019-02-05,2024-11-09,BRONZE,94884,1,0,WEB
M0005730,1,60,22,2025-03-27,,SILVER,77431,0,1,WEB
M0005731,1,26,29,2010-06-30,,BRONZE,78297,0,1,STORE
M0005732,2,60,14,2025-01-18,,GOLD,171462,1,0,STORE
M0005733,2,66,14,2017-12-09,,BRONZE,38814,1,0,WEB
M0005734,2,36,27,2015-12-29,,SILVER,188366,0,0,WEB
M0005735,1,65,13,2022-08-26,,BRONZE,18658,0,0,APP
M0005736,9,52,42,2017-04-11,,GOLD,377426,1,1,STORE
M0005737,2,34,17,2019-08-16,2025-12-31,BRONZE,29181,1,0,WEB
M0005738,2,54,11,2015-01-16,,BRONZE,29394,1,0,APP
M0005739,2,18,13,2018-05-21,,BRONZE,17161,0,1,WEB
M0005740,1,64,13,2012-01-25,2021-03-18,GOLD,705856,1,0,APP
M0005741,2,34,07,2013-06-10,,BRONZE,40910,1,1,APP
M0005742,2,39,27,2018-12-12,,SILVER,338353,1,1,WEB
M0005743,2,45,14,2025-02-06,,BRONZE,50113,0,0,WEB
M0005744,2,18,43,2012-12-24,,PLATINUM,506620,0,0,STORE
M0005745,2,47,28,2019-04-04,,BRONZE,115121,1,1,APP
M0005746,1,33,22,2010-12-14,2016-12-11,BRONZE,21507,1,0,STORE
M0005747,1,45,13,2018-02-06,,SILVER,233864,1,1,STORE
M0005748,9,30,14,2023-08-05,2025-12-31,BRONZE,93351,0,1,WEB
M0005749,9,59,35,2015-06-07,,SILVER,98300,1,1,WEB
M0005750,9,33,22,2022-10-11,,GOLD,467168,0,0,WEB
M0005751,1,51,09,2016-04-16,2023-12-18,GOLD,431505,1,0,STORE
M0005752,1,47,28,2024-10-27,,BRONZE,60324,1,1,STORE
M0005753,2,41,27,2020-01-23,,BRONZE,65078,1,0,WEB
M0005754,2,55,28,2015-03-29,,BRONZE,46744,1,1,PHONE
M0005755,1,37,13,2014-03-30,,BRONZE,216233,1,0,WEB
M0005756,2,41,27,2023-12-07,,SILVER,146293,1,0,APP
M0005757,1,32,23,2017-09-11,,SILVER,156018,1,0,PHONE
M0005758,2,56,13,2016-05-17,,GOLD,1435985,1,1,STORE
M0005759,1,45,27,2019-05-22,,SILVER,182430,1,1,APP
M0005760,1,31,13,2011-03-02,,SILVER,149130,0,1,STORE
M0005761,1,15,14,2012-12-10,,SILVER,58180,0,1,WEB
M0005762,2,59,31,2017-04-29,,BRONZE,28837,1,1,WEB
M0005763,2,27,42,2014-08-29,2020-06-30,BRONZE,33824,0,1,STORE
M0005764,2,41,13,2018-11-11,,BRONZE,54295,1,1,WEB
M0005765,2,80,27,2015-07-29,,BRONZE,46167,1,1,APP
M0005766,1,54,29,2016-11-30,2022-09-02,GOLD,724262,0,1,WEB
M0005767,1,67,13,2022-06-20,,GOLD,520805,0,1,WEB
M0005768,2,31,15,2022-07-27,,BRONZE,58525,0,1,APP
M0005769,1,58,13,2014-09-06,,BRONZE,48282,1,1,STORE
M0005770,2,40,12,2015-08-19,,GOLD,438688,1,1,STORE
M0005771,2,46,27,2020-03-28,,SILVER,186712,1,1,WEB
M0005772,2,74,16,2024-09-26,2025-12-31,BRONZE,61436,1,0,STORE
M0005773,1,35,23,2018-09-17,,GOLD,501722,1,1,WEB
M0005774,2,40,13,2011-03-10,,GOLD,1058294,1,1,APP
M0005775,1,25,40,2019-07-16,,BRONZE,76184,1,1,WEB
M0005776,1,55,23,2021-07-12,,SILVER,409314,1,1,APP
M0005777,2,30,47,2024-12-26,,GOLD,1099032,1,1,STORE
M0005778,2,57,23,2024-11-11,,SILVER,144255,1,0,WEB
M0005779,2,34,13,2021-01-18,,SILVER,107396,1,0,PHONE
M0005780,1,49,28,2018-11-07,,BRONZE,48667,1,1,APP
M0005781,9,29,27,2012-09-05,,SILVER,407735,0,0,WEB
M0005782,9,52,33,2024-01-22,,GOLD,362959,0,1,WEB
M0005783,2,40,26,2017-08-17,,SILVER,522584,1,0,WEB
M0005784,2,31,13,2021-01-26,,BRONZE,180863,1,0,STORE
M0005785,1,33,28,2021-10-05,,SILVER,163113,1,0,STORE
M0005786,2,26,06,2010-03-26,,SILVER,225237,0,1,APP
M0005787,2,54,27,2015-12-22,,GOLD,235026,1,1,PHONE
M0005788,2,22,01,2020-09-27,,GOLD,367185,0,1,STORE
M0005789,2,35,11,2017-07-30,,SILVER,223338,0,1,STORE
M0005790,2,46,23,2020-07-03,,PLATINUM,1001843,1,1,PHONE
M0005791,2,67,28,2018-12-31,,SILVER,265123,1,1,WEB
M0005792,2,40,28,2010-01-01,,BRONZE,68113,1,0,PHONE
M0005793,1,36,07,2014-11-22,,BRONZE,41229,1,1,WEB
M0005794,1,45,11,2016-07-19,,BRONZE,119395,1,1,APP
M0005795,2,24,09,2016-02-27,,BRONZE,9664,1,0,APP
M0005796,2,20,23,2010-08-15,,BRONZE,18196,0,1,APP
M0005797,2,34,02,2010-04-19,,SILVER,114413,1,1,WEB
M0005798,2,28,27,2014-09-09,,PLATINUM,1175392,0,1,STORE
M0005799,2,35,28,2023-08-15,2025-11-23,GOLD,610773,1,1,WEB
M0005800,1,55,11,2025-10-14,,GOLD,926805,1,1,APP
M0005801,1,44,14,2023-05-23,,BRONZE,43348,1,1,WEB
M0005802,2,42,13,2025-01-17,,BRONZE,21922,1,1,APP
M0005803,2,28,23,2024-10-26,,BRONZE,87737,0,1,STORE
M0005804,2,41,13,2020-12-16,,SILVER,197035,1,0,APP
M0005805,2,49,40,2011-12-19,,BRONZE,85670,1,1,WEB
M0005806,2,35,40,2015-11-14,,BRONZE,156616,1,1,STORE
M0005807,2,48,12,2021-10-11,,BRONZE,33371,1,1,APP
M0005808,2,26,46,2016-05-05,,SILVER,115969,0,1,APP
M0005809,1,42,31,2014-04-21,,PLATINUM,909347,1,1,APP
M0005810,2,59,45,2010-08-12,2017-02-11,BRONZE,74386,1,0,APP
M0005811,2,61,42,2015-06-03,,BRONZE,104097,1,0,WEB
M0005812,1,63,13,2015-05-31,,BRONZE,47621,1,1,WEB
M0005813,2,45,14,2023-01-08,2025-12-31,SILVER,237692,1,0,APP
M0005814,2,41,14,2022-07-20,,BRONZE,99698,1,0,STORE
M0005815,2,32,13,2011-10-24,,BRONZE,46618,1,1,APP
M0005816,2,81,29,2018-04-24,,BRONZE,87851,0,1,APP
M0005817,1,17,35,2024-06-12,,SILVER,298317,0,0,APP
M0005818,1,37,01,2017-08-17,,BRONZE,29350,0,1,APP
M0005819,1,38,34,2025-04-21,,SILVER,236272,1,1,WEB
M0005820,1,64,08,2011-06-17,,GOLD,366767,1,0,STORE
M0005821,2,62,11,2015-02-26,2018-08-17,PLATINUM,680132,1,1,STORE
M0005822,2,28,13,2024-09-14,,BRONZE,16877,1,0,APP
M0005823,2,54,43,2021-06-15,,GOLD,391418,0,1,APP
M0005824,1,32,05,2014-07-13,,SILVER,130758,0,1,APP
M0005825,1,52,14,2024-04-08,,BRONZE,38352,0,1,WEB
M0005826,1,54,13,2016-02-16,,BRONZE,47017,1,1,APP
M0005827,2,61,21,2022-09-06,2024-05-28,BRONZE,57731,1,1,WEB
M0005828,1,32,21,2015-04-17,,GOLD,702085,1,1,STORE
M0005829,2,57,28,2015-06-04,,PLATINUM,758452,1,1,WEB
M0005830,2,35,47,2015-04-06,2023-06-21,SILVER,329035,0,0,WEB
M0005831,2,62,40,2015-11-05,,GOLD,264422,1,0,WEB
M0005832,1,40,41,2019-08-04,,BRONZE,68562,0,0,STORE
M0005833,1,40,12,2022-12-13,,SILVER,147346,1,1,WEB
M0005834,2,53,10,2020-01-13,2025-12-31,BRONZE,30430,1,1,PHONE
M0005835,2,33,37,2010-05-31,,BRONZE,24855,1,1,WEB
M0005836,1,63,26,2019-07-30,,GOLD,347841,1,1,APP
M0005837,2,33,14,2016-11-26,,BRONZE,156105,1,1,STORE
M0005838,2,52,32,2011-02-05,,BRONZE,45405,0,1,STORE
M0005839,2,41,23,2015-04-15,,PLATINUM,635834,0,0,WEB
M0005840,1,58,13,2025-07-06,,BRONZE,35838,0,1,WEB
M0005841,1,43,03,2015-07-31,,BRONZE,62506,1,1,STORE
M0005842,1,24,23,2021-06-04,,BRONZE,20288,0,0,STORE
M0005843,1,41,23,2013-03-11,,SILVER,253419,0,1,WEB
M0005844,2,67,40,2024-02-15,,BRONZE,25767,1,1,APP
M0005845,2,48,13,2023-01-09,,GOLD,450990,1,1,STORE
M0005846,2,38,27,2012-07-22,,BRONZE,87037,1,1,WEB
M0005847,2,78,16,2021-01-22,,SILVER,94957,1,0,PHONE
M0005848,1,60,27,2024-11-30,2025-12-31,BRONZE,24579,1,0,APP
M0005849,1,54,01,2024-06-22,,BRONZE,19719,1,1,STORE
M0005850,2,45,28,2021-07-19,,BRONZE,38981,1,0,APP
M0005851,9,52,27,2021-09-04,2025-12-31,BRONZE,59940,0,1,APP
M0005852,2,53,14,2018-01-05,,SILVER,102930,1,0,STORE
M0005853,1,46,40,2012-05-22,2021-07-19,GOLD,437284,1,0,PHONE
M0005854,1,47,33,2010-05-16,,GOLD,750646,1,1,APP
M0005855,1,37,41,2014-09-11,,SILVER,136789,1,0,WEB
M0005856,2,32,40,2014-01-19,,BRONZE,130884,1,0,STORE
M0005857,2,37,13,2024-08-15,,BRONZE,63458,0,1,APP
M0005858,2,46,01,2023-06-03,,BRONZE,71758,1,1,STORE
M0005859,2,40,40,2015-03-12,,SILVER,51781,0,1,PHONE
M0005860,1,61,23,2016-01-25,,SILVER,98879,1,1,APP
M0005861,2,48,11,2021-11-22,,SILVER,583462,1,1,STORE
M0005862,1,20,12,2020-11-07,,GOLD,445997,0,1,WEB
M0005863,2,30,14,2024-03-08,,BRONZE,24438,1,1,WEB
M0005864,2,55,34,2021-09-10,2025-12-31,BRONZE,56986,1,0,PHONE
M0005865,2,35,11,2021-01-25,,PLATINUM,1044204,1,1,WEB
M0005866,1,61,14,2022-05-30,,BRONZE,19414,1,0,WEB
M0005867,2,58,38,2024-04-21,,PLATINUM,1192046,1,0,STORE
M0005868,2,17,14,2016-02-13,,BRONZE,66429,0,1,STORE
M0005869,1,38,13,2014-01-08,,BRONZE,54137,0,1,PHONE
M0005870,1,32,13,2024-07-23,2025-12-31,SILVER,48850,0,0,WEB
M0005871,2,16,08,2012-08-02,,BRONZE,33754,0,0,APP
M0005872,1,15,28,2014-09-04,,GOLD,253772,0,1,WEB
M0005873,1,26,23,2012-03-06,,BRONZE,71235,0,1,STORE
M0005874,1,29,13,2023-05-18,,BRONZE,35466,0,0,APP
M0005875,1,45,13,2024-09-03,,BRONZE,35606,0,1,APP
M0005876,2,58,40,2016-10-18,,BRONZE,25697,1,1,PHONE
M0005877,2,49,11,2011-08-05,2017-04-24,SILVER,91192,0,1,STORE
M0005878,1,53,40,2013-09-30,,BRONZE,173953,0,0,APP
M0005879,2,35,23,2019-04-06,,SILVER,477774,0,1,PHONE
M0005880,1,50,10,2015-07-01,,BRONZE,42629,1,1,STORE
M0005881,1,37,12,2022-01-01,,GOLD,409581,1,1,STORE
M0005882,1,32,01,2022-10-17,,SILVER,123789,1,0,STORE
M0005883,2,72,28,2016-12-27,,GOLD,1171266,0,1,APP
M0005884,9,27,27,2019-11-03,,BRONZE,40078,0,1,WEB
M0005885,2,62,01,2011-01-08,2019-09-13,SILVER,138955,1,0,APP
M0005886,1,47,13,2012-03-09,,SILVER,198474,1,1,APP
M0005887,1,35,07,2015-05-18,,BRONZE,81259,1,0,STORE
M0005888,1,16,11,2011-12-26,2020-08-27,BRONZE,35287,0,1,WEB
M0005889,2,22,28,2010-03-28,,SILVER,70181,0,1,APP
M0005890,1,24,31,2020-12-30,,BRONZE,7875,0,0,PHONE
M0005891,9,55,40,2010-05-18,,BRONZE,206016,1,1,WEB
M0005892,2,61,13,2013-10-31,2021-01-30,SILVER,286482,0,1,WEB
M0005893,2,68,34,2021-07-17,,BRONZE,30379,0,1,PHONE
M0005894,2,30,40,2013-05-04,,BRONZE,27777,0,0,WEB
M0005895,1,17,40,2013-08-22,,BRONZE,31233,0,1,PHONE
M0005896,2,16,14,2021-12-29,,BRONZE,24387,0,1,STORE
M0005897,1,62,11,2010-05-10,2012-06-28,GOLD,214706,0,1,APP
M0005898,2,47,23,2015-03-01,,GOLD,212267,1,0,WEB
M0005899,2,41,29,2018-07-30,,BRONZE,35310,0,1,WEB
M0005900,1,44,08,2011-02-04,2020-10-11,BRONZE,54239,0,1,WEB
M0005901,2,39,23,2020-06-08,,GOLD,273894,1,0,STORE
M0005902,1,21,17,2016-10-18,,SILVER,150641,0,1,APP
M0005903,1,49,29,2014-12-20,,BRONZE,13599,1,1,WEB
M0005904,2,37,13,2019-02-09,,GOLD,508203,1,1,APP
M0005905,2,20,01,2010-08-15,,GOLD,567295,1,1,WEB
M0005906,2,50,13,2019-08-17,,BRONZE,83628,0,0,WEB
M0005907,2,33,14,2017-06-02,,GOLD,429757,0,1,WEB
M0005908,2,44,17,2010-12-08,,SILVER,145598,1,1,APP
M0005909,1,38,20,2022-07-28,,GOLD,359120,0,0,WEB
M0005910,1,55,34,2017-04-04,,BRONZE,97507,1,1,WEB
M0005911,9,44,23,2011-02-05,,BRONZE,15323,1,0,WEB
M0005912,1,25,13,2015-10-03,,SILVER,320641,0,1,PHONE
M0005913,2,45,13,2021-12-03,,BRONZE,68781,0,1,APP
M0005914,1,46,27,2017-03-08,,SILVER,102815,1,1,APP
M0005915,1,49,40,2016-03-13,,SILVER,203877,0,1,PHONE
M0005916,2,58,23,2010-09-01,,BRONZE,27463,0,1,STORE
M0005917,2,30,12,2011-01-13,2020-06-11,GOLD,335437,0,1,STORE
M0005918,2,51,13,2014-09-24,,BRONZE,36802,1,1,WEB
M0005919,2,52,27,2014-05-05,,GOLD,224988,1,0,STORE
M0005920,1,38,13,2020-04-18,2021-08-29,SILVER,120406,1,1,APP
M0005921,2,35,16,2017-07-11,2025-04-18,SILVER,106752,1,1,WEB
M0005922,1,65,14,2012-01-06,,GOLD,725225,0,1,WEB
M0005923,2,37,13,2020-06-05,,SILVER,544341,0,1,WEB
M0005924,1,50,11,2025-05-07,,BRONZE,63958,1,1,WEB
M0005925,2,47,27,2023-09-27,,BRONZE,91699,1,1,APP
M0005926,1,34,40,2025-11-26,,SILVER,213008,1,1,APP
M0005927,2,26,25,2017-09-06,,GOLD,414985,1,0,WEB
M0005928,2,82,14,2015-10-08,2023-03-07,SILVER,224852,1,0,WEB
M0005929,2,29,13,2010-11-22,2017-05-09,BRONZE,63040,0,1,APP
M0005930,1,41,27,2020-11-23,,PLATINUM,837704,1,0,APP
M0005931,9,42,13,2017-01-15,,SILVER,154221,1,1,APP
M0005932,1,47,35,2020-03-01,,SILVER,119558,1,1,STORE
M0005933,1,31,06,2014-10-26,,GOLD,491895,1,1,WEB
M0005934,1,47,11,2012-09-03,,BRONZE,18908,1,1,APP
M0005935,1,41,28,2021-01-15,2025-12-31,SILVER,42097,1,1,APP
M0005936,2,53,27,2016-03-18,,BRONZE,52296,1,1,WEB
M0005937,1,30,40,2018-06-18,,BRONZE,70431,0,1,WEB
M0005938,1,57,14,2025-09-09,,BRONZE,29112,1,1,APP
M0005939,2,50,25,2014-07-03,,GOLD,632960,1,1,WEB
M0005940,2,61,15,2012-01-17,2014-09-03,GOLD,666113,1,0,WEB
M0005941,2,23,14,2021-05-23,,BRONZE,22127,1,0,WEB
M0005942,2,62,17,2019-03-16,,BRONZE,40427,0,1,WEB
M0005943,1,39,13,2016-05-15,,BRONZE,74706,0,1,WEB
M0005944,2,67,27,2019-08-03,,BRONZE,28583,1,0,APP
M0005945,1,40,13,2024-10-08,,SILVER,170685,1,1,PHONE
M0005946,1,59,27,2012-09-06,,SILVER,87283,1,0,WEB
M0005947,1,54,27,2022-08-27,,BRONZE,59165,1,1,APP
M0005948,2,32,35,2018-07-25,,SILVER,209674,0,0,STORE
M0005949,1,34,14,2022-11-21,,SILVER,104792,0,1,APP
M0005950,2,15,14,2024-09-05,,BRONZE,14483,0,1,WEB
M0005951,1,68,13,2012-07-23,,SILVER,214806,1,1,WEB
M0005952,2,31,13,2011-11-07,2014-02-13,SILVER,559802,1,1,APP
M0005953,2,67,27,2010-01-23,,SILVER,698408,1,1,APP
M0005954,1,33,13,2013-01-13,,SILVER,234769,0,1,PHONE
M0005955,1,24,14,2015-07-19,,GOLD,328901,0,0,WEB
M0005956,2,62,27,2014-02-02,,SILVER,169038,1,0,STORE
M0005957,2,39,13,2023-03-06,,GOLD,312432,1,1,WEB
M0005958,1,39,12,2022-01-06,,SILVER,140866,0,1,APP
M0005959,2,18,41,2015-08-18,2018-11-15,BRONZE,48338,0,0,STORE
M0005960,1,32,13,2019-03-28,,BRONZE,13972,1,1,WEB
M0005961,1,47,07,2015-01-02,,SILVER,135307,1,1,WEB
M0005962,1,18,12,2018-01-21,2024-12-27,GOLD,356902,0,1,STORE
M0005963,2,31,28,2014-08-26,,SILVER,126344,1,1,STORE
M0005964,1,33,05,2022-09-03,,BRONZE,62109,0,0,APP
M0005965,2,41,23,2013-08-24,,BRONZE,92666,1,1,PHONE
M0005966,1,65,38,2025-08-26,,BRONZE,37814,1,1,STORE
M0005967,2,35,13,2024-12-01,,BRONZE,73862,0,1,STORE
M0005968,1,28,11,2013-02-19,2016-09-11,SILVER,419721,0,1,STORE
M0005969,2,87,12,2019-02-19,,BRONZE,41557,1,0,APP
M0005970,2,33,36,2022-12-29,,BRONZE,19068,1,1,WEB
M0005971,1,37,23,2023-07-03,,SILVER,164406,1,1,STORE
M0005972,1,34,45,2015-12-03,2019-10-04,PLATINUM,684669,0,1,WEB
M0005973,2,35,12,2018-10-05,2025-12-31,GOLD,426910,0,1,STORE
M0005974,9,41,06,2012-05-03,2014-07-21,BRONZE,21873,1,1,STORE
M0005975,9,56,24,2014-01-09,,BRONZE,38807,0,1,STORE
M0005976,1,47,10,2014-02-08,,PLATINUM,950260,1,1,STORE
M0005977,2,58,23,2014-07-28,,GOLD,360009,1,0,WEB
M0005978,1,58,18,2016-05-22,,SILVER,589027,1,0,PHONE
M0005979,1,44,13,2021-01-01,,SILVER,125705,0,1,STORE
M0005980,2,46,39,2024-05-21,,SILVER,186399,1,1,WEB
M0005981,2,59,25,2019-04-22,,SILVER,106078,0,1,APP
M0005982,2,21,12,2017-08-27,,GOLD,217283,0,0,WEB
M0005983,2,82,13,2021-04-01,,SILVER,182688,1,1,WEB
M0005984,1,31,14,2019-10-30,,SILVER,180711,0,1,APP
M0005985,2,34,27,2017-02-22,,PLATINUM,583200,1,1,STORE
M0005986,1,19,27,2010-07-14,,PLATINUM,993847,1,1,WEB
M0005987,1,20,03,2018-09-02,,BRONZE,36049,1,0,STORE
M0005988,1,57,33,2011-01-10,,PLATINUM,1192838,1,1,WEB
M0005989,9,79,04,2019-10-10,,BRONZE,20238,0,1,APP
M0005990,2,30,40,2025-01-05,,BRONZE,21282,1,1,STORE
M0005991,1,46,44,2022-10-06,,BRONZE,6771,1,1,WEB
M0005992,2,44,31,2023-06-01,,BRONZE,161342,1,1,APP
M0005993,9,57,04,2017-05-22,,BRONZE,164897,1,1,WEB
M0005994,2,78,40,2017-11-01,,PLATINUM,666389,1,1,WEB
M0005995,2,66,04,2018-05-29,,BRONZE,23524,0,0,WEB
M0005996,1,36,40,2013-03-17,,GOLD,525779,1,1,STORE
M0005997,2,49,13,2025-09-10,,BRONZE,18242,1,1,WEB
M0005998,2,51,01,2010-08-23,,BRONZE,138451,1,1,WEB
M0005999,2,40,06,2025-11-04,,BRONZE,11339,0,1,APP
M0006000,2,21,14,2025-08-09,,SILVER,157345,0,0,PHONE
M0006001,2,26,39,2025-01-16,,PLATINUM,688656,1,1,STORE
M0006002,1,60,30,2010-02-03,,BRONZE,102672,1,0,STORE
M0006003,2,61,28,2025-04-08,,BRONZE,66370,1,1,APP
M0006004,1,36,13,2013-10-20,2015-01-10,GOLD,764610,0,0,APP
M0006005,1,44,13,2014-03-04,,SILVER,171294,1,0,APP
M0006006,2,60,12,2020-12-10,,BRONZE,39146,1,1,APP
M0006007,2,24,24,2016-05-13,,BRONZE,106059,0,1,PHONE
M0006008,2,32,23,2025-01-03,,SILVER,264182,1,1,PHONE
M0006009,2,74,13,2017-12-11,,BRONZE,26781,1,1,STORE
M0006010,2,45,13,2011-11-16,,SILVER,279654,1,1,WEB
M0006011,2,21,27,2013-10-31,,GOLD,725458,1,0,PHONE
M0006012,2,42,01,2022-05-20,,BRONZE,90051,1,0,WEB
M0006013,1,57,23,2019-03-19,,SILVER,303034,1,1,WEB
M0006014,2,25,13,2015-04-23,2016-12-09,PLATINUM,748122,1,1,WEB
M0006015,1,43,23,2013-07-06,2015-12-29,BRONZE,41983,1,1,PHONE
M0006016,1,34,32,2020-11-16,,BRONZE,21335,0,0,APP
M0006017,1,35,11,2014-04-08,2021-09-12,SILVER,124957,0,0,WEB
M0006018,2,41,13,2011-07-19,2016-04-20,SILVER,234816,1,0,WEB
M0006019,2,38,28,2018-11-25,2025-12-31,SILVER,155963,1,1,WEB
M0006020,2,40,39,2023-11-02,,PLATINUM,901963,1,1,PHONE
M0006021,9,34,13,2014-12-08,2016-11-06,BRONZE,208940,1,0,WEB
M0006022,2,23,13,2021-04-26,,BRONZE,24360,0,0,WEB
M0006023,1,15,28,2017-02-22,,BRONZE,25916,0,1,APP
M0006024,2,28,14,2025-04-16,,GOLD,332515,0,1,WEB
M0006025,2,55,35,2019-09-19,,BRONZE,88358,0,1,WEB
M0006026,2,44,07,2018-01-15,,SILVER,388626,0,0,STORE
M0006027,1,39,13,2013-08-25,,GOLD,909341,0,0,STORE
M0006028,1,22,32,2024-03-15,,BRONZE,95306,1,0,WEB
M0006029,2,34,12,2010-09-25,,BRONZE,19864,0,0,WEB
M0006030,1,53,23,2018-08-25,,GOLD,289747,1,1,WEB
M0006031,1,49,27,2014-04-05,,BRONZE,137087,0,0,APP
M0006032,2,32,12,2018-03-16,,BRONZE,49780,1,0,PHONE
M0006033,1,54,35,2025-09-24,,SILVER,226332,1,1,WEB
M0006034,1,29,13,2011-07-07,,SILVER,232394,0,0,APP
M0006035,9,32,40,2010-11-03,,BRONZE,47016,1,1,APP
M0006036,2,25,39,2023-01-11,,GOLD,477677,0,1,APP
M0006037,2,33,40,2021-03-05,,GOLD,683667,1,1,PHONE
M0006038,1,54,13,2016-08-05,,BRONZE,44470,1,1,PHONE
M0006039,1,39,13,2013-07-24,,BRONZE,49418,1,1,WEB
M0006040,1,57,05,2019-08-08,,SILVER,174149,1,1,WEB
M0006041,2,34,06,2014-02-11,,SILVER,133163,0,1,STORE
M0006042,1,35,13,2020-05-30,,SILVER,207482,1,0,APP
M0006043,2,42,27,2016-06-24,,BRONZE,16785,1,1,WEB
M0006044,9,33,28,2022-05-25,,SILVER,368988,0,0,STORE
M0006045,2,22,04,2020-07-14,,BRONZE,53169,0,0,WEB
M0006046,1,62,13,2019-03-17,2024-03-12,BRONZE,49031,1,1,STORE
M0006047,1,47,11,2011-07-25,,SILVER,136127,0,1,STORE
M0006048,1,57,28,2019-12-02,2023-12-13,PLATINUM,611857,0,1,APP
M0006049,1,33,13,2021-03-04,,BRONZE,38664,0,1,APP
M0006050,2,23,27,2018-05-02,,SILVER,309534,1,0,PHONE
M0006051,1,22,37,2019-06-27,,BRONZE,46194,0,1,WEB
M0006052,2,45,33,2019-10-28,,BRONZE,43313,1,0,STORE
M0006053,2,71,14,2013-09-27,2020-05-01,BRONZE,40353,0,1,APP
M0006054,1,47,32,2017-02-09,,GOLD,561301,1,1,STORE
M0006055,1,34,12,2012-01-07,,BRONZE,66978,1,0,STORE
M0006056,1,37,45,2022-06-04,,GOLD,791583,1,0,WEB
M0006057,1,39,44,2012-05-01,2018-04-01,BRONZE,42686,0,1,STORE
M0006058,2,74,01,2022-12-20,2025-12-31,SILVER,225988,0,1,PHONE
M0006059,2,61,11,2020-03-07,,SILVER,61600,0,1,APP
M0006060,2,44,13,2018-04-10,,SILVER,126534,1,1,STORE
M0006061,2,42,23,2018-01-29,,PLATINUM,1034637,1,1,STORE
M0006062,1,45,40,2012-05-06,,PLATINUM,610326,1,1,WEB
M0006063,1,48,12,2020-06-05,,GOLD,298668,0,1,APP
M0006064,1,33,13,2015-12-23,,BRONZE,29018,1,1,STORE
M0006065,1,26,26,2022-07-16,,GOLD,418304,0,0,WEB
M0006066,2,58,44,2023-06-10,,PLATINUM,1844707,1,1,PHONE
M0006067,2,40,27,2024-09-05,,BRONZE,85048,1,1,WEB
M0006068,1,56,12,2024-09-01,,BRONZE,23558,1,1,WEB
M0006069,1,68,21,2022-03-11,,SILVER,533784,1,1,STORE
M0006070,1,49,28,2014-04-10,,SILVER,188224,1,1,PHONE
M0006071,2,46,39,2014-05-19,,BRONZE,104384,1,1,WEB
M0006072,1,94,23,2025-01-21,,BRONZE,27516,0,1,STORE
M0006073,1,44,27,2025-06-02,,BRONZE,92301,1,0,WEB
M0006074,1,21,11,2014-06-06,2018-08-17,SILVER,101816,0,0,WEB
M0006075,2,35,23,2020-05-15,,BRONZE,136799,1,1,WEB
M0006076,2,66,27,2024-09-13,,GOLD,352657,1,1,APP
M0006077,2,18,20,2023-07-25,,SILVER,103453,0,1,WEB
M0006078,1,27,01,2024-12-19,,BRONZE,47966,1,1,STORE
M0006079,1,59,40,2015-08-17,2024-09-01,SILVER,186848,1,1,APP
M0006080,2,35,11,2018-01-29,2020-11-17,BRONZE,92065,1,1,STORE
M0006081,1,38,40,2019-07-30,,GOLD,709758,1,1,WEB
M0006082,1,58,11,2025-03-18,,GOLD,410212,1,1,PHONE
M0006083,2,28,23,2025-09-23,,SILVER,316518,0,1,WEB
M0006084,1,15,14,2018-10-15,,BRONZE,54412,0,1,WEB
M0006085,1,16,24,2023-08-23,,SILVER,118250,0,1,APP
M0006086,2,50,38,2016-01-24,,SILVER,135715,0,0,WEB
M0006087,2,44,23,2019-08-30,,BRONZE,56825,1,1,STORE
M0006088,1,28,07,2022-12-18,,GOLD,494101,0,1,WEB
M0006089,1,20,39,2024-03-12,2025-12-31,BRONZE,60994,1,1,WEB
M0006090,2,35,27,2011-09-27,,GOLD,405827,1,0,STORE
M0006091,1,59,27,2011-03-03,,BRONZE,41104,1,0,STORE
M0006092,1,26,13,2013-06-20,,SILVER,64429,0,1,STORE
M0006093,2,29,11,2011-08-19,,BRONZE,157803,0,1,PHONE
M0006094,2,20,14,2013-05-31,,BRONZE,42431,0,1,PHONE
M0006095,9,34,28,2025-03-07,,BRONZE,29987,0,1,WEB
M0006096,1,46,11,2019-12-15,,SILVER,126898,1,1,APP
M0006097,1,76,27,2011-07-22,,PLATINUM,595049,1,1,STORE
M0006098,2,44,40,2021-05-05,,BRONZE,36901,1,1,STORE
M0006099,2,39,13,2025-01-10,,PLATINUM,578197,0,0,APP
M0006100,1,55,23,2023-05-26,,BRONZE,93063,1,1,APP
M0006101,2,52,27,2023-09-09,,PLATINUM,900184,1,1,APP
M0006102,1,30,13,2024-05-25,,BRONZE,26252,1,0,WEB
M0006103,2,79,13,2022-01-06,,SILVER,98742,1,0,WEB
M0006104,2,40,08,2024-01-01,,GOLD,520103,1,0,APP
M0006105,1,44,27,2022-10-03,,BRONZE,187996,1,1,APP
M0006106,9,49,12,2020-11-29,,PLATINUM,914415,0,1,APP
M0006107,9,46,24,2013-03-11,2018-07-29,GOLD,333210,1,0,APP
M0006108,1,66,23,2024-08-21,,BRONZE,105999,1,1,STORE
M0006109,1,30,13,2011-06-09,,BRONZE,21120,1,1,WEB
M0006110,2,53,01,2014-05-30,,BRONZE,85915,0,0,STORE
M0006111,1,43,13,2021-07-23,,BRONZE,25396,1,1,WEB
M0006112,1,57,24,2021-08-09,,SILVER,234869,1,0,WEB
M0006113,1,36,17,2024-02-17,,BRONZE,27898,1,0,APP
M0006114,9,34,40,2011-03-25,,SILVER,244954,1,1,WEB
M0006115,1,52,27,2022-08-08,,BRONZE,36009,1,1,WEB
M0006116,2,46,07,2012-01-02,,GOLD,287565,1,1,WEB
M0006117,1,26,28,2019-09-29,,BRONZE,29737,0,1,WEB
M0006118,1,63,13,2013-08-14,,SILVER,349049,0,1,WEB
M0006119,2,52,17,2019-02-05,,SILVER,110292,1,1,WEB
M0006120,1,39,14,2011-08-24,,BRONZE,83082,1,1,STORE
M0006121,1,32,35,2010-07-19,,GOLD,368624,1,0,APP
M0006122,1,46,25,2025-06-14,2025-12-31,BRONZE,59713,1,0,PHONE
M0006123,2,51,27,2018-03-07,,SILVER,213804,1,1,WEB
M0006124,1,56,27,2017-06-17,,BRONZE,67214,1,1,WEB
M0006125,1,46,40,2016-04-14,,BRONZE,50105,1,0,WEB
M0006126,1,51,22,2024-07-04,,PLATINUM,1290062,1,0,STORE
M0006127,1,55,13,2022-07-13,2025-12-31,BRONZE,34554,1,1,STORE
M0006128,1,43,14,2017-08-17,,BRONZE,34729,0,0,APP
M0006129,2,52,12,2011-12-20,,BRONZE,108415,0,0,WEB
M0006130,1,50,13,2021-03-12,,SILVER,216716,1,0,APP
M0006131,1,54,13,2013-04-06,,GOLD,311676,1,1,STORE
M0006132,2,34,17,2015-02-24,,BRONZE,39167,0,0,APP
M0006133,2,22,23,2020-07-29,2024-08-13,SILVER,97047,0,1,WEB
M0006134,1,52,28,2025-03-18,,GOLD,414937,1,0,WEB
M0006135,1,59,27,2013-07-20,,GOLD,615198,0,1,WEB
M0006136,1,52,23,2010-07-23,,GOLD,263546,1,1,STORE
M0006137,9,60,28,2016-10-17,,BRONZE,132820,1,0,WEB
M0006138,1,28,40,2021-02-27,,BRONZE,32047,0,0,PHONE
M0006139,1,54,44,2020-07-11,,SILVER,315686,1,0,APP
M0006140,1,58,13,2025-03-17,,SILVER,468921,1,1,PHONE
M0006141,1,25,40,2013-04-30,2022-07-05,GOLD,381342,0,1,APP
M0006142,1,42,31,2022-08-11,,GOLD,1072112,0,1,WEB
M0006143,1,51,27,2022-05-19,,SILVER,202399,1,1,STORE
M0006144,2,69,39,2023-03-30,,SILVER,133899,0,0,APP
M0006145,2,36,11,2024-06-09,,SILVER,422106,1,1,APP
M0006146,2,25,13,2014-10-15,,BRONZE,51636,0,0,APP
M0006147,2,24,13,2014-12-15,,SILVER,199045,0,1,WEB
M0006148,1,28,14,2017-03-25,2025-12-31,BRONZE,62091,1,1,WEB
M0006149,2,78,38,2015-08-07,,SILVER,76256,1,1,WEB
M0006150,2,53,41,2012-03-06,,GOLD,219494,1,0,WEB
M0006151,2,59,28,2015-04-10,,PLATINUM,731373,1,1,APP
M0006152,2,36,13,2016-01-09,2022-05-23,SILVER,181522,1,1,WEB
M0006153,1,40,11,2022-02-18,,BRONZE,114363,1,1,WEB
M0006154,1,52,40,2010-02-19,,BRONZE,98551,1,1,PHONE
M0006155,1,31,27,2022-01-06,2025-12-10,GOLD,287860,0,1,WEB
M0006156,1,35,13,2022-06-18,,BRONZE,62004,1,1,WEB
M0006157,2,29,40,2012-02-16,,BRONZE,52683,0,1,WEB
M0006158,1,32,40,2025-04-01,,BRONZE,26468,1,1,APP
M0006159,1,41,06,2021-07-31,,GOLD,507818,0,1,WEB
M0006160,2,26,40,2021-03-19,,BRONZE,43699,0,0,WEB
M0006161,2,45,13,2022-04-09,,BRONZE,243698,0,1,APP
M0006162,2,45,13,2022-12-19,2025-12-31,SILVER,166887,1,1,STORE
M0006163,1,37,05,2016-06-10,,SILVER,131027,0,1,PHONE
M0006164,2,26,02,2018-03-20,,SILVER,134117,0,1,APP
M0006165,2,42,13,2019-10-08,,BRONZE,25561,1,0,WEB
M0006166,2,31,32,2013-01-25,,BRONZE,33725,0,1,WEB
M0006167,2,41,02,2010-12-24,,BRONZE,19002,1,1,STORE
M0006168,2,59,13,2021-07-14,,PLATINUM,586200,1,1,STORE
M0006169,1,19,14,2013-12-29,,BRONZE,23707,0,0,STORE
M0006170,2,77,45,2014-10-16,,BRONZE,15289,1,0,STORE
M0006171,9,39,40,2011-08-27,,BRONZE,21199,1,1,PHONE
M0006172,1,47,27,2017-05-09,,SILVER,143109,1,0,STORE
M0006173,1,27,23,2019-02-05,,BRONZE,62678,0,0,WEB
M0006174,1,59,27,2024-05-30,,GOLD,236910,1,1,APP
M0006175,1,38,20,2017-11-12,,GOLD,427020,1,1,APP
M0006176,9,33,21,2015-12-20,,SILVER,299967,1,1,WEB
M0006177,2,30,21,2022-09-17,,GOLD,878721,1,1,APP
M0006178,1,35,01,2014-08-19,2016-01-27,BRONZE,83374,0,1,APP
M0006179,1,47,05,2010-03-07,,BRONZE,64001,0,1,WEB
M0006180,1,43,14,2010-07-05,,BRONZE,24455,1,1,WEB
M0006181,1,39,33,2023-07-07,2025-12-31,BRONZE,15382,0,1,APP
M0006182,2,28,13,2021-03-23,2025-12-31,BRONZE,11948,0,0,APP
M0006183,2,27,27,2012-11-18,,SILVER,172628,0,0,APP
M0006184,2,32,47,2013-06-11,,GOLD,350340,0,0,WEB
M0006185,1,48,43,2023-05-24,2024-06-06,PLATINUM,652313,1,1,APP
M0006186,2,51,23,2020-03-25,,BRONZE,21301,1,1,PHONE
M0006187,2,54,23,2017-09-17,,SILVER,208791,1,0,WEB
M0006188,1,40,13,2015-11-13,,GOLD,314515,1,1,WEB
M0006189,2,47,12,2016-02-09,,BRONZE,24382,1,1,STORE
M0006190,2,37,13,2022-08-09,,SILVER,324441,1,1,WEB
M0006191,2,39,14,2013-02-27,,SILVER,172243,0,1,WEB
M0006192,1,36,40,2024-03-28,,BRONZE,36264,0,0,WEB
M0006193,1,34,35,2013-10-24,,SILVER,109616,1,1,WEB
M0006194,2,22,44,2013-10-09,,SILVER,256536,0,1,STORE
M0006195,1,30,45,2016-01-14,,BRONZE,60076,0,0,WEB
M0006196,1,42,21,2022-09-05,2025-03-01,PLATINUM,1218969,1,1,STORE
M0006197,2,21,14,2010-01-30,2014-02-28,BRONZE,30513,0,1,APP
M0006198,1,28,13,2012-06-12,,PLATINUM,1420811,0,1,STORE
M0006199,2,66,11,2016-01-04,,SILVER,140552,0,1,APP
M0006200,9,67,14,2012-04-03,2021-11-25,BRONZE,128846,1,1,WEB
M0006201,2,37,12,2016-02-19,,BRONZE,251322,1,1,PHONE
M0006202,2,20,40,2016-11-08,,GOLD,187689,1,1,WEB
M0006203,2,27,34,2019-11-23,,BRONZE,46410,0,1,APP
M0006204,1,37,40,2015-03-12,,BRONZE,13094,1,1,STORE
M0006205,1,23,40,2018-08-12,,SILVER,389944,0,1,WEB
M0006206,2,50,17,2025-10-17,,PLATINUM,649289,0,1,WEB
M0006207,1,63,01,2017-05-22,,BRONZE,29186,1,1,WEB
M0006208,1,54,27,2022-11-12,,BRONZE,41483,0,1,APP
M0006209,1,57,03,2014-05-20,,GOLD,316351,1,1,WEB
M0006210,2,17,28,2024-03-30,,SILVER,231831,0,1,STORE
M0006211,1,36,13,2019-02-05,,BRONZE,80818,1,1,WEB
M0006212,2,48,11,2012-03-05,,SILVER,260592,1,1,STORE
M0006213,1,55,37,2024-07-02,2025-12-31,SILVER,223965,1,1,WEB
M0006214,2,70,27,2021-06-04,2025-12-31,BRONZE,16680,0,1,WEB
M0006215,1,58,40,2015-06-27,,BRONZE,16053,1,0,APP
M0006216,1,55,27,2019-09-02,2021-10-10,SILVER,350599,1,1,APP
M0006217,2,85,23,2025-02-26,,BRONZE,42047,1,1,PHONE
M0006218,2,42,45,2011-08-03,,GOLD,408748,1,0,APP
M0006219,1,35,14,2010-08-18,,SILVER,226548,0,0,WEB
M0006220,1,43,26,2022-09-13,,BRONZE,34098,1,0,WEB
M0006221,1,24,26,2014-08-11,,PLATINUM,607286,0,1,WEB
M0006222,1,41,27,2023-08-30,2025-12-31,GOLD,1056928,1,1,PHONE
M0006223,2,46,18,2022-05-03,,SILVER,67528,0,1,PHONE
M0006224,1,31,46,2024-08-16,,SILVER,190082,1,1,PHONE
M0006225,2,38,42,2022-02-23,2025-12-31,SILVER,266168,1,1,APP
M0006226,1,56,01,2025-01-14,,BRONZE,33723,1,0,STORE
M0006227,2,59,13,2019-12-01,,SILVER,121056,0,1,APP
M0006228,1,24,13,2011-09-23,2013-05-08,BRONZE,21608,0,0,APP
M0006229,2,75,27,2013-05-06,2015-09-22,PLATINUM,1103384,1,1,WEB
M0006230,1,43,01,2024-02-12,,BRONZE,37689,1,1,WEB
M0006231,2,44,40,2014-08-31,,SILVER,731031,1,0,PHONE
M0006232,2,63,06,2025-02-15,,BRONZE,48855,1,0,STORE
M0006233,2,29,20,2023-12-26,,SILVER,185877,0,1,PHONE
M0006234,1,58,27,2021-01-20,,BRONZE,9298,1,1,STORE
M0006235,1,43,36,2012-03-07,2019-05-04,BRONZE,50576,1,0,PHONE
M0006236,1,42,13,2012-12-10,,SILVER,264853,1,1,STORE
M0006237,1,44,27,2021-11-26,,SILVER,359403,1,1,APP
M0006238,2,15,24,2016-05-31,,BRONZE,56637,0,1,STORE
M0006239,2,38,27,2016-06-05,,BRONZE,68377,0,1,PHONE
M0006240,2,64,27,2011-06-11,,SILVER,229958,1,0,WEB
M0006241,2,58,45,2017-05-07,,BRONZE,218565,0,1,STORE
M0006242,1,38,37,2010-01-25,,GOLD,417631,1,0,WEB
M0006243,1,67,24,2012-04-08,,SILVER,161173,1,1,APP
M0006244,2,19,13,2024-09-20,,GOLD,340497,0,1,WEB
M0006245,1,23,27,2022-01-27,,PLATINUM,827859,0,1,WEB
M0006246,1,72,27,2025-07-23,2025-12-31,BRONZE,31289,1,1,WEB
M0006247,2,50,27,2024-08-01,2025-12-31,SILVER,244372,1,0,PHONE
M0006248,9,35,44,2024-09-16,,SILVER,181583,1,1,STORE
M0006249,2,39,13,2016-07-08,,SILVER,190787,0,1,WEB
M0006250,1,26,15,2014-01-24,,SILVER,112692,0,0,STORE
M0006251,2,45,13,2020-12-17,,PLATINUM,651080,1,1,PHONE
M0006252,1,43,28,2019-12-09,,SILVER,175604,1,1,APP
M0006253,1,40,13,2016-12-03,,GOLD,441320,1,0,STORE
M0006254,1,20,13,2017-12-30,,SILVER,87683,0,1,STORE
M0006255,2,45,27,2013-03-20,,GOLD,317395,1,0,STORE
M0006256,2,31,38,2017-12-08,,BRONZE,46852,1,0,STORE
M0006257,2,23,12,2025-06-06,,BRONZE,97550,0,1,WEB
M0006258,1,62,12,2016-11-08,,PLATINUM,1160229,1,1,STORE
M0006259,2,77,14,2018-04-13,,GOLD,122535,1,0,WEB
M0006260,1,73,09,2025-01-22,,SILVER,169591,1,1,WEB
M0006261,2,51,04,2023-08-27,,SILVER,163171,0,1,STORE
M0006262,1,35,11,2022-08-27,,BRONZE,51928,1,1,WEB
M0006263,1,39,04,2010-02-01,2015-12-11,BRONZE,143432,1,1,APP
M0006264,2,47,32,2023-07-21,2025-12-31,BRONZE,88572,0,0,APP
M0006265,2,33,43,2011-03-26,,PLATINUM,631313,1,1,APP
M0006266,2,62,47,2010-07-22,,BRONZE,47002,1,0,STORE
M0006267,1,20,23,2015-08-26,,BRONZE,39680,1,1,APP
M0006268,2,35,13,2016-08-04,,SILVER,257020,1,1,APP
M0006269,1,54,27,2011-12-07,,SILVER,94682,1,1,PHONE
M0006270,1,26,27,2019-07-27,,GOLD,801485,0,0,STORE
M0006271,2,36,14,2024-09-24,,BRONZE,42424,0,1,APP
M0006272,1,50,40,2020-07-16,,BRONZE,48800,1,0,WEB
M0006273,2,66,02,2025-05-17,,SILVER,106874,1,1,APP
M0006274,1,18,23,2024-04-26,,SILVER,100993,0,1,APP
M0006275,1,17,12,2023-01-18,2025-12-31,PLATINUM,746958,0,1,STORE
M0006276,2,24,44,2012-09-02,,SILVER,158828,0,1,WEB
M0006277,1,37,13,2020-03-18,,GOLD,572879,1,1,STORE
M0006278,2,15,13,2011-06-11,,GOLD,491141,0,1,PHONE
M0006279,2,23,02,2022-05-12,,BRONZE,22132,1,1,PHONE
M0006280,1,61,28,2024-04-16,2025-12-31,BRONZE,68285,1,1,PHONE
M0006281,2,35,23,2011-12-01,,BRONZE,190955,1,0,PHONE
M0006282,1,41,30,2018-02-08,2022-10-01,GOLD,494306,1,1,APP
M0006283,1,24,13,2012-01-15,,BRONZE,11253,0,1,STORE
M0006284,1,51,28,2018-08-18,,SILVER,176939,0,1,APP
M0006285,2,72,39,2017-03-23,,SILVER,294147,1,1,STORE
M0006286,2,25,11,2024-03-29,,GOLD,715346,1,0,WEB
M0006287,2,69,28,2014-05-11,,BRONZE,96999,1,1,APP
M0006288,9,46,13,2021-12-30,,BRONZE,59230,1,1,WEB
M0006289,1,40,14,2020-07-09,,BRONZE,103868,1,1,WEB
M0006290,2,47,13,2021-09-10,,SILVER,204226,1,1,APP
M0006291,2,47,28,2025-05-19,,BRONZE,33152,0,1,APP
M0006292,2,72,01,2012-12-23,,BRONZE,37433,1,1,WEB
M0006293,2,49,42,2010-03-21,,BRONZE,121255,1,1,STORE
M0006294,9,49,12,2019-12-11,,BRONZE,48304,0,0,WEB
M0006295,1,33,13,2011-12-17,2016-03-30,GOLD,242706,1,1,APP
M0006296,2,54,26,2017-03-15,,BRONZE,89079,1,1,WEB
M0006297,2,24,14,2018-05-04,,BRONZE,26495,0,1,STORE
M0006298,2,42,08,2019-10-11,,BRONZE,43519,1,1,WEB
M0006299,1,89,27,2010-03-12,,BRONZE,49992,1,1,APP
M0006300,9,70,17,2019-03-19,,SILVER,170009,0,1,PHONE
M0006301,1,44,38,2022-06-18,,GOLD,459219,0,1,WEB
M0006302,2,45,13,2010-06-03,,BRONZE,66373,1,1,STORE
M0006303,2,36,28,2016-04-27,,SILVER,118006,1,1,STORE
M0006304,1,37,28,2015-07-03,2022-03-12,GOLD,553163,1,1,WEB
M0006305,2,42,14,2015-06-14,,SILVER,173107,1,0,WEB
M0006306,1,36,14,2017-04-29,,GOLD,762533,1,1,WEB
M0006307,2,44,03,2012-04-06,,BRONZE,89196,1,1,STORE
M0006308,2,32,14,2018-01-02,,BRONZE,39384,0,1,WEB
M0006309,1,74,13,2011-03-26,,SILVER,87232,1,1,WEB
M0006310,2,36,18,2011-08-05,2020-03-15,SILVER,255997,0,1,STORE
M0006311,1,50,01,2018-08-03,,BRONZE,49999,0,1,STORE
M0006312,2,29,27,2024-05-18,,GOLD,531511,0,1,PHONE
M0006313,9,56,43,2021-04-29,2022-10-25,BRONZE,98537,1,1,STORE
M0006314,1,52,35,2015-05-08,,PLATINUM,688337,1,0,WEB
M0006315,2,47,44,2015-07-15,,BRONZE,137257,1,1,WEB
M0006316,2,23,23,2017-10-31,,GOLD,425343,1,1,APP
M0006317,2,27,27,2010-07-22,2020-02-01,BRONZE,27791,0,0,WEB
M0006318,2,69,13,2020-08-14,2025-04-19,SILVER,257545,0,1,PHONE
M0006319,2,27,42,2012-02-22,,SILVER,94113,0,1,WEB
M0006320,2,51,34,2021-07-04,,SILVER,204497,1,1,WEB
M0006321,1,24,15,2015-12-25,,GOLD,394073,0,1,STORE
M0006322,1,57,23,2016-01-19,,SILVER,189819,1,1,STORE
M0006323,2,28,40,2017-01-15,2024-06-14,BRONZE,114852,0,1,STORE
M0006324,1,24,06,2012-01-25,,GOLD,199295,0,1,WEB
M0006325,2,28,13,2013-11-01,,SILVER,365201,0,1,APP
M0006326,1,31,23,2013-04-26,,SILVER,121329,1,0,WEB
M0006327,2,47,04,2023-07-23,,BRONZE,29193,1,1,PHONE
M0006328,2,41,16,2012-08-22,,SILVER,136785,0,0,STORE
M0006329,1,21,11,2012-01-24,2017-11-25,SILVER,182578,0,0,WEB
M0006330,1,40,15,2013-11-27,,PLATINUM,850924,0,0,STORE
M0006331,1,21,13,2016-10-18,,BRONZE,46262,0,0,WEB
M0006332,9,51,27,2019-08-29,,BRONZE,60920,1,0,WEB
M0006333,2,54,13,2016-10-10,2021-07-05,SILVER,156709,1,1,WEB
M0006334,2,40,14,2018-07-28,,SILVER,160878,1,1,APP
M0006335,2,45,14,2018-04-13,,SILVER,159400,1,0,APP
M0006336,1,70,40,2012-09-12,,GOLD,301657,1,0,STORE
M0006337,1,37,11,2010-02-12,2015-05-11,PLATINUM,697273,1,0,STORE
M0006338,1,24,11,2020-11-26,,PLATINUM,1055877,0,1,STORE
M0006339,1,50,23,2025-02-05,,BRONZE,35549,1,0,WEB
M0006340,2,21,16,2011-01-08,,BRONZE,35325,0,1,STORE
M0006341,2,36,13,2024-09-09,2025-12-31,BRONZE,14492,1,1,STORE
M0006342,2,30,14,2024-07-21,,GOLD,367746,1,0,APP
M0006343,2,28,13,2022-08-13,,GOLD,627978,1,1,WEB
M0006344,2,36,13,2019-01-22,,BRONZE,83043,0,0,WEB
M0006345,1,55,01,2015-06-10,2021-10-26,BRONZE,41170,0,1,STORE
M0006346,2,59,33,2019-06-13,,GOLD,552671,1,0,WEB
M0006347,9,56,14,2010-03-08,,BRONZE,48556,1,1,STORE
M0006348,2,46,40,2014-07-29,,SILVER,259721,1,1,STORE
M0006349,2,36,27,2016-04-20,,SILVER,352968,1,0,WEB
M0006350,2,24,13,2018-03-10,,BRONZE,26795,0,0,WEB
M0006351,2,46,34,2014-05-13,,BRONZE,83234,1,0,STORE
M0006352,2,35,28,2016-10-27,2022-03-19,GOLD,821958,0,1,APP
M0006353,2,49,07,2021-08-08,,BRONZE,56925,1,1,STORE
M0006354,1,37,33,2025-03-19,,SILVER,191922,1,0,WEB
M0006355,1,44,28,2023-02-28,,GOLD,547015,0,0,APP
M0006356,2,32,27,2011-03-22,,BRONZE,22368,0,1,WEB
M0006357,1,66,07,2019-06-06,,BRONZE,39283,1,0,STORE
M0006358,2,48,15,2017-05-04,,SILVER,174685,1,1,PHONE
M0006359,2,36,40,2018-05-10,2025-12-31,BRONZE,24227,0,1,STORE
M0006360,2,64,01,2022-08-31,,BRONZE,43110,1,1,PHONE
M0006361,1,67,23,2015-03-26,,BRONZE,68542,0,0,WEB
M0006362,2,49,14,2018-09-18,,PLATINUM,668316,0,0,APP
M0006363,2,27,03,2024-03-12,,SILVER,278808,0,1,STORE
M0006364,1,31,27,2019-01-17,,BRONZE,57219,0,1,PHONE
M0006365,2,15,14,2018-11-19,,BRONZE,47437,0,1,APP
M0006366,1,39,40,2024-07-31,,GOLD,413211,1,0,WEB
M0006367,1,22,01,2010-06-19,,GOLD,601313,1,0,STORE
M0006368,1,34,30,2016-01-05,,BRONZE,104794,0,1,PHONE
M0006369,2,44,01,2017-11-18,,SILVER,221772,1,0,APP
M0006370,2,53,09,2010-01-13,,BRONZE,28190,0,1,APP
M0006371,2,19,14,2017-08-05,2025-12-31,BRONZE,29425,0,1,WEB
M0006372,1,31,28,2024-10-23,,GOLD,273564,1,1,APP
M0006373,9,39,13,2022-08-12,,SILVER,216529,0,1,WEB
M0006374,2,32,11,2010-07-13,,BRONZE,14185,0,1,APP
M0006375,1,35,05,2024-01-10,2025-12-31,SILVER,352533,1,1,STORE
M0006376,1,28,13,2022-10-05,2025-12-31,SILVER,117327,1,0,WEB
M0006377,1,15,36,2024-01-14,,PLATINUM,753533,0,1,WEB
M0006378,2,31,40,2012-03-26,,BRONZE,38336,1,1,STORE
M0006379,1,36,03,2024-05-08,,SILVER,175332,0,1,STORE
M0006380,2,35,11,2010-05-01,,GOLD,400573,1,0,APP
M0006381,2,42,10,2010-07-23,,GOLD,308106,0,1,STORE
M0006382,2,47,28,2015-09-04,,GOLD,287413,1,0,APP
M0006383,2,52,13,2023-01-18,,SILVER,122472,1,1,APP
M0006384,2,29,38,2023-10-29,,BRONZE,32548,0,1,STORE
M0006385,1,58,02,2020-02-19,,BRONZE,79030,1,1,WEB
M0006386,2,62,11,2010-08-04,,PLATINUM,811629,0,1,APP
M0006387,1,47,03,2023-12-26,,BRONZE,69059,1,0,STORE
M0006388,1,24,27,2014-03-16,,BRONZE,114376,0,1,WEB
M0006389,9,45,18,2021-12-01,2025-12-31,BRONZE,35199,1,1,STORE
M0006390,1,58,40,2014-06-19,,BRONZE,65999,1,0,APP
M0006391,1,69,22,2019-01-20,,BRONZE,71359,0,1,STORE
M0006392,2,44,27,2011-07-09,,BRONZE,248623,1,1,WEB
M0006393,1,58,20,2025-12-18,,BRONZE,67824,1,1,WEB
M0006394,1,19,36,2011-06-25,,SILVER,122364,0,1,STORE
M0006395,2,39,45,2025-04-18,,PLATINUM,1138446,1,1,WEB
M0006396,2,34,19,2024-07-13,,SILVER,105728,1,0,STORE
M0006397,2,46,06,2012-05-27,,PLATINUM,596125,1,1,WEB
M0006398,1,67,23,2021-02-15,2025-12-31,BRONZE,41094,1,0,WEB
M0006399,2,44,13,2015-07-03,,BRONZE,54596,1,1,APP
M0006400,2,24,28,2014-12-24,,BRONZE,55401,0,1,WEB
M0006401,1,19,28,2015-03-29,,SILVER,132435,0,0,WEB
M0006402,1,68,13,2013-10-24,,PLATINUM,1068186,0,1,PHONE
M0006403,1,49,05,2025-05-20,,BRONZE,130763,1,1,WEB
M0006404,2,48,13,2010-09-08,,SILVER,240659,0,1,APP
M0006405,1,34,01,2015-09-02,,GOLD,291362,1,0,WEB
M0006406,2,45,11,2015-09-28,,BRONZE,37121,1,1,WEB
M0006407,9,23,33,2016-09-14,2017-12-06,BRONZE,24318,1,0,APP
M0006408,1,47,27,2014-10-26,,BRONZE,313362,1,0,APP
M0006409,2,20,13,2020-08-14,2025-12-31,BRONZE,18176,0,1,STORE
M0006410,1,34,28,2024-09-03,2025-09-13,GOLD,345385,1,1,WEB
M0006411,1,29,11,2020-09-01,,BRONZE,91010,1,1,APP
M0006412,2,44,13,2013-07-12,2020-03-13,PLATINUM,845123,0,1,PHONE
M0006413,1,34,01,2025-12-14,,GOLD,485602,0,1,STORE
M0006414,2,25,36,2016-06-25,,BRONZE,66913,0,1,WEB
M0006415,2,36,10,2014-12-18,,BRONZE,62640,1,1,PHONE
M0006416,1,40,27,2020-11-29,,SILVER,53665,1,0,STORE
M0006417,1,70,27,2025-08-06,,SILVER,144399,1,1,PHONE
M0006418,1,45,28,2015-02-20,,SILVER,191217,1,1,WEB
M0006419,2,46,03,2013-03-18,,BRONZE,21172,1,1,PHONE
M0006420,2,48,45,2022-07-05,,PLATINUM,788745,0,1,APP
M0006421,1,55,13,2017-08-20,2019-10-01,BRONZE,333077,0,1,STORE
M0006422,2,48,28,2021-08-15,,SILVER,174254,1,0,WEB
M0006423,2,45,46,2017-04-06,,BRONZE,56574,0,1,WEB
M0006424,2,52,13,2010-07-27,2016-10-31,SILVER,86529,1,1,APP
M0006425,1,22,44,2015-10-15,,BRONZE,27890,0,0,APP
M0006426,1,76,11,2023-09-11,,BRONZE,13799,1,0,WEB
M0006427,1,67,08,2024-12-23,,BRONZE,10401,1,1,STORE
M0006428,1,44,11,2015-10-28,,PLATINUM,667462,1,1,PHONE
M0006429,2,16,29,2021-02-03,,BRONZE,57297,0,1,WEB
M0006430,1,61,36,2011-07-15,,BRONZE,23645,1,0,WEB
M0006431,1,28,13,2013-06-23,,SILVER,322500,0,1,APP
M0006432,1,49,15,2021-03-05,,BRONZE,41444,1,0,STORE
M0006433,1,18,13,2010-08-31,,GOLD,312889,0,1,STORE
M0006434,2,78,27,2021-12-15,,BRONZE,22958,1,1,PHONE
M0006435,2,15,28,2025-05-30,,GOLD,349486,0,1,STORE
M0006436,1,41,01,2011-02-19,,BRONZE,72856,0,1,APP
M0006437,2,52,40,2019-04-26,,BRONZE,65674,1,0,APP
M0006438,1,39,27,2015-08-31,,GOLD,491627,0,1,STORE
M0006439,2,33,13,2020-04-16,,BRONZE,84645,1,1,STORE
M0006440,2,59,27,2024-04-30,,GOLD,176714,1,1,STORE
M0006441,2,33,13,2011-04-17,,SILVER,320395,0,1,WEB
M0006442,2,59,27,2020-09-17,,SILVER,354275,1,1,WEB
M0006443,2,23,25,2012-12-04,,BRONZE,69549,0,1,WEB
M0006444,2,35,14,2018-07-18,,BRONZE,30290,1,1,WEB
M0006445,1,36,36,2017-01-28,2020-01-03,GOLD,478717,0,0,WEB
M0006446,1,48,27,2018-01-25,,BRONZE,19479,0,1,APP
M0006447,2,46,23,2022-04-02,,BRONZE,45064,1,1,STORE
M0006448,2,52,13,2019-09-26,,BRONZE,71820,1,1,PHONE
M0006449,2,45,13,2015-07-18,,BRONZE,53937,1,1,STORE
M0006450,2,51,01,2020-06-13,,BRONZE,13511,1,0,STORE
M0006451,1,25,14,2019-07-22,2025-10-16,BRONZE,52053,0,1,STORE
M0006452,1,47,14,2011-02-07,,BRONZE,24819,1,1,PHONE
M0006453,2,67,40,2019-10-25,,SILVER,128583,1,1,WEB
M0006454,1,52,19,2015-05-07,,SILVER,218011,1,1,WEB
M0006455,2,48,40,2012-05-05,,GOLD,333365,0,1,APP
M0006456,2,52,13,2018-06-05,,SILVER,138866,0,1,APP
M0006457,2,65,27,2018-04-08,,BRONZE,43164,1,0,WEB
M0006458,2,52,28,2021-09-08,,BRONZE,98218,0,0,STORE
M0006459,2,42,47,2016-12-02,,SILVER,116994,1,1,WEB
M0006460,2,47,13,2021-11-19,,BRONZE,8729,1,1,APP
M0006461,1,28,14,2014-07-07,,GOLD,233274,1,1,APP
M0006462,2,33,23,2019-09-09,,BRONZE,143596,1,0,STORE
M0006463,2,17,41,2025-05-28,,SILVER,79776,0,1,STORE
M0006464,1,65,13,2019-05-21,,SILVER,187939,1,1,PHONE
M0006465,2,48,20,2020-11-26,,BRONZE,24042,1,0,WEB
M0006466,2,24,09,2015-11-20,,SILVER,243022,1,0,STORE
M0006467,1,45,14,2020-10-21,,BRONZE,100400,1,0,WEB
M0006468,2,60,18,2023-05-10,,BRONZE,90084,1,1,PHONE
M0006469,9,57,28,2023-12-21,,BRONZE,40496,1,1,WEB
M0006470,2,24,13,2024-08-30,,BRONZE,54982,0,1,WEB
M0006471,1,15,14,2014-11-28,,BRONZE,21420,0,1,WEB
M0006472,2,47,14,2023-07-17,,GOLD,492667,0,0,WEB
M0006473,9,25,14,2015-07-30,,SILVER,380503,0,0,PHONE
M0006474,2,51,15,2023-12-14,2025-12-31,GOLD,461608,0,1,APP
M0006475,1,56,02,2010-02-04,,PLATINUM,689086,1,0,PHONE
M0006476,1,59,24,2024-07-17,,SILVER,195106,1,1,WEB
M0006477,2,70,23,2013-06-16,2019-05-24,SILVER,120869,1,0,WEB
M0006478,1,61,14,2013-03-26,,SILVER,161978,0,0,APP
M0006479,1,70,13,2018-12-14,,GOLD,405696,1,0,APP
M0006480,1,63,21,2018-03-23,,SILVER,276285,1,1,PHONE
M0006481,2,65,13,2012-07-08,,SILVER,382608,1,1,WEB
M0006482,2,39,14,2018-07-21,,BRONZE,14938,0,1,STORE
M0006483,2,18,02,2022-10-27,,SILVER,288229,0,1,STORE
M0006484,2,82,17,2017-10-07,,SILVER,240099,1,1,APP
M0006485,9,41,13,2019-04-20,,BRONZE,110879,1,1,PHONE
M0006486,2,61,01,2023-07-30,2025-12-31,SILVER,335811,0,1,PHONE
M0006487,1,31,13,2012-11-17,,BRONZE,30994,1,1,APP
M0006488,2,56,16,2015-03-15,,SILVER,207497,1,1,WEB
M0006489,1,64,09,2024-04-22,,SILVER,195721,0,0,WEB
M0006490,9,33,15,2012-07-31,,SILVER,339804,0,1,APP
M0006491,1,38,13,2014-01-23,,SILVER,258735,1,0,WEB
M0006492,2,48,28,2014-05-23,,BRONZE,176367,1,0,APP
M0006493,2,58,27,2023-03-12,,SILVER,308540,1,0,PHONE
M0006494,1,21,23,2012-04-16,,GOLD,475082,0,1,STORE
M0006495,2,51,46,2015-12-29,,BRONZE,92771,1,1,APP
M0006496,1,61,13,2016-06-23,,GOLD,291236,1,0,APP
M0006497,1,80,01,2011-04-20,,BRONZE,19378,1,1,STORE
M0006498,2,52,13,2011-11-14,,SILVER,147588,1,1,STORE
M0006499,1,32,23,2016-01-08,,BRONZE,75491,0,1,APP
M0006500,2,18,23,2011-05-27,,GOLD,242043,1,0,WEB
M0006501,2,71,11,2025-09-01,,BRONZE,61499,0,0,APP
M0006502,1,53,12,2017-03-20,,SILVER,402468,1,0,WEB
M0006503,2,40,45,2010-02-09,,BRONZE,166967,0,0,APP
M0006504,2,64,22,2019-08-15,,BRONZE,30182,1,1,STORE
M0006505,2,24,43,2022-01-30,,PLATINUM,857026,0,1,STORE
M0006506,1,51,27,2019-09-22,2025-12-31,BRONZE,42497,1,1,STORE
M0006507,2,46,47,2019-02-21,,BRONZE,67716,0,1,WEB
M0006508,1,58,14,2011-06-24,,BRONZE,50640,0,1,WEB
M0006509,2,51,13,2021-09-04,2025-12-31,BRONZE,18894,1,1,WEB
M0006510,2,29,11,2025-07-18,,SILVER,155839,1,0,WEB
M0006511,2,63,27,2015-10-30,,BRONZE,86478,0,1,STORE
M0006512,1,44,17,2011-12-13,,SILVER,348778,1,0,WEB
M0006513,1,32,13,2013-06-04,,BRONZE,153048,0,1,WEB
M0006514,2,57,28,2020-07-26,,GOLD,442694,1,1,APP
M0006515,1,46,14,2020-04-13,,BRONZE,55665,1,1,APP
M0006516,2,63,27,2024-03-21,,BRONZE,17438,1,1,PHONE
M0006517,2,41,33,2016-07-01,2023-09-01,GOLD,374043,0,1,WEB
M0006518,2,42,23,2024-02-27,2025-12-31,BRONZE,46194,1,0,WEB
M0006519,1,35,14,2014-05-30,2023-08-19,SILVER,191243,1,1,WEB
M0006520,1,44,15,2018-03-12,,GOLD,1324311,1,1,WEB
M0006521,9,69,30,2020-07-14,,GOLD,358864,0,0,STORE
M0006522,1,31,11,2014-06-10,2021-10-26,BRONZE,26457,1,1,APP
M0006523,1,51,27,2015-11-26,,GOLD,444333,0,1,WEB
M0006524,1,25,47,2023-04-01,,GOLD,312046,1,1,APP
M0006525,1,52,14,2019-04-01,2020-04-21,GOLD,291748,0,1,WEB
M0006526,9,44,27,2019-10-20,,GOLD,226361,0,0,APP
M0006527,1,46,13,2019-12-24,,BRONZE,41705,0,1,WEB
M0006528,1,38,13,2022-08-28,,PLATINUM,1363251,1,1,STORE
M0006529,2,15,41,2025-07-18,,BRONZE,39851,0,1,APP
M0006530,1,45,42,2016-05-26,,BRONZE,79143,0,1,APP
M0006531,1,45,23,2015-09-03,,BRONZE,133705,0,1,WEB
M0006532,9,25,05,2024-08-13,,SILVER,153176,0,1,WEB
M0006533,2,17,26,2017-09-01,,BRONZE,54289,0,1,WEB
M0006534,1,36,28,2024-11-15,,BRONZE,23842,0,0,STORE
M0006535,1,51,02,2024-02-09,,GOLD,385026,1,1,WEB
M0006536,1,47,44,2021-10-19,2025-12-31,SILVER,73813,1,1,WEB
M0006537,1,25,13,2021-07-10,,SILVER,179361,0,1,PHONE
M0006538,2,42,13,2025-01-30,,GOLD,403370,0,0,PHONE
M0006539,2,55,16,2014-05-19,,GOLD,678508,1,0,WEB
M0006540,2,20,06,2017-04-04,,BRONZE,64469,0,1,STORE
M0006541,2,41,27,2018-09-25,,BRONZE,40936,1,1,STORE
M0006542,1,63,14,2013-02-10,,PLATINUM,863889,1,0,WEB
M0006543,2,18,04,2018-04-12,,SILVER,85761,0,0,APP
M0006544,2,60,23,2020-06-30,,BRONZE,44299,1,1,WEB
M0006545,1,68,35,2018-01-19,,BRONZE,42085,1,1,WEB
M0006546,2,36,26,2020-06-15,,PLATINUM,1000273,1,1,WEB
M0006547,1,34,23,2011-08-17,,SILVER,126082,0,1,WEB
M0006548,2,58,02,2017-11-11,,GOLD,395203,0,0,STORE
M0006549,2,37,12,2024-11-13,,SILVER,257992,0,1,PHONE
M0006550,1,49,13,2014-03-04,,BRONZE,54958,0,0,WEB
M0006551,2,38,11,2017-04-17,,GOLD,370896,1,1,WEB
M0006552,1,48,11,2019-12-28,,BRONZE,101580,1,1,STORE
M0006553,2,53,35,2020-01-04,,GOLD,478760,1,1,STORE
M0006554,1,25,34,2012-11-22,,SILVER,93622,0,0,WEB
M0006555,1,35,13,2011-10-23,2015-02-09,GOLD,416471,1,1,WEB
M0006556,1,57,29,2022-01-20,,SILVER,370014,1,0,APP
M0006557,2,39,01,2018-07-13,,BRONZE,70796,1,1,STORE
M0006558,1,39,13,2024-07-05,,SILVER,705227,0,1,APP
M0006559,2,61,40,2025-11-04,,GOLD,540883,1,1,STORE
M0006560,1,36,34,2012-08-31,,GOLD,769756,0,1,STORE
M0006561,2,59,14,2015-10-11,,SILVER,157079,0,1,STORE
M0006562,1,16,03,2023-02-15,,BRONZE,15264,0,1,STORE
M0006563,1,38,28,2014-09-17,2018-12-30,BRONZE,17471,1,0,WEB
M0006564,2,49,28,2013-03-05,,BRONZE,78820,0,1,WEB
M0006565,1,39,23,2012-07-01,,PLATINUM,978641,0,1,APP
M0006566,2,20,23,2018-01-03,,SILVER,292199,0,1,PHONE
M0006567,2,48,36,2016-02-11,,SILVER,99466,1,1,STORE
M0006568,2,66,40,2024-11-13,,SILVER,207648,1,1,STORE
M0006569,2,44,27,2025-06-10,,BRONZE,72902,1,0,APP
M0006570,2,60,40,2011-04-29,2019-04-22,SILVER,238850,1,1,PHONE
M0006571,2,56,10,2024-06-14,,GOLD,426441,0,1,WEB
M0006572,2,50,11,2011-06-09,,SILVER,930651,1,0,APP
M0006573,2,35,10,2021-07-03,,SILVER,166039,1,0,STORE
M0006574,2,48,27,2025-05-04,2025-12-31,BRONZE,120881,1,0,WEB
M0006575,1,64,28,2015-07-14,,BRONZE,39669,1,1,PHONE
M0006576,2,41,31,2012-07-17,,BRONZE,60826,1,1,APP
M0006577,1,72,23,2011-01-21,,BRONZE,59365,1,1,WEB
M0006578,2,15,12,2015-06-22,,SILVER,176399,0,0,WEB
M0006579,9,39,04,2025-03-29,,PLATINUM,774072,0,0,STORE
M0006580,9,57,10,2017-05-06,,BRONZE,16843,1,1,APP
M0006581,2,26,14,2016-09-08,,GOLD,293242,0,0,APP
M0006582,2,75,01,2010-02-09,2017-08-05,BRONZE,13748,1,1,PHONE
M0006583,2,63,40,2020-08-30,,SILVER,155017,1,0,WEB
M0006584,1,67,40,2013-01-04,,SILVER,141183,0,1,APP
M0006585,2,55,11,2021-01-09,,BRONZE,83692,1,0,APP
M0006586,1,24,40,2023-04-04,,BRONZE,51797,0,1,APP
M0006587,1,52,13,2022-05-23,,BRONZE,128347,1,1,WEB
M0006588,9,65,15,2018-04-21,,BRONZE,154489,1,1,STORE
M0006589,2,15,28,2020-05-26,,GOLD,285528,0,1,APP
M0006590,2,67,13,2016-04-20,,BRONZE,34440,1,0,WEB
M0006591,1,51,27,2021-05-06,,BRONZE,39067,1,1,STORE
M0006592,2,39,01,2020-11-29,,GOLD,470391,1,1,APP
M0006593,1,48,23,2013-01-04,,BRONZE,19345,1,1,STORE
M0006594,2,48,09,2015-03-13,,BRONZE,71857,1,0,APP
M0006595,9,37,23,2022-05-29,,BRONZE,11837,0,1,APP
M0006596,1,64,29,2017-01-06,2019-03-19,GOLD,214119,1,1,PHONE
M0006597,1,64,13,2013-10-09,,GOLD,326868,1,1,APP
M0006598,1,43,01,2025-11-25,,GOLD,237266,0,0,APP
M0006599,1,30,40,2023-11-21,2025-10-09,BRONZE,25350,0,0,PHONE
M0006600,1,62,14,2022-05-22,2025-12-31,BRONZE,52750,1,0,WEB
M0006601,1,77,41,2016-10-01,,GOLD,357472,1,1,PHONE
M0006602,1,48,31,2018-11-12,,GOLD,277444,0,1,WEB
M0006603,1,53,27,2025-02-17,,BRONZE,31526,0,1,WEB
M0006604,1,26,13,2018-06-06,,SILVER,186651,0,1,APP
M0006605,2,57,32,2023-03-15,,BRONZE,48373,1,1,APP
M0006606,1,40,13,2023-07-05,,BRONZE,43255,1,1,WEB
M0006607,2,31,38,2022-11-15,,BRONZE,22957,0,1,WEB
M0006608,1,56,27,2019-08-13,,GOLD,379488,1,0,WEB
M0006609,1,22,40,2015-07-10,,GOLD,325069,1,0,WEB
M0006610,1,55,13,2015-06-06,,BRONZE,11774,1,1,WEB
M0006611,2,17,23,2022-12-24,2025-12-31,BRONZE,57134,0,1,WEB
M0006612,1,45,27,2016-09-07,2023-07-26,BRONZE,44147,1,1,WEB
M0006613,2,41,11,2013-12-16,,BRONZE,63416,1,0,WEB
M0006614,1,31,37,2012-12-07,,BRONZE,47993,1,1,APP
M0006615,9,47,27,2019-11-07,,BRONZE,47398,1,0,APP
M0006616,1,39,12,2025-05-09,,GOLD,258258,1,1,WEB
M0006617,1,58,27,2016-01-22,,GOLD,440039,1,1,PHONE
M0006618,2,50,01,2020-06-08,2025-12-31,GOLD,280827,1,0,WEB
M0006619,1,48,14,2014-12-10,,SILVER,181996,1,1,WEB
M0006620,1,45,04,2016-05-18,,GOLD,784209,0,1,STORE
M0006621,2,32,18,2016-07-13,,GOLD,738167,0,0,APP
M0006622,1,35,33,2015-10-05,,SILVER,145718,0,0,APP
M0006623,1,44,37,2023-07-24,,BRONZE,56063,1,1,APP
M0006624,1,37,27,2024-07-06,,BRONZE,43701,0,1,STORE
M0006625,1,59,13,2014-04-22,,SILVER,228663,1,1,APP
M0006626,2,42,13,2015-10-07,,SILVER,127799,1,1,WEB
M0006627,2,46,08,2010-04-27,,BRONZE,39450,1,1,WEB
M0006628,2,16,27,2022-02-07,2025-12-31,SILVER,114656,0,0,APP
M0006629,1,56,21,2021-04-29,,GOLD,694071,0,1,WEB
M0006630,2,30,44,2023-05-15,,BRONZE,24742,1,1,PHONE
M0006631,2,22,13,2018-12-16,,BRONZE,227382,1,1,STORE
M0006632,1,68,14,2024-07-22,2025-12-31,PLATINUM,646951,1,1,WEB
M0006633,2,52,23,2012-04-04,2015-10-28,BRONZE,101180,1,1,PHONE
M0006634,2,57,11,2015-12-21,2018-12-02,BRONZE,141986,1,0,WEB
M0006635,2,48,11,2017-03-02,,SILVER,522733,1,1,WEB
M0006636,1,38,27,2022-03-31,,PLATINUM,1767954,1,1,WEB
M0006637,1,35,34,2013-07-05,2019-10-20,BRONZE,121553,0,0,APP
M0006638,2,53,04,2015-03-26,,BRONZE,41123,1,0,APP
M0006639,2,59,13,2011-07-04,,BRONZE,44027,0,0,APP
M0006640,1,39,13,2025-02-07,2025-12-31,SILVER,188740,0,1,STORE
M0006641,1,75,17,2017-04-02,,GOLD,391146,0,1,STORE
M0006642,2,37,13,2010-03-07,,PLATINUM,591183,1,1,APP
M0006643,1,16,33,2013-10-06,,GOLD,347895,0,1,PHONE
M0006644,1,51,23,2019-02-15,,BRONZE,50101,0,1,STORE
M0006645,2,33,39,2017-11-11,,GOLD,404392,0,1,WEB
M0006646,1,33,18,2018-02-28,,SILVER,311573,1,0,WEB
M0006647,1,36,35,2010-12-31,2014-12-12,SILVER,192527,0,0,WEB
M0006648,1,52,15,2024-01-16,,SILVER,293683,1,1,WEB
M0006649,2,40,28,2023-04-10,,BRONZE,38749,0,1,WEB
M0006650,1,54,13,2013-06-18,2021-09-19,SILVER,183265,1,1,STORE
M0006651,2,41,09,2015-11-13,,SILVER,54900,1,1,WEB
M0006652,9,40,01,2011-05-26,,BRONZE,92440,1,0,WEB
M0006653,2,30,11,2012-01-17,,SILVER,196931,1,1,WEB
M0006654,2,64,28,2023-07-18,,BRONZE,24049,1,1,STORE
M0006655,2,32,27,2011-10-27,,BRONZE,23694,1,1,WEB
M0006656,1,45,40,2015-08-08,2021-04-25,BRONZE,20177,1,0,STORE
M0006657,2,37,13,2025-11-23,2025-12-31,PLATINUM,1512447,1,1,STORE
M0006658,9,53,40,2015-03-14,2021-09-24,BRONZE,39853,0,1,WEB
M0006659,2,40,11,2020-12-28,,GOLD,537985,0,0,PHONE
M0006660,1,40,31,2011-09-08,,BRONZE,35935,1,0,PHONE
M0006661,1,35,23,2023-12-25,,BRONZE,32423,0,1,PHONE
M0006662,2,64,36,2024-09-20,2025-12-31,BRONZE,45066,1,1,PHONE
M0006663,1,40,44,2024-08-09,2025-12-31,BRONZE,22108,1,1,WEB
M0006664,2,73,13,2020-02-17,,GOLD,710318,1,1,WEB
M0006665,1,45,01,2025-07-21,,SILVER,121214,1,1,WEB
M0006666,2,40,14,2021-01-28,,SILVER,172132,1,1,WEB
M0006667,2,38,30,2016-01-08,,GOLD,293421,1,1,STORE
M0006668,2,50,23,2024-05-14,,BRONZE,84067,1,1,APP
M0006669,1,30,13,2014-05-16,,SILVER,282156,0,0,APP
M0006670,2,42,27,2023-07-03,,BRONZE,23199,0,1,WEB
M0006671,1,40,03,2024-11-22,,SILVER,495970,1,0,WEB
M0006672,1,46,13,2017-03-25,,GOLD,517761,1,0,APP
M0006673,2,46,40,2013-09-18,2015-11-06,SILVER,98902,1,1,APP
M0006674,1,47,32,2012-07-22,,BRONZE,22002,0,0,APP
M0006675,2,42,13,2018-08-07,,SILVER,177477,1,1,WEB
M0006676,1,67,06,2020-10-04,2023-09-26,SILVER,171453,0,1,WEB
M0006677,1,47,03,2019-06-11,,BRONZE,31863,1,1,APP
M0006678,2,84,14,2020-05-30,,BRONZE,31776,1,1,APP
M0006679,1,41,13,2010-05-29,,SILVER,204949,1,0,APP
M0006680,2,56,13,2010-10-03,2014-12-20,GOLD,218835,1,1,PHONE
M0006681,2,28,44,2014-03-18,,SILVER,205627,1,1,PHONE
M0006682,2,64,03,2024-05-23,,SILVER,225304,0,1,STORE
M0006683,2,28,40,2018-01-24,,GOLD,368117,0,0,APP
M0006684,2,48,26,2015-05-14,,GOLD,423431,0,1,WEB
M0006685,1,36,13,2020-08-24,,BRONZE,91323,0,1,APP
M0006686,1,48,13,2016-11-10,,BRONZE,47455,1,1,APP
M0006687,2,36,27,2012-04-19,,SILVER,160686,0,0,STORE
M0006688,2,27,17,2018-03-22,,GOLD,493007,0,1,WEB
M0006689,2,35,40,2021-02-28,,BRONZE,16261,0,1,APP
M0006690,2,66,12,2024-08-04,,GOLD,483754,1,0,APP
M0006691,2,48,27,2015-11-21,,BRONZE,70337,1,1,STORE
M0006692,1,18,19,2012-09-23,,SILVER,144882,0,1,STORE
M0006693,2,59,21,2023-11-07,,GOLD,733148,1,1,WEB
M0006694,2,25,40,2015-11-25,,BRONZE,69397,0,1,STORE
M0006695,2,53,27,2012-07-11,,GOLD,247932,0,1,WEB
M0006696,1,49,12,2018-01-08,,GOLD,614839,0,1,WEB
M0006697,1,50,27,2010-12-16,,BRONZE,33307,1,1,STORE
M0006698,1,72,13,2025-11-14,,BRONZE,47899,1,0,PHONE
M0006699,2,26,01,2022-06-22,,GOLD,893450,1,1,STORE
M0006700,2,50,23,2017-01-13,,PLATINUM,1106265,1,1,STORE
M0006701,1,61,19,2018-09-22,,SILVER,207041,1,0,STORE
M0006702,2,29,14,2016-05-18,,BRONZE,136488,0,0,WEB
M0006703,9,27,27,2017-07-03,2025-05-12,BRONZE,27306,0,1,WEB
M0006704,1,35,12,2024-12-17,,BRONZE,97941,1,1,PHONE
M0006705,2,46,06,2021-08-15,2025-12-31,SILVER,141021,1,0,STORE
M0006706,2,16,40,2020-08-01,,SILVER,104177,0,1,STORE
M0006707,1,49,11,2025-08-18,,SILVER,193471,1,1,WEB
M0006708,2,16,13,2012-08-13,,GOLD,261748,0,1,STORE
M0006709,2,62,11,2024-07-13,,BRONZE,103068,1,0,PHONE
M0006710,1,49,43,2012-10-24,,BRONZE,56549,0,0,APP
M0006711,1,73,13,2014-02-25,2023-07-22,BRONZE,17979,1,0,APP
M0006712,2,51,28,2020-04-24,,GOLD,355694,1,0,APP
M0006713,1,35,13,2012-03-08,,SILVER,148826,0,0,PHONE
M0006714,2,26,14,2017-06-22,,GOLD,472089,0,1,APP
M0006715,2,44,17,2015-05-18,,BRONZE,124819,0,1,APP
M0006716,2,39,28,2010-02-22,2014-06-21,GOLD,423616,1,0,PHONE
M0006717,2,60,13,2012-12-08,,SILVER,122659,0,1,WEB
M0006718,2,24,11,2017-03-06,,BRONZE,75950,1,1,APP
M0006719,2,74,13,2011-05-08,,GOLD,350557,0,0,WEB
M0006720,1,62,40,2025-01-13,,BRONZE,62388,1,1,WEB
M0006721,1,37,18,2016-11-11,,GOLD,798888,0,1,WEB
M0006722,1,71,27,2021-12-16,,SILVER,98334,1,1,STORE
M0006723,1,27,11,2013-04-10,,SILVER,195688,1,0,APP
M0006724,1,43,23,2018-12-09,,SILVER,396812,1,1,WEB
M0006725,1,18,30,2011-10-26,,PLATINUM,594397,1,0,WEB
M0006726,1,71,13,2013-02-14,,SILVER,206855,1,1,STORE
M0006727,1,34,28,2020-12-12,2024-12-24,BRONZE,48200,1,0,WEB
M0006728,1,16,13,2015-05-16,,PLATINUM,520820,0,1,WEB
M0006729,2,29,13,2025-09-21,,BRONZE,112414,0,1,WEB
M0006730,2,62,27,2025-12-12,2025-12-31,SILVER,105604,1,0,STORE
M0006731,2,56,08,2012-02-09,,GOLD,1164442,0,1,STORE
M0006732,2,42,13,2020-07-18,,BRONZE,27577,1,0,WEB
M0006733,2,57,41,2022-07-11,,BRONZE,91105,1,1,WEB
M0006734,2,38,11,2014-06-03,,GOLD,395075,1,1,STORE
M0006735,1,47,26,2023-06-18,2025-12-31,BRONZE,39918,1,0,WEB
M0006736,9,68,27,2021-10-22,,SILVER,368693,1,1,STORE
M0006737,1,36,14,2015-03-13,,BRONZE,15464,1,1,WEB
M0006738,2,27,09,2011-06-18,,BRONZE,24749,0,0,STORE
M0006739,2,48,40,2017-02-03,,GOLD,1134706,1,1,APP
M0006740,1,53,23,2015-12-06,,PLATINUM,829351,1,1,STORE
M0006741,2,42,22,2018-06-13,,SILVER,155657,1,1,APP
M0006742,1,57,12,2013-09-01,,BRONZE,66339,1,0,PHONE
M0006743,1,37,26,2014-12-28,,BRONZE,58414,1,0,STORE
M0006744,1,42,13,2024-05-03,2025-12-31,BRONZE,68190,0,1,WEB
M0006745,1,46,01,2023-06-24,,GOLD,390338,0,1,WEB
M0006746,1,45,01,2021-10-06,,GOLD,609058,0,0,WEB
M0006747,2,67,01,2015-08-24,,BRONZE,32870,1,0,WEB
M0006748,2,46,28,2017-12-17,,BRONZE,57959,1,1,WEB
M0006749,2,35,09,2014-09-08,,SILVER,442247,0,1,APP
M0006750,2,49,29,2016-07-11,,GOLD,296145,1,0,APP
M0006751,1,57,27,2018-04-11,,SILVER,192720,0,1,STORE
M0006752,1,53,13,2023-09-27,,SILVER,228464,1,1,WEB
M0006753,2,52,13,2022-09-26,,SILVER,166584,0,1,WEB
M0006754,2,15,13,2013-02-16,2020-10-09,BRONZE,54227,0,0,WEB
M0006755,1,24,12,2025-02-16,,SILVER,137805,0,1,WEB
M0006756,1,62,40,2011-03-13,,BRONZE,221730,1,0,APP
M0006757,2,47,14,2010-10-07,,BRONZE,37998,0,1,APP
M0006758,2,40,36,2023-08-18,,BRONZE,102446,1,1,WEB
M0006759,1,52,35,2014-07-14,2023-10-30,SILVER,399193,0,1,STORE
M0006760,1,73,23,2023-09-15,,PLATINUM,905067,1,1,STORE
M0006761,1,64,11,2011-02-07,,BRONZE,66828,1,0,STORE
M0006762,2,56,27,2013-11-21,,SILVER,182828,1,1,STORE
M0006763,2,25,11,2023-03-16,,GOLD,316040,0,1,WEB
M0006764,2,27,40,2013-02-15,2019-10-29,GOLD,395076,0,1,WEB
M0006765,1,55,13,2018-04-23,,BRONZE,54482,0,0,PHONE
M0006766,2,51,17,2021-07-17,,SILVER,320461,1,1,APP
M0006767,2,59,11,2015-08-01,,BRONZE,20107,1,1,WEB
M0006768,2,60,27,2012-04-17,,GOLD,627530,1,1,STORE
M0006769,2,51,02,2023-05-02,,SILVER,204782,1,1,WEB
M0006770,1,37,11,2019-12-14,,SILVER,188752,1,0,APP
M0006771,1,30,14,2024-08-05,2025-12-31,BRONZE,132282,1,1,WEB
M0006772,2,26,27,2021-03-22,2025-12-31,BRONZE,59514,0,0,APP
M0006773,2,37,13,2021-11-29,,BRONZE,33062,0,1,WEB
M0006774,9,23,23,2019-12-14,,BRONZE,21538,1,1,APP
M0006775,2,70,40,2020-09-20,,GOLD,415637,1,0,WEB
M0006776,1,18,13,2016-10-30,,BRONZE,48018,0,1,STORE
M0006777,1,37,24,2024-10-29,,BRONZE,25933,0,0,STORE
M0006778,2,17,22,2023-01-22,,SILVER,191257,0,1,STORE
M0006779,1,45,23,2013-11-17,2016-08-22,BRONZE,33580,1,1,WEB
M0006780,2,40,26,2024-11-17,,BRONZE,33051,1,1,WEB
M0006781,1,34,23,2013-09-29,,BRONZE,51642,0,1,PHONE
M0006782,1,24,13,2021-04-17,,GOLD,186459,0,1,WEB
M0006783,2,40,23,2024-09-25,,PLATINUM,879591,1,1,STORE
M0006784,1,31,14,2016-09-14,,BRONZE,76124,0,1,PHONE
M0006785,2,38,11,2012-12-16,,BRONZE,40030,1,1,WEB
M0006786,2,73,44,2025-12-06,,SILVER,160246,0,1,STORE
M0006787,2,43,14,2022-09-13,,GOLD,263982,1,0,APP
M0006788,2,49,27,2017-03-11,2020-02-10,BRONZE,43087,1,1,STORE
M0006789,2,32,13,2025-11-10,,SILVER,134884,0,1,WEB
M0006790,2,27,34,2011-11-11,,BRONZE,53937,0,0,APP
M0006791,1,40,13,2018-06-08,,BRONZE,29608,1,1,APP
M0006792,1,83,36,2012-12-03,2017-02-17,SILVER,95812,1,0,WEB
M0006793,2,35,13,2012-12-16,,BRONZE,33147,1,1,WEB
M0006794,2,46,16,2015-07-27,,SILVER,267156,1,0,STORE
M0006795,2,26,14,2019-03-10,,BRONZE,36050,0,1,PHONE
M0006796,2,48,27,2012-09-27,,BRONZE,61169,1,0,PHONE
M0006797,2,27,13,2018-04-29,,BRONZE,154189,0,1,APP
M0006798,1,80,13,2022-06-15,,BRONZE,14634,1,0,STORE
M0006799,2,50,13,2012-05-07,,SILVER,66262,1,0,STORE
M0006800,1,68,13,2010-03-24,,BRONZE,50245,1,1,STORE
M0006801,1,34,28,2021-12-13,,SILVER,241388,1,1,WEB
M0006802,2,51,28,2016-06-29,,GOLD,225406,0,1,STORE
M0006803,2,21,14,2013-01-16,,GOLD,408694,0,1,WEB
M0006804,1,47,04,2024-01-20,,PLATINUM,882471,1,0,APP
M0006805,2,44,18,2016-11-01,,BRONZE,42578,1,1,APP
M0006806,2,40,45,2011-11-20,,PLATINUM,1308393,1,0,WEB
M0006807,2,31,11,2014-12-11,,GOLD,477253,1,0,WEB
M0006808,9,56,40,2019-03-21,,BRONZE,44397,1,1,APP
M0006809,1,31,45,2014-08-29,,BRONZE,35532,1,1,APP
M0006810,2,45,41,2024-12-10,,BRONZE,111152,0,1,STORE
M0006811,1,43,38,2020-01-15,,GOLD,473605,1,0,APP
M0006812,1,34,01,2011-02-23,,SILVER,97461,1,0,WEB
M0006813,1,25,01,2015-07-22,,BRONZE,9152,0,1,WEB
M0006814,1,33,38,2015-08-06,,GOLD,471607,1,0,PHONE
M0006815,2,72,11,2012-05-02,,GOLD,282348,1,0,WEB
M0006816,1,59,27,2010-08-09,,SILVER,218280,1,1,WEB
M0006817,2,57,46,2011-10-18,,BRONZE,22580,0,1,WEB
M0006818,1,27,29,2020-11-30,,BRONZE,107236,1,1,STORE
M0006819,1,16,13,2013-12-21,,GOLD,336945,0,0,WEB
M0006820,9,59,13,2016-09-05,,GOLD,798172,1,1,WEB
M0006821,2,55,33,2012-04-13,,SILVER,390572,1,1,WEB
M0006822,2,42,14,2025-02-27,,SILVER,128545,0,1,STORE
M0006823,2,34,06,2025-10-14,,BRONZE,113002,1,1,PHONE
M0006824,1,15,13,2021-01-22,,SILVER,181934,0,0,PHONE
M0006825,2,55,13,2015-04-22,,BRONZE,171398,1,1,STORE
M0006826,2,60,15,2019-08-19,,PLATINUM,937031,1,0,WEB
M0006827,1,28,45,2016-03-05,2024-10-22,BRONZE,61971,0,0,APP
M0006828,2,27,23,2024-07-25,2025-12-31,BRONZE,70075,1,0,WEB
M0006829,2,61,13,2019-09-06,,BRONZE,11534,1,1,WEB
M0006830,2,29,27,2012-01-28,,PLATINUM,663256,0,1,APP
M0006831,2,70,27,2011-07-20,,PLATINUM,761468,0,0,WEB
M0006832,2,38,39,2022-07-15,,GOLD,564811,1,1,WEB
M0006833,1,33,40,2021-08-23,,SILVER,350870,0,1,WEB
M0006834,9,41,42,2021-09-04,,SILVER,149967,1,1,WEB
M0006835,1,33,31,2015-05-01,,SILVER,144717,0,0,APP
M0006836,1,59,11,2020-10-09,,BRONZE,50103,0,1,PHONE
M0006837,1,55,13,2014-05-04,2022-05-11,BRONZE,73974,1,1,STORE
M0006838,2,58,44,2020-03-17,,BRONZE,35534,0,0,PHONE
M0006839,9,43,13,2015-04-05,,BRONZE,46875,1,0,APP
M0006840,2,32,30,2011-12-28,,SILVER,241251,1,1,WEB
M0006841,2,40,40,2023-04-25,,BRONZE,118457,1,1,APP
M0006842,9,33,14,2023-01-10,2025-12-31,SILVER,373644,0,1,APP
M0006843,2,65,40,2022-07-16,,GOLD,239467,1,1,WEB
M0006844,1,57,14,2020-02-29,,GOLD,393477,1,1,STORE
M0006845,2,38,05,2020-03-23,,BRONZE,138622,0,0,WEB
M0006846,1,24,28,2022-05-06,,BRONZE,47660,0,1,WEB
M0006847,1,66,27,2019-01-07,,BRONZE,41014,1,1,WEB
M0006848,1,42,23,2024-01-07,,SILVER,626107,1,1,APP
M0006849,1,38,40,2022-04-06,,BRONZE,83285,0,1,WEB
M0006850,9,66,38,2018-09-05,2022-08-17,GOLD,297413,1,1,STORE
M0006851,9,31,34,2019-05-24,,SILVER,138116,0,1,STORE
M0006852,1,35,01,2025-04-24,,SILVER,276477,1,0,STORE
M0006853,2,36,44,2018-01-29,,BRONZE,38607,1,1,APP
M0006854,1,18,40,2011-10-01,,BRONZE,83073,0,1,WEB
M0006855,1,45,13,2023-06-30,,GOLD,640113,1,1,PHONE
M0006856,1,27,13,2010-01-24,,SILVER,157301,1,0,STORE
M0006857,1,30,26,2013-12-14,,BRONZE,34626,1,1,APP
M0006858,1,28,40,2015-04-13,,GOLD,294724,0,1,PHONE
M0006859,1,30,31,2010-06-01,,BRONZE,84523,1,1,WEB
M0006860,1,26,11,2013-06-19,,SILVER,113729,0,1,PHONE
M0006861,1,44,13,2012-10-25,,SILVER,177931,1,1,APP
M0006862,2,37,23,2018-11-10,,PLATINUM,1211104,0,0,WEB
M0006863,1,41,01,2024-02-02,,GOLD,483750,1,1,STORE
M0006864,1,80,11,2014-06-27,,BRONZE,34521,1,1,WEB
M0006865,2,37,26,2016-04-03,,SILVER,178208,0,1,APP
M0006866,1,50,12,2021-01-04,,SILVER,208832,1,0,APP
M0006867,2,52,40,2020-10-15,,BRONZE,32415,1,1,WEB
M0006868,1,39,08,2025-02-15,,GOLD,392126,0,0,APP
M0006869,2,45,14,2018-05-12,,BRONZE,64293,0,1,WEB
M0006870,2,40,26,2022-04-23,,SILVER,246577,1,1,WEB
M0006871,2,43,14,2023-07-12,,BRONZE,37994,1,1,STORE
M0006872,2,30,02,2016-09-21,,BRONZE,100285,1,1,WEB
M0006873,1,32,40,2023-05-22,,BRONZE,24928,0,1,APP
M0006874,1,40,13,2025-10-08,2025-12-31,BRONZE,58516,1,1,WEB
M0006875,1,45,01,2011-11-30,,PLATINUM,906170,1,1,APP
M0006876,2,65,40,2022-05-04,,SILVER,190964,1,0,WEB
M0006877,1,77,12,2019-12-22,,BRONZE,20966,1,1,STORE
M0006878,1,43,23,2022-12-22,,BRONZE,115911,1,1,STORE
M0006879,2,51,13,2018-10-15,,GOLD,329554,0,0,WEB
M0006880,1,58,27,2013-04-11,,SILVER,367178,1,0,STORE
M0006881,1,17,06,2016-11-11,,SILVER,358081,0,1,APP
M0006882,2,56,11,2020-12-28,,SILVER,201552,1,0,PHONE
M0006883,1,33,11,2024-05-06,,BRONZE,82459,0,0,APP
M0006884,2,79,13,2011-02-17,,BRONZE,33920,1,1,APP
M0006885,2,37,14,2013-01-01,,BRONZE,49468,0,1,PHONE
M0006886,9,55,03,2013-10-07,,SILVER,156366,1,1,PHONE
M0006887,1,37,34,2019-06-19,,BRONZE,162569,1,1,STORE
M0006888,1,77,28,2010-04-07,,BRONZE,59544,0,0,WEB
M0006889,2,31,28,2025-03-28,,GOLD,488771,1,1,STORE
M0006890,2,60,11,2021-04-14,,BRONZE,29458,1,0,WEB
M0006891,2,51,04,2024-06-26,,BRONZE,96189,1,1,PHONE
M0006892,1,47,21,2010-05-03,,BRONZE,33720,1,1,APP
M0006893,1,44,27,2014-05-24,,BRONZE,55652,1,0,STORE
M0006894,1,29,08,2017-03-09,,SILVER,181020,0,1,WEB
M0006895,1,48,27,2022-05-01,,SILVER,178233,1,0,WEB
M0006896,1,58,13,2020-05-19,,BRONZE,11510,0,1,WEB
M0006897,2,32,13,2016-09-08,,BRONZE,88454,1,1,STORE
M0006898,1,60,13,2014-11-18,2017-08-30,SILVER,148801,0,1,STORE
M0006899,2,46,14,2015-04-17,,GOLD,411718,1,0,STORE
M0006900,2,60,13,2015-11-17,,BRONZE,31289,1,1,WEB
M0006901,1,54,13,2021-01-12,,SILVER,94532,0,1,STORE
M0006902,2,56,13,2023-11-22,,PLATINUM,924085,1,1,APP
M0006903,2,50,13,2017-08-16,,BRONZE,43237,1,1,WEB
M0006904,1,34,14,2024-06-03,,SILVER,101950,1,0,WEB
M0006905,2,60,25,2014-10-19,,SILVER,281518,1,0,STORE
M0006906,2,50,28,2023-09-28,,BRONZE,18856,1,1,WEB
M0006907,2,50,13,2010-01-06,,PLATINUM,1354313,1,0,STORE
M0006908,2,35,40,2021-12-31,2025-12-31,GOLD,605876,0,1,WEB
M0006909,9,24,11,2025-03-12,,BRONZE,45383,0,1,PHONE
M0006910,1,33,13,2014-06-10,,SILVER,290978,1,1,APP
M0006911,2,41,40,2020-11-27,2022-11-05,BRONZE,52528,0,1,WEB
M0006912,2,30,14,2011-03-13,2016-01-13,BRONZE,20490,0,1,APP
M0006913,2,15,23,2023-08-16,,GOLD,259068,0,0,APP
M0006914,2,16,06,2017-10-26,,SILVER,164732,0,1,WEB
M0006915,2,42,11,2016-10-18,,BRONZE,51155,0,1,PHONE
M0006916,2,49,13,2024-10-16,2025-12-31,GOLD,280313,1,0,WEB
M0006917,1,39,13,2024-10-22,2025-12-31,BRONZE,41529,1,1,PHONE
M0006918,2,32,34,2013-07-29,,BRONZE,117776,1,1,WEB
M0006919,1,24,05,2025-05-10,,BRONZE,24360,0,1,WEB
M0006920,2,35,12,2013-05-09,,PLATINUM,636619,0,1,STORE
M0006921,2,26,37,2022-12-30,,BRONZE,69918,0,1,STORE
M0006922,2,39,28,2022-06-23,,BRONZE,17863,0,1,WEB
M0006923,1,34,13,2018-01-23,,SILVER,177203,1,0,APP
M0006924,2,52,08,2019-06-22,,SILVER,155363,1,1,WEB
M0006925,1,30,13,2016-04-22,,BRONZE,52880,1,1,WEB
M0006926,1,46,02,2016-06-20,,PLATINUM,566644,0,0,WEB
M0006927,1,55,40,2018-03-29,,BRONZE,64221,1,1,WEB
M0006928,2,46,13,2023-10-21,,BRONZE,66501,1,1,WEB
M0006929,1,54,13,2017-09-23,,PLATINUM,678770,1,1,WEB
M0006930,9,48,40,2019-04-28,,BRONZE,46011,1,0,WEB
M0006931,1,32,01,2021-04-27,2025-12-31,PLATINUM,1074363,1,1,WEB
M0006932,2,59,13,2024-09-22,,GOLD,414182,1,1,STORE
M0006933,2,49,13,2023-10-08,,GOLD,497338,1,0,WEB
M0006934,2,71,40,2015-11-22,,BRONZE,142843,0,1,PHONE
M0006935,2,69,22,2023-10-26,,BRONZE,33019,1,1,WEB
M0006936,2,45,19,2017-02-08,,BRONZE,70052,1,1,STORE
M0006937,2,36,04,2011-07-03,,BRONZE,40111,1,0,APP
M0006938,2,24,11,2011-03-11,,GOLD,459557,0,1,APP
M0006939,1,32,11,2013-04-15,,BRONZE,27812,0,1,WEB
M0006940,1,33,27,2015-11-19,,BRONZE,21773,1,0,STORE
M0006941,2,30,13,2016-05-27,,BRONZE,26362,0,1,APP
M0006942,2,24,13,2012-11-16,,SILVER,80558,1,0,PHONE
M0006943,2,47,31,2012-11-07,,BRONZE,76328,1,1,APP
M0006944,2,69,23,2010-07-11,,GOLD,355031,1,1,WEB
M0006945,1,56,13,2024-08-02,,BRONZE,126592,0,1,STORE
M0006946,2,35,23,2014-02-03,2017-09-27,SILVER,144400,0,1,APP
M0006947,2,57,27,2020-05-20,,GOLD,630468,0,1,STORE
M0006948,2,46,11,2017-11-07,2023-10-12,SILVER,138700,0,1,APP
M0006949,2,39,03,2015-10-07,2017-08-08,GOLD,263150,0,0,WEB
M0006950,2,38,22,2013-12-16,,GOLD,665901,1,1,PHONE
M0006951,2,37,06,2011-01-11,,BRONZE,76166,1,1,APP
M0006952,9,51,35,2011-09-30,,BRONZE,39548,0,1,APP
M0006953,1,42,27,2020-11-01,2025-07-07,GOLD,565030,1,1,PHONE
M0006954,2,28,02,2017-03-23,,SILVER,98608,0,1,WEB
M0006955,2,27,34,2025-06-27,,GOLD,376851,0,1,APP
M0006956,2,45,14,2012-05-14,,BRONZE,32208,1,0,WEB
M0006957,1,47,21,2024-11-19,,PLATINUM,1118732,1,1,WEB
M0006958,2,35,41,2011-05-18,,PLATINUM,846521,1,1,STORE
M0006959,1,21,12,2021-09-22,,BRONZE,44874,0,1,APP
M0006960,2,61,13,2025-05-13,,BRONZE,20503,0,0,WEB
M0006961,1,58,27,2012-06-18,,BRONZE,92820,1,1,PHONE
M0006962,1,50,04,2017-08-13,,BRONZE,64758,0,1,APP
M0006963,2,63,32,2024-09-22,,BRONZE,21587,1,1,PHONE
M0006964,1,36,13,2022-11-02,,BRONZE,142022,1,1,WEB
M0006965,1,43,14,2013-06-29,,GOLD,684383,0,0,STORE
M0006966,2,59,27,2012-09-25,,BRONZE,21492,1,0,APP
M0006967,2,68,11,2015-05-28,,GOLD,433208,1,1,STORE
M0006968,1,57,18,2017-05-21,,BRONZE,51845,1,0,APP
M0006969,2,44,23,2014-09-15,,GOLD,750067,1,0,WEB
M0006970,2,17,23,2011-06-10,,BRONZE,62739,0,1,STORE
M0006971,2,55,01,2017-12-19,,BRONZE,83601,0,1,PHONE
M0006972,1,55,23,2016-08-03,,GOLD,329799,0,0,APP
M0006973,1,63,05,2014-11-21,,BRONZE,27440,1,1,WEB
M0006974,9,26,13,2023-03-23,,BRONZE,37465,1,1,APP
M0006975,2,35,13,2014-08-22,,BRONZE,25611,1,1,WEB
M0006976,1,31,25,2024-04-14,,SILVER,222998,1,0,STORE
M0006977,2,30,11,2010-03-07,2019-12-01,SILVER,138224,0,1,WEB
M0006978,1,58,14,2018-04-22,,BRONZE,58275,1,0,APP
M0006979,2,44,11,2025-03-16,,PLATINUM,594750,0,0,APP
M0006980,2,36,12,2014-08-01,,BRONZE,88773,0,1,PHONE
M0006981,9,85,13,2020-06-25,2025-12-31,GOLD,239731,1,1,STORE
M0006982,9,16,23,2021-09-26,2025-12-31,SILVER,142863,0,0,STORE
M0006983,1,49,13,2015-06-24,2024-12-21,BRONZE,13138,1,0,WEB
M0006984,2,22,31,2020-03-22,,SILVER,76367,1,1,STORE
M0006985,1,37,28,2020-06-09,,SILVER,268300,1,0,PHONE
M0006986,2,43,22,2017-07-12,,SILVER,247882,0,0,APP
M0006987,2,54,08,2016-01-10,2023-11-06,SILVER,154720,1,1,WEB
M0006988,1,36,24,2017-08-10,2025-12-31,SILVER,397428,1,1,WEB
M0006989,1,34,14,2012-05-20,,SILVER,192071,0,0,WEB
M0006990,1,35,13,2017-11-22,,BRONZE,73783,1,1,APP
M0006991,1,22,34,2015-03-16,,SILVER,171237,0,1,STORE
M0006992,1,51,34,2015-06-06,,BRONZE,35434,0,0,WEB
M0006993,2,45,33,2013-12-06,,PLATINUM,1491688,1,1,STORE
M0006994,2,47,46,2018-04-21,,GOLD,560672,1,1,WEB
M0006995,2,39,01,2010-02-14,,BRONZE,46849,0,1,STORE
M0006996,2,37,23,2010-12-02,,GOLD,462278,1,1,WEB
M0006997,2,60,21,2013-05-05,2020-12-13,SILVER,91590,0,1,APP
M0006998,1,57,13,2019-02-15,,SILVER,135229,1,0,STORE
M0006999,2,64,19,2014-02-10,,BRONZE,20169,1,1,STORE
M0007000,2,46,24,2017-12-09,,GOLD,252993,1,0,WEB
M0007001,2,63,28,2012-05-14,,BRONZE,27560,0,1,PHONE
M0007002,2,33,40,2016-09-23,,GOLD,950783,0,0,WEB
M0007003,2,37,12,2017-04-04,,BRONZE,201673,1,0,WEB
M0007004,2,60,37,2015-03-09,,BRONZE,39457,1,1,WEB
M0007005,2,54,13,2010-10-18,,SILVER,144441,1,1,WEB
M0007006,2,35,14,2019-12-13,,BRONZE,49620,1,1,STORE
M0007007,2,22,03,2013-04-04,,BRONZE,21083,1,0,WEB
M0007008,1,37,26,2017-10-05,,SILVER,295694,1,1,WEB
M0007009,1,28,12,2021-05-08,,BRONZE,304910,0,1,APP
M0007010,2,69,01,2011-08-13,,BRONZE,58888,0,1,APP
M0007011,1,53,13,2020-11-10,,SILVER,323810,1,1,WEB
M0007012,9,27,11,2015-12-29,,BRONZE,49253,0,1,APP
M0007013,1,22,34,2018-01-21,,BRONZE,76183,0,1,WEB
M0007014,2,27,40,2011-03-24,,BRONZE,64104,1,0,APP
M0007015,1,30,40,2017-12-28,,SILVER,150389,1,1,STORE
M0007016,9,37,14,2016-01-25,,SILVER,217779,0,0,PHONE
M0007017,1,59,40,2012-11-07,,SILVER,306954,0,1,APP
M0007018,1,24,40,2018-07-11,,GOLD,725483,0,0,WEB
M0007019,1,79,18,2020-05-30,2025-12-31,BRONZE,31028,1,0,STORE
M0007020,2,24,11,2016-04-04,2024-02-13,GOLD,388651,1,0,STORE
M0007021,9,16,01,2020-02-25,,SILVER,118115,0,1,STORE
M0007022,9,69,11,2015-06-20,2025-02-02,SILVER,81836,1,1,STORE
M0007023,1,62,32,2023-04-16,,SILVER,242558,1,0,STORE
M0007024,2,37,13,2014-07-02,,BRONZE,45706,1,1,STORE
M0007025,1,46,13,2022-10-10,,BRONZE,17023,1,1,APP
M0007026,2,47,40,2016-02-10,,SILVER,247337,1,0,WEB
M0007027,2,42,45,2018-12-06,,BRONZE,38711,0,0,APP
M0007028,1,18,06,2011-02-10,,BRONZE,28083,1,0,PHONE
M0007029,2,27,01,2011-03-11,,SILVER,231332,0,0,APP
M0007030,2,26,40,2025-11-26,,SILVER,323152,0,0,STORE
M0007031,1,71,14,2010-02-15,,SILVER,286213,0,1,STORE
M0007032,1,72,43,2018-11-20,,SILVER,231916,1,1,WEB
M0007033,1,36,11,2017-04-26,,GOLD,341888,0,0,STORE
M0007034,1,24,07,2020-03-06,,SILVER,89094,0,0,STORE
M0007035,1,45,22,2010-01-22,,SILVER,93872,0,0,WEB
M0007036,2,47,12,2012-12-06,,BRONZE,62600,0,0,WEB
M0007037,1,50,27,2015-06-03,,BRONZE,43112,0,1,STORE
M0007038,2,37,14,2024-10-10,,SILVER,238311,1,1,APP
M0007039,2,94,13,2015-08-06,,SILVER,144647,1,1,STORE
M0007040,2,59,44,2019-02-20,,BRONZE,80808,0,1,WEB
M0007041,2,37,26,2019-03-05,,SILVER,214538,0,1,WEB
M0007042,1,28,40,2016-08-18,,BRONZE,53615,1,1,APP
M0007043,1,57,34,2023-04-08,2025-12-31,GOLD,345000,0,1,APP
M0007044,1,48,13,2021-05-31,,BRONZE,27748,1,1,APP
M0007045,9,42,13,2017-02-08,,SILVER,465807,0,1,APP
M0007046,9,48,13,2014-11-14,,PLATINUM,532805,1,1,WEB
M0007047,1,38,33,2014-06-12,,SILVER,316433,0,0,STORE
M0007048,1,47,13,2024-12-15,,SILVER,182400,0,1,STORE
M0007049,2,52,13,2012-01-06,,BRONZE,141761,1,1,PHONE
M0007050,1,46,27,2012-09-16,,BRONZE,38145,1,1,WEB
M0007051,9,45,40,2014-03-11,,GOLD,525296,1,1,STORE
M0007052,1,64,23,2023-05-01,2025-12-31,GOLD,679483,1,1,STORE
M0007053,1,22,27,2021-01-04,,GOLD,1037114,0,1,STORE
M0007054,1,26,22,2025-06-19,,PLATINUM,681491,0,1,APP
M0007055,1,40,43,2021-07-20,2025-12-31,BRONZE,73699,1,1,APP
M0007056,1,28,14,2017-11-13,,GOLD,398890,0,0,STORE
M0007057,2,33,39,2010-08-24,,BRONZE,19971,1,1,WEB
M0007058,1,62,24,2024-01-11,,SILVER,117651,1,0,WEB
M0007059,2,37,34,2020-09-19,,SILVER,276103,0,1,STORE
M0007060,1,50,13,2011-02-23,,SILVER,252027,1,0,APP
M0007061,1,33,26,2025-07-14,,BRONZE,85723,0,1,STORE
M0007062,1,41,28,2019-12-06,,GOLD,390273,1,1,STORE
M0007063,1,41,13,2019-12-02,,SILVER,179599,0,1,PHONE
M0007064,1,49,16,2015-09-13,,GOLD,421192,1,0,WEB
M0007065,1,48,27,2015-04-17,2023-11-03,BRONZE,15909,1,1,STORE
M0007066,2,38,21,2015-10-31,,BRONZE,194025,0,1,APP
M0007067,2,20,01,2010-10-20,,GOLD,423917,0,0,PHONE
M0007068,2,33,23,2017-03-16,2022-11-02,GOLD,319700,0,1,APP
M0007069,1,29,13,2010-12-31,,BRONZE,80747,0,1,STORE
M0007070,2,35,34,2019-07-20,,BRONZE,42938,0,1,STORE
M0007071,2,52,13,2013-04-24,,BRONZE,74589,0,1,APP
M0007072,1,47,25,2019-11-09,,GOLD,260904,1,1,WEB
M0007073,1,54,05,2015-12-22,,SILVER,50927,0,1,APP
M0007074,2,33,13,2014-06-15,,BRONZE,20591,1,1,STORE
M0007075,2,66,28,2012-04-26,,BRONZE,36888,1,1,WEB
M0007076,2,51,43,2016-02-22,,BRONZE,84225,0,0,STORE
M0007077,1,42,38,2011-02-08,,BRONZE,74676,1,1,PHONE
M0007078,9,50,13,2013-12-29,2020-03-26,PLATINUM,625227,1,1,STORE
M0007079,1,29,13,2017-06-03,,PLATINUM,1159838,0,1,PHONE
M0007080,9,52,13,2020-02-14,,SILVER,123852,1,1,PHONE
M0007081,2,30,16,2017-05-10,,GOLD,409971,1,1,APP
M0007082,2,53,13,2011-08-20,,GOLD,509387,1,1,WEB
M0007083,2,41,13,2021-07-15,,GOLD,893325,0,0,PHONE
M0007084,1,38,40,2016-10-11,,BRONZE,49730,1,0,APP
M0007085,2,26,44,2020-01-11,,SILVER,305511,1,1,STORE
M0007086,2,35,14,2025-08-28,,PLATINUM,751913,0,1,STORE
M0007087,2,64,09,2010-10-11,2019-07-24,GOLD,248383,1,1,WEB
M0007088,1,36,13,2025-10-27,,SILVER,104815,1,0,APP
M0007089,1,33,01,2025-03-24,,BRONZE,62360,0,1,PHONE
M0007090,1,29,28,2018-04-15,,BRONZE,106536,1,0,WEB
M0007091,2,61,36,2010-06-08,,SILVER,227090,0,0,APP
M0007092,2,55,08,2013-12-17,,BRONZE,82942,0,0,STORE
M0007093,2,24,13,2013-08-13,,BRONZE,10739,0,1,WEB
M0007094,2,60,40,2019-05-03,,SILVER,249674,1,1,APP
M0007095,2,38,13,2021-01-24,,GOLD,706986,1,1,APP
M0007096,1,30,27,2017-10-25,,SILVER,121851,1,1,STORE
M0007097,2,35,44,2015-09-11,2023-10-29,SILVER,313646,1,1,WEB
M0007098,1,27,11,2010-09-06,,BRONZE,49729,0,1,PHONE
M0007099,1,18,32,2025-01-10,,SILVER,153764,0,1,STORE
M0007100,1,53,13,2025-10-29,,GOLD,431975,1,1,PHONE
M0007101,1,36,33,2010-07-11,,BRONZE,50657,0,1,WEB
M0007102,1,50,34,2015-03-27,,GOLD,408158,1,1,STORE
M0007103,2,45,12,2025-09-22,,BRONZE,20836,1,1,STORE
M0007104,1,49,13,2016-05-22,,SILVER,185693,1,0,WEB
M0007105,1,28,33,2019-12-18,,GOLD,241896,0,1,PHONE
M0007106,1,25,35,2018-03-21,2021-02-08,GOLD,526375,0,0,STORE
M0007107,2,50,27,2020-02-18,2025-06-14,SILVER,112565,1,1,APP
M0007108,2,18,41,2024-02-01,,SILVER,306120,0,0,WEB
M0007109,1,46,33,2016-01-28,,PLATINUM,1422909,0,1,WEB
M0007110,1,16,27,2022-10-15,,SILVER,77136,0,1,STORE
M0007111,9,40,40,2017-04-21,,BRONZE,23878,1,1,PHONE
M0007112,2,67,14,2013-04-16,,SILVER,93134,1,1,APP
M0007113,2,53,23,2011-03-14,,SILVER,214664,0,1,APP
M0007114,2,50,34,2021-06-18,,SILVER,122504,0,1,APP
M0007115,2,54,32,2019-08-23,2024-02-21,BRONZE,142608,1,1,STORE
M0007116,2,71,13,2023-12-29,,SILVER,478086,0,1,APP
M0007117,1,88,28,2013-10-07,,SILVER,85424,0,1,WEB
M0007118,2,48,23,2021-06-06,2023-12-21,SILVER,297349,1,1,APP
M0007119,1,17,11,2010-05-17,,BRONZE,21055,0,1,WEB
M0007120,2,47,08,2012-03-24,,GOLD,502310,0,0,WEB
M0007121,1,67,12,2019-07-06,,GOLD,947507,0,1,WEB
M0007122,1,37,27,2018-08-16,,BRONZE,37175,0,1,WEB
M0007123,9,58,14,2019-06-24,,GOLD,405867,1,1,WEB
M0007124,2,26,34,2023-06-02,,SILVER,454769,0,1,WEB
M0007125,1,46,14,2023-05-04,,BRONZE,28566,1,1,STORE
M0007126,9,38,11,2013-02-17,,GOLD,837706,1,1,WEB
M0007127,1,24,44,2013-03-30,,BRONZE,53420,0,1,WEB
M0007128,2,40,31,2018-08-14,,BRONZE,60799,1,1,STORE
M0007129,2,34,06,2025-04-27,,GOLD,398348,1,1,WEB
M0007130,1,18,14,2020-09-17,,BRONZE,155367,0,1,WEB
M0007131,2,32,01,2012-05-03,,GOLD,392507,1,1,WEB
M0007132,2,46,12,2020-03-02,,SILVER,286046,0,1,APP
M0007133,1,39,40,2015-05-31,,BRONZE,34345,1,0,WEB
M0007134,1,41,13,2011-09-15,,BRONZE,72135,0,0,WEB
M0007135,1,52,40,2021-05-25,,BRONZE,13346,1,1,APP
M0007136,2,34,23,2014-06-10,2016-08-25,GOLD,229769,1,1,WEB
M0007137,1,63,42,2022-05-31,,BRONZE,15748,1,0,APP
M0007138,1,23,09,2018-11-01,,SILVER,109679,1,1,WEB
M0007139,2,73,13,2017-02-23,2025-12-22,GOLD,605854,1,1,WEB
M0007140,1,59,14,2013-05-05,2022-02-20,GOLD,475493,0,1,APP
M0007141,1,34,23,2014-09-05,,GOLD,449130,0,1,STORE
M0007142,2,35,11,2015-05-05,,SILVER,237461,1,1,WEB
M0007143,2,44,13,2021-02-03,,BRONZE,126986,1,1,STORE
M0007144,1,50,39,2016-08-22,,BRONZE,108373,1,1,APP
M0007145,2,59,36,2010-07-18,,BRONZE,68221,1,1,PHONE
M0007146,2,17,38,2010-03-21,,PLATINUM,741150,0,1,WEB
M0007147,1,47,11,2014-05-24,2019-07-17,GOLD,400681,1,1,STORE
M0007148,2,64,26,2018-03-02,,BRONZE,93512,1,1,APP
M0007149,2,37,07,2015-05-02,,BRONZE,23548,1,1,WEB
M0007150,2,65,23,2025-12-01,,BRONZE,135147,1,1,STORE
M0007151,2,16,13,2013-09-13,,BRONZE,16962,0,0,STORE
M0007152,2,70,13,2016-07-13,,BRONZE,53326,1,1,WEB
M0007153,9,44,27,2016-05-13,,GOLD,494446,1,1,STORE
M0007154,2,64,35,2014-05-22,,SILVER,334770,1,1,PHONE
M0007155,2,46,02,2024-02-16,,SILVER,94514,0,1,APP
M0007156,2,57,46,2014-01-18,,BRONZE,348055,0,1,STORE
M0007157,2,44,28,2010-03-04,,SILVER,346233,1,1,APP
M0007158,9,42,13,2018-03-30,,SILVER,255664,1,0,WEB
M0007159,1,20,11,2020-02-27,,BRONZE,21573,0,0,WEB
M0007160,1,42,13,2017-04-18,,BRONZE,128501,1,1,WEB
M0007161,2,43,35,2016-09-27,,SILVER,514564,1,0,WEB
M0007162,1,32,27,2023-10-17,,SILVER,247770,0,1,STORE
M0007163,2,71,27,2015-12-26,,SILVER,183441,1,0,PHONE
M0007164,2,50,23,2020-03-24,2021-04-15,GOLD,338589,1,1,APP
M0007165,2,61,22,2023-05-27,,PLATINUM,1123895,1,1,APP
M0007166,1,56,23,2016-05-18,,GOLD,538684,1,1,WEB
M0007167,2,37,13,2018-08-26,,BRONZE,98346,1,1,WEB
M0007168,1,37,15,2016-03-04,,BRONZE,34415,0,1,APP
M0007169,2,35,13,2019-10-31,,GOLD,307173,1,1,WEB
M0007170,1,52,01,2018-10-03,,GOLD,426527,1,0,STORE
M0007171,2,29,01,2023-08-21,,GOLD,549056,1,1,APP
M0007172,2,69,27,2014-01-20,2020-01-05,SILVER,239294,1,1,APP
M0007173,2,27,11,2012-08-03,2017-03-07,GOLD,790206,0,1,STORE
M0007174,2,44,13,2016-10-07,,BRONZE,215949,0,1,WEB
M0007175,1,36,14,2019-10-19,,BRONZE,26413,1,1,PHONE
M0007176,1,32,01,2014-07-24,,BRONZE,48734,1,0,STORE
M0007177,1,77,14,2025-12-21,,BRONZE,54840,0,0,APP
M0007178,9,33,13,2018-04-01,,GOLD,489404,1,0,PHONE
M0007179,2,35,03,2022-12-27,2025-12-31,BRONZE,46764,1,0,WEB
M0007180,1,29,15,2018-09-30,,SILVER,107592,0,0,APP
M0007181,1,41,31,2016-04-14,,GOLD,755898,1,1,PHONE
M0007182,1,38,33,2023-07-20,,GOLD,447746,0,1,WEB
M0007183,2,21,23,2012-07-09,,PLATINUM,572825,0,1,PHONE
M0007184,1,33,40,2014-01-07,2018-04-21,SILVER,133019,0,0,PHONE
M0007185,1,50,28,2022-03-30,,SILVER,207057,0,1,WEB
M0007186,1,57,20,2024-06-23,,GOLD,309577,1,1,STORE
M0007187,1,40,11,2014-08-28,,BRONZE,440523,0,1,STORE
M0007188,1,41,47,2018-07-26,,SILVER,153926,1,1,APP
M0007189,1,34,12,2017-10-12,,GOLD,1034719,0,0,PHONE
M0007190,2,31,14,2021-08-18,,SILVER,147312,0,1,PHONE
M0007191,2,24,20,2017-12-28,,BRONZE,16580,0,0,STORE
M0007192,1,71,13,2019-10-15,,BRONZE,131901,1,0,APP
M0007193,2,28,39,2020-09-15,,BRONZE,10261,0,0,PHONE
M0007194,2,55,14,2023-04-07,,SILVER,554060,1,1,WEB
M0007195,2,33,04,2012-03-21,,GOLD,429673,1,1,WEB
M0007196,9,34,01,2020-08-11,,BRONZE,6608,1,0,STORE
M0007197,1,34,13,2012-11-22,,BRONZE,51887,1,0,APP
M0007198,2,61,08,2010-03-06,2012-04-25,SILVER,416874,1,1,WEB
M0007199,2,24,14,2021-06-18,2025-03-31,GOLD,525746,0,1,STORE
M0007200,2,45,40,2016-03-30,2025-09-09,BRONZE,83761,1,0,PHONE
M0007201,1,39,13,2021-06-20,,SILVER,56125,1,1,WEB
M0007202,1,41,22,2025-01-05,,BRONZE,141894,1,1,WEB
M0007203,1,44,31,2012-01-24,,BRONZE,154142,1,0,PHONE
M0007204,9,41,13,2017-03-23,,BRONZE,57513,1,0,WEB
M0007205,2,53,24,2011-08-01,2013-04-27,BRONZE,70872,1,1,APP
M0007206,1,40,35,2023-04-04,,BRONZE,59270,0,0,WEB
M0007207,2,70,13,2025-12-29,,BRONZE,123676,1,1,WEB
M0007208,1,41,47,2023-11-27,,BRONZE,21057,1,0,WEB
M0007209,1,44,13,2025-11-25,,GOLD,351056,0,1,STORE
M0007210,2,51,29,2015-04-28,,PLATINUM,663644,1,1,APP
M0007211,2,47,28,2014-06-14,,GOLD,554211,1,1,WEB
M0007212,2,41,43,2023-09-22,,BRONZE,31396,1,1,STORE
M0007213,2,36,14,2020-06-05,,BRONZE,91043,0,1,PHONE
M0007214,2,32,40,2016-01-15,,BRONZE,104477,1,0,WEB
M0007215,2,29,29,2013-05-14,,BRONZE,128262,0,1,WEB
M0007216,1,68,07,2010-05-29,,GOLD,439017,1,0,STORE
M0007217,2,30,01,2010-08-11,,SILVER,204049,0,1,PHONE
M0007218,2,56,12,2021-02-10,,BRONZE,47592,1,1,APP
M0007219,1,28,04,2014-03-23,,BRONZE,35281,0,1,WEB
M0007220,1,22,13,2023-02-15,2025-04-06,SILVER,88172,1,1,WEB
M0007221,1,52,13,2023-07-17,,GOLD,449966,0,0,STORE
M0007222,1,38,27,2017-03-24,,SILVER,355537,0,1,PHONE
M0007223,2,49,13,2014-10-19,,BRONZE,81833,1,1,APP
M0007224,1,40,29,2012-10-10,,SILVER,223542,0,1,APP
M0007225,2,36,40,2014-02-08,,SILVER,416081,1,0,WEB
M0007226,1,28,23,2019-11-05,,GOLD,1013194,1,1,WEB
M0007227,1,20,13,2022-02-05,2025-12-31,BRONZE,18562,1,1,WEB
M0007228,1,64,32,2021-10-24,2025-12-31,SILVER,110510,1,1,STORE
M0007229,1,67,13,2025-05-04,,BRONZE,136441,1,1,STORE
M0007230,9,22,13,2020-06-23,,BRONZE,28130,0,0,WEB
M0007231,1,21,24,2018-02-16,,GOLD,427351,0,1,WEB
M0007232,1,34,13,2015-09-11,,PLATINUM,1298517,1,1,STORE
M0007233,1,46,20,2015-05-20,,PLATINUM,1075730,1,1,STORE
M0007234,1,37,14,2015-11-23,,GOLD,387932,1,1,APP
M0007235,2,48,18,2024-01-28,,SILVER,124373,1,1,WEB
M0007236,2,39,13,2018-10-14,,BRONZE,41196,0,1,WEB
M0007237,1,38,14,2013-07-15,,GOLD,844600,0,1,WEB
M0007238,2,81,23,2013-02-04,,SILVER,125480,1,1,APP
M0007239,2,31,01,2010-06-15,,SILVER,148371,1,1,WEB
M0007240,2,68,26,2023-07-17,,SILVER,162325,1,1,APP
M0007241,2,65,27,2013-07-07,,GOLD,185343,1,0,STORE
M0007242,1,49,12,2011-08-21,,SILVER,362056,1,1,APP
M0007243,2,40,13,2014-08-20,,BRONZE,84599,1,0,STORE
M0007244,2,41,21,2017-10-14,,GOLD,251142,1,1,APP
M0007245,2,31,39,2025-05-09,,BRONZE,30073,1,1,STORE
M0007246,9,40,13,2023-10-02,,BRONZE,22365,1,1,STORE
M0007247,2,22,13,2012-09-26,,BRONZE,89641,1,1,WEB
M0007248,1,53,20,2018-06-21,,BRONZE,24092,1,1,WEB
M0007249,2,57,33,2023-03-10,,GOLD,639871,1,1,APP
M0007250,2,60,12,2022-03-05,,BRONZE,59974,0,0,PHONE
M0007251,2,34,11,2017-07-08,2023-10-13,GOLD,492723,0,1,WEB
M0007252,2,22,18,2013-11-01,,BRONZE,40607,0,1,STORE
M0007253,2,46,14,2022-07-25,,BRONZE,13230,1,0,WEB
M0007254,2,70,47,2017-02-16,,GOLD,307405,1,1,WEB
M0007255,2,41,30,2013-10-17,,BRONZE,24030,1,1,STORE
M0007256,1,48,34,2021-05-30,,BRONZE,64089,1,0,WEB
M0007257,1,36,30,2024-02-14,,BRONZE,118524,0,1,APP
M0007258,2,31,39,2024-03-19,,BRONZE,29327,0,1,WEB
M0007259,2,51,13,2024-12-31,,SILVER,252647,1,1,WEB
M0007260,1,38,36,2020-04-15,,BRONZE,26892,1,1,WEB
M0007261,2,47,27,2022-04-15,,SILVER,172444,1,1,APP
M0007262,2,49,14,2013-11-19,2021-03-27,GOLD,526441,1,0,WEB
M0007263,2,46,40,2015-03-09,,SILVER,205465,1,1,STORE
M0007264,1,49,27,2012-05-04,2018-07-07,SILVER,90654,0,0,STORE
M0007265,2,25,11,2011-04-20,,BRONZE,77787,1,1,STORE
M0007266,1,24,23,2023-06-19,,PLATINUM,578702,1,0,STORE
M0007267,1,39,13,2017-04-25,,BRONZE,87647,1,1,STORE
M0007268,2,40,14,2018-11-12,2025-12-31,GOLD,689385,1,1,PHONE
M0007269,2,31,14,2011-05-26,,BRONZE,96143,0,1,WEB
M0007270,1,44,03,2012-12-10,2019-03-25,GOLD,294880,1,0,WEB
M0007271,2,55,28,2011-03-22,2013-07-21,SILVER,75329,0,1,WEB
M0007272,2,60,08,2017-10-09,,BRONZE,58357,1,1,STORE
M0007273,1,64,19,2019-04-18,,GOLD,369335,0,1,WEB
M0007274,1,18,02,2012-01-09,,BRONZE,27593,0,1,APP
M0007275,2,20,27,2021-05-02,,GOLD,365586,0,0,STORE
M0007276,2,35,23,2011-09-07,,SILVER,366450,0,0,APP
M0007277,1,41,11,2023-06-03,,BRONZE,86540,1,1,APP
M0007278,2,36,13,2024-09-20,,SILVER,136680,1,0,APP
M0007279,2,31,35,2020-03-30,,SILVER,409630,0,1,PHONE
M0007280,2,35,13,2018-09-18,,BRONZE,47148,0,1,STORE
M0007281,2,48,45,2021-09-16,,GOLD,508645,0,1,WEB
M0007282,1,17,13,2013-12-25,,BRONZE,55983,0,1,STORE
M0007283,1,80,09,2024-09-27,,BRONZE,24342,0,1,STORE
M0007284,1,40,14,2024-02-07,,BRONZE,43167,0,1,WEB
M0007285,2,58,36,2021-02-16,,GOLD,582274,1,0,WEB
M0007286,2,30,25,2025-12-25,,BRONZE,72734,0,0,APP
M0007287,2,50,13,2014-11-05,,GOLD,204802,0,1,STORE
M0007288,1,42,13,2024-02-24,2025-12-31,GOLD,557642,0,1,WEB
M0007289,2,55,01,2010-07-18,,SILVER,171584,1,1,STORE
M0007290,1,37,13,2021-12-17,,SILVER,213891,0,1,WEB
M0007291,1,66,13,2014-08-19,,BRONZE,10070,0,1,PHONE
M0007292,1,15,44,2025-05-24,,BRONZE,89341,0,1,APP
M0007293,2,56,12,2019-01-28,,SILVER,302962,1,0,WEB
M0007294,1,42,13,2013-02-27,,SILVER,321214,1,1,WEB
M0007295,2,23,23,2015-01-15,2024-06-27,BRONZE,38614,0,1,WEB
M0007296,9,73,13,2024-01-17,,BRONZE,5911,1,1,WEB
M0007297,2,71,22,2022-11-15,2025-12-31,BRONZE,47837,1,1,WEB
M0007298,1,48,13,2015-09-28,,BRONZE,36919,0,1,WEB
M0007299,2,43,40,2014-03-15,,BRONZE,24105,1,0,WEB
M0007300,2,52,27,2010-07-08,,PLATINUM,961397,1,1,WEB
M0007301,2,48,45,2011-12-23,,PLATINUM,782605,0,1,APP
M0007302,2,66,13,2010-07-09,,BRONZE,167327,1,1,WEB
M0007303,2,62,08,2015-04-13,2021-09-20,SILVER,131455,1,1,WEB
M0007304,2,45,11,2013-01-02,,BRONZE,89830,1,0,APP
M0007305,2,79,24,2010-04-29,,SILVER,145066,1,1,APP
M0007306,2,56,27,2022-06-22,,BRONZE,44766,1,1,STORE
M0007307,1,34,30,2024-01-26,,SILVER,198189,0,0,APP
M0007308,2,31,42,2024-05-07,,SILVER,241652,1,1,STORE
M0007309,1,61,27,2023-05-23,,SILVER,187238,1,0,STORE
M0007310,1,27,27,2012-01-18,,BRONZE,51943,0,1,APP
M0007311,1,33,43,2012-08-18,,SILVER,138831,1,0,WEB
M0007312,1,36,11,2023-07-12,2025-12-31,BRONZE,60279,0,0,WEB
M0007313,1,46,26,2010-03-30,,SILVER,215520,1,1,STORE
M0007314,2,37,29,2022-02-01,,GOLD,209727,1,1,WEB
M0007315,1,18,14,2012-01-07,,BRONZE,12795,1,0,WEB
M0007316,1,60,13,2010-11-02,,BRONZE,314880,1,0,APP
M0007317,2,33,40,2022-06-27,,SILVER,96222,1,1,STORE
M0007318,9,74,01,2021-09-14,,BRONZE,43844,1,1,APP
M0007319,2,45,23,2011-05-13,2018-02-04,SILVER,200306,0,1,STORE
M0007320,1,62,10,2010-08-13,,SILVER,180368,1,0,STORE
M0007321,1,51,28,2024-02-19,,SILVER,122493,1,0,APP
M0007322,1,62,22,2014-03-15,,SILVER,147646,1,1,STORE
M0007323,1,50,13,2025-07-04,,BRONZE,177320,1,0,APP
M0007324,2,44,11,2018-06-30,,BRONZE,27615,1,1,WEB
M0007325,2,59,13,2025-08-29,,GOLD,443386,1,1,WEB
M0007326,1,82,13,2024-07-19,,SILVER,108301,1,1,STORE
M0007327,9,35,14,2019-11-08,,BRONZE,75396,1,1,WEB
M0007328,1,54,35,2011-09-08,,SILVER,156189,0,1,WEB
M0007329,1,40,40,2024-05-10,2025-12-31,SILVER,292112,1,1,PHONE
M0007330,1,49,27,2015-07-29,,BRONZE,21836,0,1,WEB
M0007331,1,41,03,2014-01-12,,BRONZE,6651,1,1,PHONE
M0007332,2,16,06,2019-03-26,,GOLD,206535,0,1,STORE
M0007333,1,37,23,2015-09-19,,GOLD,486814,1,1,WEB
M0007334,2,57,14,2021-11-04,,GOLD,587276,1,1,APP
M0007335,1,27,14,2014-03-29,,BRONZE,94167,0,1,WEB
M0007336,2,56,27,2024-08-24,,SILVER,252016,1,1,STORE
M0007337,2,43,40,2011-08-06,,PLATINUM,511964,0,0,WEB
M0007338,2,37,13,2017-07-02,,GOLD,460412,1,1,WEB
M0007339,1,55,12,2025-05-14,,BRONZE,57311,1,0,STORE
M0007340,2,52,35,2023-06-16,,BRONZE,34496,1,0,WEB
M0007341,2,47,27,2023-02-15,,SILVER,323426,0,1,PHONE
M0007342,1,57,27,2019-11-15,,BRONZE,4709,1,1,STORE
M0007343,2,43,35,2019-02-10,,BRONZE,35968,1,1,STORE
M0007344,1,32,28,2013-04-07,,SILVER,565357,0,1,APP
M0007345,1,34,09,2014-10-07,,BRONZE,60555,0,1,APP
M0007346,2,44,34,2019-04-11,2025-05-16,SILVER,346195,0,1,APP
M0007347,1,51,02,2014-11-27,,BRONZE,23521,0,0,PHONE
M0007348,2,55,15,2015-01-08,,BRONZE,54835,1,1,WEB
M0007349,1,56,40,2020-11-12,,GOLD,346533,1,1,PHONE
M0007350,1,48,41,2021-04-05,,SILVER,92780,1,0,APP
M0007351,1,56,06,2017-12-09,,GOLD,265837,0,1,WEB
M0007352,1,51,13,2014-07-21,,BRONZE,32064,1,1,STORE
M0007353,9,38,01,2012-10-27,,SILVER,144106,1,1,APP
M0007354,2,16,13,2014-03-17,,SILVER,273878,0,0,STORE
M0007355,2,34,23,2015-04-12,,PLATINUM,598976,1,1,STORE
M0007356,1,67,13,2025-02-15,,BRONZE,18326,0,1,WEB
M0007357,2,59,01,2015-03-01,,SILVER,164165,1,0,WEB
M0007358,1,51,11,2024-07-16,,BRONZE,45259,1,1,WEB
M0007359,1,37,28,2018-08-13,,GOLD,443393,0,1,WEB
M0007360,2,23,12,2017-03-24,,BRONZE,8758,0,0,PHONE
M0007361,2,43,27,2014-04-14,,SILVER,158799,1,1,WEB
M0007362,2,59,14,2022-04-01,2025-12-31,SILVER,236366,0,1,STORE
M0007363,2,47,23,2023-06-25,,BRONZE,71024,1,0,STORE
M0007364,2,40,28,2025-09-18,2025-12-31,BRONZE,53564,1,0,APP
M0007365,1,42,38,2023-02-16,,BRONZE,76360,1,1,STORE
M0007366,1,44,14,2011-06-02,,BRONZE,110172,1,0,WEB
M0007367,1,54,01,2024-01-26,,BRONZE,41894,1,1,STORE
M0007368,2,28,38,2019-09-13,,BRONZE,7618,0,0,STORE
M0007369,2,19,08,2018-03-18,,GOLD,305902,0,0,STORE
M0007370,2,54,14,2014-01-21,,SILVER,173466,0,1,PHONE
M0007371,1,50,40,2018-02-08,,SILVER,470130,0,1,WEB
M0007372,2,44,33,2022-10-20,2024-04-24,BRONZE,41775,1,1,WEB
M0007373,2,77,11,2019-06-06,,SILVER,129149,1,1,WEB
M0007374,2,51,27,2011-08-16,,SILVER,667957,0,1,PHONE
M0007375,2,29,23,2022-02-02,,PLATINUM,741748,0,1,APP
M0007376,1,49,27,2022-08-15,,BRONZE,22432,1,1,APP
M0007377,1,35,28,2020-10-03,,SILVER,151154,1,1,PHONE
M0007378,9,62,47,2013-03-18,,SILVER,122392,1,1,APP
M0007379,1,45,44,2014-09-22,,SILVER,131721,1,1,WEB
M0007380,1,46,01,2017-04-18,,BRONZE,136307,1,1,APP
M0007381,1,15,34,2023-11-28,2025-12-31,GOLD,360384,0,1,WEB
M0007382,1,41,24,2023-01-08,,BRONZE,38569,1,1,APP
M0007383,2,39,42,2011-07-12,,BRONZE,90104,1,1,WEB
M0007384,1,23,32,2011-01-30,,BRONZE,111229,0,1,WEB
M0007385,1,36,35,2010-10-18,2017-08-15,GOLD,378792,0,1,STORE
M0007386,2,47,27,2024-11-07,,SILVER,134939,0,1,APP
M0007387,2,40,13,2023-10-28,,BRONZE,29625,1,0,APP
M0007388,1,16,13,2013-06-24,,BRONZE,36900,0,1,WEB
M0007389,1,35,12,2024-08-29,,SILVER,287162,0,0,APP
M0007390,1,32,39,2018-01-05,,GOLD,788476,1,0,APP
M0007391,1,43,47,2015-01-05,,SILVER,102141,1,0,APP
M0007392,1,41,30,2021-10-02,,SILVER,121043,1,0,STORE
M0007393,1,33,26,2011-02-08,,BRONZE,51392,1,1,STORE
M0007394,2,32,23,2011-12-23,,BRONZE,234255,0,1,WEB
M0007395,2,41,11,2014-02-05,,BRONZE,121305,1,1,APP
M0007396,2,56,12,2019-09-28,2021-10-25,SILVER,259337,1,0,WEB
M0007397,1,45,13,2023-06-01,,SILVER,67582,0,1,STORE
M0007398,1,64,21,2018-04-01,,BRONZE,20177,0,1,WEB
M0007399,9,59,12,2017-01-12,,BRONZE,32608,1,1,WEB
M0007400,2,65,13,2019-05-17,,BRONZE,30716,0,1,WEB
M0007401,2,63,12,2010-03-10,,GOLD,389710,1,1,WEB
M0007402,1,67,01,2020-08-07,,BRONZE,24069,1,1,WEB
M0007403,1,20,20,2022-11-18,2025-12-31,SILVER,76622,0,0,STORE
M0007404,2,51,26,2016-09-24,,BRONZE,40064,0,0,STORE
M0007405,2,61,27,2020-05-13,,BRONZE,29327,1,1,WEB
M0007406,1,64,24,2014-10-13,,BRONZE,43595,0,0,WEB
M0007407,9,27,27,2024-12-25,,BRONZE,46126,0,1,APP
M0007408,2,51,40,2012-12-10,,BRONZE,112127,1,1,WEB
M0007409,2,41,23,2012-03-15,,BRONZE,29335,1,0,WEB
M0007410,1,71,22,2025-01-09,,SILVER,165639,1,0,STORE
M0007411,2,16,35,2018-02-11,,GOLD,455022,0,1,STORE
M0007412,2,27,13,2016-06-03,2017-10-16,GOLD,368561,0,1,WEB
M0007413,1,19,10,2023-01-21,,BRONZE,12434,0,1,APP
M0007414,2,42,33,2014-07-08,2023-12-01,BRONZE,35401,1,1,WEB
M0007415,2,78,42,2014-09-24,,SILVER,171688,1,1,WEB
M0007416,2,39,27,2010-11-04,,BRONZE,32549,1,0,STORE
M0007417,1,42,13,2018-04-17,,GOLD,603817,1,1,STORE
M0007418,2,49,23,2022-01-08,,GOLD,577563,0,1,WEB
M0007419,2,38,35,2025-10-13,,BRONZE,140238,0,1,PHONE
M0007420,1,46,14,2018-06-12,,BRONZE,90359,1,0,WEB
M0007421,1,47,23,2011-03-13,,BRONZE,124030,1,0,WEB
M0007422,1,26,47,2013-01-20,2019-02-19,BRONZE,98084,1,1,WEB
M0007423,1,38,11,2014-07-03,2021-06-10,BRONZE,12571,0,1,PHONE
M0007424,2,53,01,2024-04-17,,GOLD,342740,1,0,APP
M0007425,2,56,47,2019-04-17,,BRONZE,27529,1,1,WEB
M0007426,1,62,40,2024-12-10,,BRONZE,14887,1,1,WEB
M0007427,9,46,27,2023-07-05,,BRONZE,149754,1,1,WEB
M0007428,1,46,14,2024-02-03,,BRONZE,90020,1,0,STORE
M0007429,2,53,01,2014-06-23,,SILVER,169052,0,1,STORE
M0007430,2,30,13,2018-12-23,,BRONZE,66078,1,1,STORE
M0007431,2,29,13,2010-12-19,,SILVER,248671,0,1,WEB
M0007432,2,38,27,2015-12-22,,GOLD,247215,1,1,WEB
M0007433,2,18,28,2015-01-04,,SILVER,104050,0,1,WEB
M0007434,1,47,29,2012-08-04,,BRONZE,33579,0,1,WEB
M0007435,1,58,23,2010-12-27,,BRONZE,36341,0,1,STORE
M0007436,1,28,19,2016-01-14,2017-02-04,GOLD,747363,0,1,WEB
M0007437,1,47,43,2011-02-15,,BRONZE,27383,1,0,WEB
M0007438,1,29,10,2019-10-18,,BRONZE,78802,0,1,STORE
M0007439,1,23,12,2014-06-10,,BRONZE,43011,1,1,WEB
M0007440,2,75,13,2013-08-16,,SILVER,362399,1,1,STORE
M0007441,2,23,11,2011-10-10,2017-05-10,SILVER,252312,0,1,APP
M0007442,2,18,27,2017-06-04,,GOLD,304335,0,1,APP
M0007443,2,44,23,2012-09-14,,SILVER,133111,1,1,WEB
M0007444,1,45,42,2019-03-04,2023-03-27,PLATINUM,1173800,1,1,WEB
M0007445,1,51,14,2025-10-12,,PLATINUM,864436,0,1,APP
M0007446,2,74,13,2021-09-14,,BRONZE,69073,1,1,STORE
M0007447,2,27,25,2011-11-10,,BRONZE,67023,0,0,WEB
M0007448,1,30,46,2011-06-18,2019-01-28,GOLD,347515,1,1,PHONE
M0007449,2,67,19,2024-01-02,2025-12-31,PLATINUM,700524,1,0,APP
M0007450,2,56,13,2023-11-15,,SILVER,182016,1,1,WEB
M0007451,1,54,28,2015-10-20,,BRONZE,89113,1,1,WEB
M0007452,1,30,40,2017-04-19,,BRONZE,71780,1,0,PHONE
M0007453,1,59,12,2016-01-13,,PLATINUM,731902,1,0,STORE
M0007454,2,54,02,2019-04-24,,BRONZE,108147,1,1,WEB
M0007455,9,43,22,2013-05-04,,GOLD,399063,1,1,WEB
M0007456,2,30,27,2025-01-17,,BRONZE,83918,0,0,WEB
M0007457,2,42,44,2016-06-18,2023-02-26,PLATINUM,810170,0,0,APP
M0007458,2,68,27,2012-09-08,,BRONZE,29652,1,1,APP
M0007459,1,21,13,2014-10-26,,PLATINUM,591341,1,1,APP
M0007460,2,26,25,2024-02-25,,SILVER,74899,0,0,PHONE
M0007461,2,29,11,2014-08-16,,GOLD,308143,0,1,APP
M0007462,2,33,23,2022-11-15,2025-12-31,BRONZE,70422,0,1,WEB
M0007463,1,40,14,2022-04-04,,BRONZE,62086,1,1,WEB
M0007464,2,56,13,2025-11-27,,BRONZE,43757,1,1,WEB
M0007465,9,48,27,2012-06-13,,SILVER,318346,1,1,WEB
M0007466,1,41,17,2016-04-15,,BRONZE,49399,0,1,WEB
M0007467,1,45,27,2023-06-18,,SILVER,105492,1,0,APP
M0007468,1,51,47,2012-01-12,2013-07-01,BRONZE,101171,0,1,STORE
M0007469,2,24,20,2010-07-20,,SILVER,122224,1,1,APP
M0007470,2,58,30,2010-03-24,2019-09-15,BRONZE,73014,1,1,WEB
M0007471,1,26,32,2011-04-26,,GOLD,578971,0,1,WEB
M0007472,2,32,08,2022-09-06,,BRONZE,95914,1,1,WEB
M0007473,1,46,11,2015-08-02,,GOLD,448389,1,1,WEB
M0007474,2,39,37,2012-03-09,,SILVER,172745,1,0,WEB
M0007475,1,48,11,2021-04-06,,BRONZE,51427,1,1,STORE
M0007476,2,42,13,2014-11-24,,GOLD,459521,0,1,APP
M0007477,2,35,01,2012-03-21,2020-04-09,BRONZE,111821,1,0,APP
M0007478,1,66,13,2025-10-18,,SILVER,85420,0,1,APP
M0007479,1,52,12,2019-05-07,2025-12-31,SILVER,131873,1,1,WEB
M0007480,2,45,47,2017-01-27,2025-12-31,GOLD,709536,0,1,WEB
M0007481,2,52,03,2024-09-27,,BRONZE,85925,1,0,STORE
M0007482,2,28,27,2013-09-13,,BRONZE,28436,0,0,PHONE
M0007483,2,77,13,2019-06-09,,GOLD,327823,1,1,STORE
M0007484,2,22,14,2022-01-19,2025-12-31,BRONZE,31133,1,1,APP
M0007485,1,42,13,2010-02-04,2014-05-03,SILVER,240935,1,1,APP
M0007486,2,35,28,2014-05-06,,GOLD,845117,1,1,STORE
M0007487,1,34,19,2011-07-15,2017-09-09,BRONZE,27584,1,1,WEB
M0007488,1,32,12,2018-07-01,,BRONZE,23486,1,1,APP
M0007489,1,27,01,2020-11-20,,BRONZE,326286,0,1,STORE
M0007490,1,60,11,2012-07-08,,GOLD,446449,1,1,PHONE
M0007491,2,20,13,2012-04-10,,PLATINUM,734870,0,1,STORE
M0007492,9,57,12,2017-05-17,2022-06-29,GOLD,246384,1,1,PHONE
M0007493,2,51,40,2016-05-10,,BRONZE,160725,1,1,STORE
M0007494,1,34,14,2011-09-27,,SILVER,155915,0,0,PHONE
M0007495,2,49,12,2020-11-26,,GOLD,315644,1,0,STORE
M0007496,2,37,40,2022-05-15,,GOLD,336409,1,1,WEB
M0007497,1,21,13,2016-11-08,,BRONZE,89824,0,1,STORE
M0007498,2,21,23,2015-11-04,,BRONZE,54772,0,1,WEB
M0007499,2,51,14,2012-07-25,2020-02-23,BRONZE,34213,1,0,APP
M0007500,1,50,10,2015-02-07,,GOLD,470765,1,0,APP
M0007501,2,44,13,2018-02-12,,BRONZE,23018,1,0,APP
M0007502,2,33,30,2025-11-25,,BRONZE,43171,0,0,APP
M0007503,1,37,11,2012-12-20,,GOLD,827229,1,0,WEB
M0007504,1,34,13,2023-04-11,,BRONZE,30199,1,1,APP
M0007505,2,39,13,2018-01-13,,BRONZE,82411,0,1,STORE
M0007506,2,41,41,2018-11-12,,SILVER,309263,0,0,STORE
M0007507,9,49,23,2014-10-20,,GOLD,485269,1,0,STORE
M0007508,2,41,18,2025-02-08,,SILVER,289788,1,1,STORE
M0007509,2,70,33,2011-01-12,,PLATINUM,543427,1,1,WEB
M0007510,2,23,14,2013-05-20,,GOLD,328547,0,1,APP
M0007511,2,29,28,2015-01-27,,BRONZE,55616,0,1,WEB
M0007512,2,42,12,2019-03-06,,BRONZE,91052,1,1,WEB
M0007513,1,44,29,2016-10-09,,BRONZE,59246,0,0,APP
M0007514,2,49,11,2024-11-12,2025-12-31,SILVER,130829,0,1,STORE
M0007515,2,50,42,2012-12-14,,SILVER,159412,1,0,STORE
M0007516,2,44,01,2019-02-12,,SILVER,159452,1,1,STORE
M0007517,2,44,32,2017-10-01,,SILVER,163424,1,1,WEB
M0007518,2,38,13,2014-12-05,,BRONZE,15311,0,1,APP
M0007519,1,26,11,2010-05-15,,BRONZE,44316,0,1,APP
M0007520,1,32,13,2022-12-27,,SILVER,418096,0,1,WEB
M0007521,1,17,37,2013-03-17,,BRONZE,45908,0,0,APP
M0007522,1,47,27,2012-03-22,,BRONZE,60609,1,1,STORE
M0007523,2,70,07,2019-02-15,,GOLD,338812,1,0,STORE
M0007524,1,45,13,2012-06-07,,SILVER,220113,1,0,WEB
M0007525,1,26,27,2020-03-25,,SILVER,87242,0,1,PHONE
M0007526,1,45,14,2021-09-12,2025-01-28,BRONZE,33912,1,0,STORE
M0007527,2,37,19,2013-09-04,2016-03-04,GOLD,559714,1,0,APP
M0007528,2,21,27,2011-02-10,,GOLD,425089,0,0,STORE
M0007529,1,46,24,2011-07-20,,BRONZE,35481,1,1,WEB
M0007530,1,55,20,2010-10-23,,BRONZE,31390,1,1,APP
M0007531,1,29,47,2017-10-01,,GOLD,619138,0,0,APP
M0007532,1,36,03,2016-01-25,,SILVER,144157,1,0,APP
M0007533,1,66,12,2022-06-11,,GOLD,288661,1,0,APP
M0007534,1,29,01,2016-05-14,,SILVER,158736,0,0,APP
M0007535,1,37,13,2020-06-01,,GOLD,1107184,0,0,WEB
M0007536,9,31,23,2017-07-07,,SILVER,247170,0,1,WEB
M0007537,2,28,30,2016-11-07,,BRONZE,15534,1,0,STORE
M0007538,2,50,13,2021-11-07,,GOLD,392071,1,0,STORE
M0007539,1,48,13,2018-02-20,2021-03-16,BRONZE,48993,1,0,APP
M0007540,1,43,01,2019-02-07,,BRONZE,86265,0,1,STORE
M0007541,2,54,29,2017-03-15,,BRONZE,35838,1,0,WEB
M0007542,1,29,14,2021-06-01,,BRONZE,20961,0,0,PHONE
M0007543,2,21,32,2014-11-15,,SILVER,393963,0,0,STORE
M0007544,9,31,14,2010-10-19,,BRONZE,100291,1,0,APP
M0007545,2,30,11,2016-10-11,,BRONZE,129794,0,1,APP
M0007546,1,49,42,2015-01-19,,SILVER,296477,1,1,WEB
M0007547,2,31,40,2024-05-07,,BRONZE,36734,0,0,STORE
M0007548,1,59,01,2025-06-18,,BRONZE,25933,1,0,WEB
M0007549,1,54,39,2013-06-25,,SILVER,190048,1,1,WEB
M0007550,1,49,27,2016-11-04,,SILVER,130705,0,1,WEB
M0007551,2,42,13,2016-12-01,,PLATINUM,609508,1,1,WEB
M0007552,2,65,43,2013-07-24,2022-07-22,SILVER,345952,1,1,APP
M0007553,1,22,28,2010-02-28,,SILVER,137937,0,1,STORE
M0007554,1,24,44,2025-11-15,,BRONZE,36143,0,0,WEB
M0007555,2,59,32,2020-06-07,2024-02-18,BRONZE,60863,1,1,WEB
M0007556,2,40,01,2016-07-31,,SILVER,98304,1,1,WEB
M0007557,1,29,11,2012-12-09,,SILVER,239163,0,1,APP
M0007558,1,49,23,2017-08-30,,BRONZE,36503,1,1,PHONE
M0007559,2,33,13,2014-05-12,,BRONZE,16661,0,1,WEB
M0007560,2,26,11,2013-07-31,,BRONZE,97953,0,1,APP
M0007561,2,25,25,2025-04-28,,BRONZE,59238,1,1,APP
M0007562,1,45,46,2020-07-02,,BRONZE,147852,1,0,WEB
M0007563,1,43,43,2014-12-08,,SILVER,107819,1,1,WEB
M0007564,1,66,43,2013-04-26,2022-08-16,SILVER,236428,1,0,WEB
M0007565,1,35,13,2022-04-21,,SILVER,164242,0,1,STORE
M0007566,2,35,23,2019-10-05,2022-07-01,SILVER,171650,0,1,APP
M0007567,1,64,27,2023-09-05,,SILVER,43078,1,1,WEB
M0007568,2,57,01,2022-02-13,2024-01-26,GOLD,349013,1,1,WEB
M0007569,2,42,41,2016-06-09,,BRONZE,51504,1,0,STORE
M0007570,9,37,33,2020-06-09,,GOLD,725677,1,0,WEB
M0007571,2,26,32,2016-02-03,,BRONZE,140139,0,0,STORE
M0007572,2,22,40,2011-06-13,,SILVER,274222,0,0,APP
M0007573,1,41,23,2010-07-06,,BRONZE,42671,1,1,WEB
M0007574,1,31,14,2011-04-12,,BRONZE,32754,1,0,WEB
M0007575,1,67,28,2024-09-17,,PLATINUM,847699,1,1,APP
M0007576,9,23,14,2023-06-24,,BRONZE,28183,0,1,WEB
M0007577,2,20,22,2016-04-04,,SILVER,88732,0,1,WEB
M0007578,1,44,11,2024-06-22,2025-12-31,BRONZE,179290,1,1,APP
M0007579,1,49,06,2021-10-19,,BRONZE,43847,0,1,WEB
M0007580,1,28,32,2012-03-03,,PLATINUM,550976,1,1,APP
M0007581,1,40,14,2013-08-11,2016-10-06,SILVER,139373,1,1,STORE
M0007582,2,36,01,2016-01-04,,SILVER,220030,0,1,WEB
M0007583,1,63,29,2022-11-16,,BRONZE,128588,1,0,WEB
M0007584,2,72,42,2020-06-19,,BRONZE,30770,1,1,PHONE
M0007585,2,33,13,2016-04-16,,SILVER,185932,1,1,APP
M0007586,1,37,04,2023-05-15,,BRONZE,18969,1,0,APP
M0007587,1,26,11,2015-03-15,,BRONZE,81555,0,0,STORE
M0007588,9,51,14,2024-07-18,,BRONZE,31914,1,1,STORE
M0007589,2,66,13,2021-07-17,,BRONZE,52566,1,0,WEB
M0007590,1,61,28,2021-03-07,,PLATINUM,560419,0,1,STORE
M0007591,1,40,14,2011-05-28,,SILVER,630455,1,1,PHONE
M0007592,2,26,02,2012-05-11,,BRONZE,57554,0,1,STORE
M0007593,2,40,14,2025-09-26,,SILVER,84425,1,1,WEB
M0007594,2,63,13,2022-04-18,2025-12-31,SILVER,140367,1,1,APP
M0007595,2,33,17,2014-02-11,,BRONZE,56962,0,1,PHONE
M0007596,2,45,13,2023-09-30,,GOLD,645652,0,1,APP
M0007597,1,34,27,2014-12-05,2019-06-28,SILVER,296310,1,1,STORE
M0007598,2,35,27,2015-08-16,,BRONZE,158543,1,0,STORE
M0007599,1,50,14,2014-11-12,,SILVER,160260,1,1,APP
M0007600,2,44,23,2017-11-27,,SILVER,199667,0,1,PHONE
M0007601,9,49,24,2022-03-10,,BRONZE,59658,1,1,WEB
M0007602,9,72,12,2012-08-30,,GOLD,295653,0,1,WEB
M0007603,2,17,13,2025-06-24,,BRONZE,38056,0,1,APP
M0007604,2,52,27,2014-11-15,,BRONZE,39005,1,0,WEB
M0007605,2,56,29,2025-06-30,,GOLD,590155,1,1,APP
M0007606,9,49,27,2023-12-02,2025-12-31,BRONZE,72861,0,1,WEB
M0007607,2,23,27,2018-10-06,,BRONZE,54658,1,0,APP
M0007608,1,22,13,2011-06-04,,BRONZE,30201,0,0,APP
M0007609,1,42,18,2019-03-08,,GOLD,379494,1,0,WEB
M0007610,2,42,10,2022-03-14,,BRONZE,96694,0,0,PHONE
M0007611,2,30,14,2025-09-18,2025-12-31,GOLD,532088,1,0,WEB
M0007612,2,62,13,2011-07-25,,SILVER,619043,1,0,WEB
M0007613,2,33,20,2021-12-01,,GOLD,494285,1,1,WEB
M0007614,1,47,13,2014-09-07,,GOLD,1245819,1,0,WEB
M0007615,1,36,11,2021-12-31,,GOLD,784764,1,1,APP
M0007616,2,48,29,2019-04-27,2025-12-31,BRONZE,43327,1,0,WEB
M0007617,1,46,27,2023-11-12,,GOLD,689448,0,0,STORE
M0007618,2,46,40,2010-01-20,,BRONZE,75048,0,0,APP
M0007619,2,65,02,2018-02-01,,GOLD,519545,1,1,WEB
M0007620,2,21,03,2020-10-21,,SILVER,165355,0,1,STORE
M0007621,1,33,11,2016-01-26,,BRONZE,19761,1,1,STORE
M0007622,2,66,11,2015-01-22,,SILVER,342453,1,1,WEB
M0007623,1,34,40,2015-03-29,2019-10-03,SILVER,276760,1,0,APP
M0007624,1,39,23,2021-12-23,,GOLD,272575,0,1,PHONE
M0007625,1,61,14,2013-04-28,,BRONZE,80561,1,0,WEB
M0007626,1,61,27,2025-08-09,,SILVER,245806,0,1,APP
M0007627,2,51,14,2013-05-07,,SILVER,181111,0,1,WEB
M0007628,2,52,11,2016-08-30,,SILVER,88574,1,1,WEB
M0007629,1,22,40,2025-11-21,,BRONZE,24197,0,1,STORE
M0007630,2,63,28,2010-06-25,,BRONZE,68190,0,1,STORE
M0007631,2,20,12,2015-05-21,,GOLD,387654,0,1,PHONE
M0007632,2,21,47,2023-08-01,,SILVER,275614,0,1,STORE
M0007633,2,47,01,2015-01-23,,SILVER,264201,1,1,STORE
M0007634,2,32,10,2014-05-24,,PLATINUM,807473,1,0,WEB
M0007635,1,44,13,2010-01-06,,SILVER,261424,1,1,WEB
M0007636,1,47,17,2012-05-18,,SILVER,185550,1,1,APP
M0007637,2,70,23,2013-02-19,,GOLD,320913,0,1,WEB
M0007638,2,47,32,2024-01-26,,BRONZE,122563,1,1,APP
M0007639,2,29,44,2018-09-28,2025-12-31,SILVER,144640,0,1,PHONE
M0007640,1,52,27,2013-09-20,,PLATINUM,692607,0,1,STORE
M0007641,1,26,39,2022-12-13,2025-12-31,SILVER,387462,0,1,WEB
M0007642,2,56,03,2019-09-08,,BRONZE,66622,1,0,WEB
M0007643,1,41,10,2015-01-20,,BRONZE,112039,0,0,WEB
M0007644,2,47,11,2014-01-24,,BRONZE,23503,1,1,WEB
M0007645,2,31,14,2013-07-13,,GOLD,440860,1,1,APP
M0007646,1,75,21,2021-05-26,2022-08-01,GOLD,395882,0,0,WEB
M0007647,1,31,13,2021-06-17,,GOLD,226629,1,0,WEB
M0007648,1,70,28,2020-05-19,,GOLD,341443,1,1,STORE
M0007649,1,20,13,2017-02-26,,GOLD,378770,0,1,APP
M0007650,2,52,27,2018-02-23,,BRONZE,47187,1,1,APP
M0007651,2,29,09,2024-05-14,,BRONZE,31772,0,1,STORE
M0007652,1,36,16,2018-11-18,,SILVER,235492,1,1,WEB
M0007653,2,39,34,2019-10-31,2025-12-31,GOLD,651579,0,1,APP
M0007654,1,68,08,2013-08-21,,BRONZE,26761,1,1,WEB
M0007655,1,50,03,2017-04-15,,GOLD,328913,0,0,APP
M0007656,2,47,41,2010-05-09,,GOLD,328032,1,1,WEB
M0007657,2,62,23,2017-05-20,2019-09-23,BRONZE,14081,1,1,STORE
M0007658,2,29,12,2022-10-24,,BRONZE,52899,0,0,APP
M0007659,1,58,32,2020-09-24,,SILVER,80153,1,1,WEB
M0007660,2,55,17,2024-03-25,,BRONZE,96594,0,1,STORE
M0007661,1,55,18,2015-06-12,,BRONZE,121316,0,1,APP
M0007662,9,37,23,2022-06-12,,SILVER,194722,0,1,WEB
M0007663,2,33,23,2021-09-19,,SILVER,171800,1,0,STORE
M0007664,2,25,12,2021-04-30,2025-05-03,SILVER,53792,0,0,WEB
M0007665,1,26,06,2022-10-15,,GOLD,319441,0,1,APP
M0007666,2,24,28,2017-07-20,2018-08-08,SILVER,110073,1,1,STORE
M0007667,2,46,27,2015-06-21,,GOLD,396228,1,0,STORE
M0007668,1,36,27,2019-05-06,2024-08-18,BRONZE,23865,1,0,APP
M0007669,2,47,23,2016-02-24,,BRONZE,35737,0,1,WEB
M0007670,2,48,27,2021-01-24,,SILVER,732428,1,1,WEB
M0007671,9,22,11,2023-11-08,,GOLD,229301,1,1,APP
M0007672,1,21,13,2010-06-03,,BRONZE,23816,0,1,WEB
M0007673,2,36,13,2019-12-08,,GOLD,765095,0,0,STORE
M0007674,1,27,29,2016-10-11,,SILVER,61456,0,0,STORE
M0007675,2,25,28,2011-09-05,,BRONZE,28379,0,1,PHONE
M0007676,2,69,19,2013-08-06,,BRONZE,34531,1,1,WEB
M0007677,1,18,13,2023-03-18,2025-07-18,SILVER,89845,0,0,STORE
M0007678,9,74,14,2015-10-31,,SILVER,50362,0,0,PHONE
M0007679,2,45,13,2011-05-26,,BRONZE,50694,1,1,WEB
M0007680,9,57,13,2021-12-27,2025-12-31,SILVER,90636,0,1,APP
M0007681,9,55,13,2013-10-18,,BRONZE,40810,1,0,APP
M0007682,2,50,23,2015-10-25,,SILVER,79769,1,1,APP
M0007683,2,68,13,2013-02-20,,GOLD,521700,1,0,APP
M0007684,2,22,21,2021-10-29,2025-12-31,BRONZE,15091,0,1,STORE
M0007685,1,37,23,2024-09-10,,SILVER,110618,1,1,WEB
M0007686,2,26,27,2025-07-20,,GOLD,1333111,0,0,STORE
M0007687,2,43,26,2011-03-14,,BRONZE,98530,1,1,WEB
M0007688,2,29,23,2024-10-10,,BRONZE,56635,0,0,WEB
M0007689,1,72,14,2020-02-27,,SILVER,400929,1,0,STORE
M0007690,1,37,28,2023-03-31,,GOLD,363828,1,1,WEB
M0007691,1,74,03,2011-03-15,,GOLD,539650,1,0,WEB
M0007692,1,75,28,2023-08-25,,BRONZE,55981,1,0,WEB
M0007693,1,91,39,2015-03-30,2022-10-25,PLATINUM,737596,0,0,APP
M0007694,1,72,14,2016-04-21,,BRONZE,58286,0,0,APP
M0007695,1,80,40,2024-05-02,,BRONZE,53886,1,1,STORE
M0007696,2,46,31,2021-09-15,,SILVER,314597,0,1,WEB
M0007697,1,44,12,2018-03-13,2022-01-12,GOLD,276952,1,1,WEB
M0007698,2,45,44,2020-09-03,,BRONZE,55672,1,0,STORE
M0007699,1,40,20,2015-09-10,,BRONZE,27903,1,0,WEB
M0007700,2,43,23,2025-09-23,,BRONZE,144420,1,0,APP
M0007701,1,53,12,2011-02-13,,SILVER,175701,1,0,APP
M0007702,2,32,40,2019-03-14,,SILVER,461847,0,1,STORE
M0007703,2,17,13,2010-09-17,,SILVER,110345,0,1,WEB
M0007704,2,46,40,2016-11-16,,BRONZE,78175,1,1,WEB
M0007705,1,28,14,2018-02-19,,BRONZE,26672,0,1,WEB
M0007706,2,30,04,2023-05-25,,GOLD,810025,1,1,WEB
M0007707,1,38,03,2025-01-06,,BRONZE,26940,0,1,APP
M0007708,2,34,39,2021-12-29,,BRONZE,201335,0,1,WEB
M0007709,1,59,13,2025-06-05,,BRONZE,44626,0,1,APP
M0007710,2,37,11,2011-12-31,,SILVER,124044,0,0,APP
M0007711,1,60,40,2018-06-01,,GOLD,412989,1,1,APP
M0007712,2,44,23,2019-07-17,,BRONZE,31117,1,1,APP
M0007713,1,38,13,2011-03-28,2020-04-25,BRONZE,34493,0,1,WEB
M0007714,1,43,23,2019-06-24,,GOLD,435087,1,1,STORE
M0007715,1,18,12,2010-09-06,,SILVER,128852,0,1,STORE
M0007716,1,46,14,2020-02-09,,SILVER,90608,1,1,WEB
M0007717,2,54,12,2013-07-18,,BRONZE,68561,1,1,PHONE
M0007718,2,57,27,2025-01-24,,SILVER,77887,1,1,PHONE
M0007719,2,17,40,2015-03-23,,PLATINUM,564513,0,1,WEB
M0007720,1,34,36,2019-08-20,,SILVER,278163,0,0,APP
M0007721,1,31,13,2019-10-01,,GOLD,749512,1,1,PHONE
M0007722,2,64,27,2023-12-03,,SILVER,200663,1,1,PHONE
M0007723,1,44,39,2015-05-24,,BRONZE,35842,1,1,WEB
M0007724,1,27,13,2015-09-26,,BRONZE,54892,0,0,WEB
M0007725,2,15,40,2020-12-05,,GOLD,512041,0,1,WEB
M0007726,1,28,11,2010-12-02,,SILVER,105076,0,1,WEB
M0007727,1,27,12,2018-11-11,,BRONZE,251779,0,0,WEB
M0007728,1,56,01,2016-01-02,,SILVER,252643,1,0,WEB
M0007729,2,57,01,2025-08-25,,PLATINUM,844410,1,1,APP
M0007730,1,22,41,2018-07-10,,BRONZE,13317,1,1,WEB
M0007731,2,53,40,2022-05-05,,BRONZE,37632,1,0,PHONE
M0007732,1,51,23,2023-05-02,,SILVER,257744,1,1,APP
M0007733,1,20,43,2012-05-05,,BRONZE,41754,0,1,WEB
M0007734,1,39,13,2020-02-10,,SILVER,147839,0,1,PHONE
M0007735,2,46,42,2020-11-16,,PLATINUM,900454,1,0,WEB
M0007736,1,43,42,2017-01-28,2021-08-21,SILVER,124197,0,1,APP
M0007737,2,56,42,2013-03-05,,BRONZE,14545,1,1,APP
M0007738,1,42,13,2017-05-23,,PLATINUM,610315,1,1,WEB
M0007739,1,51,28,2010-10-26,,SILVER,297117,0,1,APP
M0007740,1,67,26,2025-12-12,2025-12-31,BRONZE,61035,1,1,APP
M0007741,2,29,14,2011-06-04,,BRONZE,93571,0,0,APP
M0007742,2,31,01,2012-04-06,,SILVER,250186,1,1,APP
M0007743,2,36,27,2012-03-10,,BRONZE,18918,1,1,WEB
M0007744,2,45,13,2013-04-16,,GOLD,304071,1,1,APP
M0007745,2,42,30,2012-12-10,,BRONZE,47231,1,1,STORE
M0007746,2,50,45,2020-01-03,,BRONZE,56838,1,1,APP
M0007747,2,21,13,2011-10-15,,BRONZE,59811,0,1,APP
M0007748,2,47,13,2021-03-23,,GOLD,431317,1,1,STORE
M0007749,1,27,28,2016-07-09,,BRONZE,323853,0,1,APP
M0007750,2,38,13,2016-04-27,,SILVER,477383,1,1,WEB
M0007751,2,69,12,2018-02-25,2022-05-09,GOLD,676343,1,0,WEB
M0007752,1,16,08,2010-07-07,,BRONZE,20831,0,1,APP
M0007753,2,35,40,2018-01-02,2025-12-31,GOLD,388417,1,1,WEB
M0007754,2,18,16,2018-05-09,2023-09-27,SILVER,198975,0,0,WEB
M0007755,1,43,13,2021-12-26,,BRONZE,72835,0,0,WEB
M0007756,2,58,14,2012-04-23,,PLATINUM,543427,1,1,WEB
M0007757,1,43,22,2010-10-27,,GOLD,508580,1,1,PHONE
M0007758,1,38,13,2010-11-24,,BRONZE,45731,0,1,APP
M0007759,1,63,14,2025-05-06,,GOLD,474352,0,1,WEB
M0007760,2,46,01,2015-07-08,,SILVER,82429,1,0,PHONE
M0007761,1,54,27,2013-10-11,,GOLD,790627,1,0,PHONE
M0007762,2,52,23,2012-03-03,,SILVER,92961,1,1,APP
M0007763,1,30,26,2014-02-07,,GOLD,587785,1,0,APP
M0007764,1,39,27,2017-01-09,,GOLD,408240,1,1,WEB
M0007765,2,22,11,2025-07-09,,GOLD,164144,0,1,STORE
M0007766,1,26,13,2022-03-10,2025-12-31,BRONZE,40581,1,1,STORE
M0007767,2,65,07,2023-08-16,,SILVER,152467,1,0,APP
M0007768,1,34,14,2010-10-02,,GOLD,596253,0,0,APP
M0007769,9,72,31,2019-03-11,,PLATINUM,574972,0,1,WEB
M0007770,2,16,13,2017-12-31,,GOLD,337483,0,1,WEB
M0007771,1,22,19,2013-02-14,2022-01-05,BRONZE,40457,0,1,APP
M0007772,1,53,24,2017-12-14,,GOLD,915614,1,1,WEB
M0007773,1,34,18,2019-05-09,,BRONZE,66657,0,1,WEB
M0007774,9,45,10,2010-01-11,,GOLD,566540,0,0,APP
M0007775,2,38,27,2025-09-11,,SILVER,299706,0,1,APP
M0007776,1,38,40,2021-10-24,,GOLD,358738,1,0,WEB
M0007777,1,35,40,2024-10-23,,SILVER,234807,1,1,PHONE
M0007778,2,43,27,2011-06-09,,BRONZE,50338,1,0,WEB
M0007779,1,51,23,2010-12-18,,GOLD,273342,1,1,WEB
M0007780,2,67,06,2024-11-29,,BRONZE,51535,1,0,WEB
M0007781,2,37,11,2024-12-04,,SILVER,146924,0,1,WEB
M0007782,1,33,45,2020-03-25,,GOLD,419998,1,1,STORE
M0007783,2,31,07,2013-03-18,,BRONZE,47264,1,0,WEB
M0007784,1,65,11,2014-08-09,2018-10-29,BRONZE,22056,1,0,WEB
M0007785,1,52,40,2022-09-16,2024-05-04,GOLD,520277,0,1,WEB
M0007786,9,65,28,2024-10-21,,GOLD,398861,1,0,STORE
M0007787,2,40,11,2020-09-29,,BRONZE,89112,1,1,WEB
M0007788,2,26,27,2016-05-29,,BRONZE,102591,0,0,WEB
M0007789,2,44,23,2023-02-24,,BRONZE,99376,1,1,APP
M0007790,1,39,03,2014-03-01,,PLATINUM,852867,1,0,WEB
M0007791,2,49,14,2012-01-26,,SILVER,86226,0,1,WEB
M0007792,2,37,14,2016-02-26,,BRONZE,80164,1,0,WEB
M0007793,1,64,27,2017-06-25,,GOLD,230876,1,1,STORE
M0007794,1,53,40,2019-10-15,,SILVER,416857,1,1,WEB
M0007795,2,41,27,2021-01-05,,SILVER,407011,0,1,APP
M0007796,2,59,17,2021-07-30,,SILVER,98957,1,1,APP
M0007797,1,59,12,2013-04-10,2022-04-19,BRONZE,29047,1,1,WEB
M0007798,2,39,14,2020-08-03,,BRONZE,25651,0,0,WEB
M0007799,1,42,47,2010-09-20,,SILVER,278816,0,0,STORE
M0007800,1,50,12,2024-09-27,2025-12-31,BRONZE,94934,0,1,APP
M0007801,1,27,13,2017-01-27,,SILVER,227225,1,1,WEB
M0007802,2,36,25,2025-04-19,,GOLD,147602,0,0,WEB
M0007803,1,47,16,2023-11-20,,SILVER,281579,1,1,APP
M0007804,2,48,23,2013-02-25,,GOLD,306880,0,0,APP
M0007805,1,60,27,2011-10-14,,GOLD,169617,1,1,STORE
M0007806,2,53,22,2024-08-07,,BRONZE,21523,1,0,STORE
M0007807,2,39,13,2017-11-11,,SILVER,427217,1,1,APP
M0007808,1,51,40,2011-09-16,2013-09-27,SILVER,407866,0,1,STORE
M0007809,2,37,24,2019-09-29,,BRONZE,30946,0,1,STORE
M0007810,1,42,21,2025-04-24,,SILVER,257623,0,0,PHONE
M0007811,1,54,01,2019-08-15,,BRONZE,224598,1,1,WEB
M0007812,2,39,13,2014-02-24,,BRONZE,71345,0,0,STORE
M0007813,2,46,14,2015-05-24,,PLATINUM,719821,0,0,APP
M0007814,1,56,30,2014-04-03,,BRONZE,55904,1,0,WEB
M0007815,2,52,08,2018-08-13,2025-12-31,BRONZE,13676,1,0,PHONE
M0007816,1,61,22,2016-09-29,,SILVER,150493,0,1,WEB
M0007817,2,80,13,2015-06-27,,SILVER,120533,1,0,APP
M0007818,2,52,41,2012-11-28,,PLATINUM,539054,1,0,STORE
M0007819,9,32,27,2010-06-19,,BRONZE,31256,1,0,STORE
M0007820,2,49,14,2023-03-31,,GOLD,303875,1,1,PHONE
M0007821,2,48,29,2022-11-07,,BRONZE,89770,1,1,STORE
M0007822,2,50,40,2011-12-30,,BRONZE,17703,0,0,STORE
M0007823,1,65,12,2013-08-24,,BRONZE,56339,1,1,STORE
M0007824,1,27,28,2017-01-11,,BRONZE,19002,0,1,APP
M0007825,9,66,32,2019-07-15,2025-12-31,GOLD,421291,0,1,PHONE
M0007826,1,71,13,2024-07-07,,BRONZE,27462,0,1,PHONE
M0007827,2,50,13,2021-02-26,,SILVER,179278,1,1,APP
M0007828,1,50,12,2020-03-02,,SILVER,783119,1,1,STORE
M0007829,2,36,29,2021-11-26,2025-12-31,BRONZE,16620,1,1,WEB
M0007830,1,40,38,2019-09-19,,SILVER,204572,1,0,PHONE
M0007831,9,52,40,2024-11-16,,GOLD,802465,1,1,WEB
M0007832,2,51,10,2025-11-30,,SILVER,295360,0,1,WEB
M0007833,1,52,40,2017-03-23,,BRONZE,53442,1,1,STORE
M0007834,2,51,14,2010-05-12,,BRONZE,15204,1,1,STORE
M0007835,2,55,13,2025-11-27,,SILVER,246247,1,1,APP
M0007836,1,53,27,2015-02-12,,BRONZE,47152,1,0,STORE
M0007837,1,23,13,2014-04-16,,BRONZE,62553,0,0,APP
M0007838,2,54,27,2012-01-01,,BRONZE,57508,1,1,APP
M0007839,2,72,14,2022-03-14,,BRONZE,58843,1,1,APP
M0007840,1,40,31,2012-12-14,,PLATINUM,1730032,1,1,APP
M0007841,2,65,27,2025-06-07,,BRONZE,49779,1,1,APP
M0007842,1,24,24,2013-06-16,,BRONZE,37534,0,0,STORE
M0007843,1,39,31,2011-02-28,,SILVER,121955,0,0,WEB
M0007844,2,29,11,2020-01-12,2025-12-31,SILVER,253965,0,1,WEB
M0007845,1,63,09,2013-04-18,,SILVER,122077,1,0,WEB
M0007846,1,68,14,2014-05-10,,SILVER,105905,1,1,STORE
M0007847,2,38,13,2011-09-07,,BRONZE,47661,1,0,WEB
M0007848,1,60,07,2020-08-17,,SILVER,269193,0,1,WEB
M0007849,1,68,01,2013-07-10,,BRONZE,52176,1,1,WEB
M0007850,2,39,11,2021-10-23,,PLATINUM,604320,0,1,APP
M0007851,2,42,35,2014-02-25,,SILVER,106273,0,1,APP
M0007852,2,52,09,2016-06-06,,SILVER,310159,1,1,APP
M0007853,2,26,11,2017-11-14,,BRONZE,23284,1,1,WEB
M0007854,2,42,13,2018-08-01,,SILVER,265979,1,1,APP
M0007855,1,76,33,2023-04-01,,SILVER,263513,1,1,WEB
M0007856,2,31,46,2012-02-11,,SILVER,254246,0,1,WEB
M0007857,1,55,12,2013-08-24,,PLATINUM,500982,1,0,WEB
M0007858,1,49,18,2022-01-16,,BRONZE,37896,1,1,APP
M0007859,2,37,23,2023-09-09,,BRONZE,207648,1,1,WEB
M0007860,2,44,27,2016-09-15,,BRONZE,70199,1,1,STORE
M0007861,2,70,37,2010-02-03,,BRONZE,101892,1,1,WEB
M0007862,1,49,05,2023-05-10,,SILVER,124029,1,1,WEB
M0007863,1,52,28,2019-10-14,,GOLD,169051,1,1,PHONE
M0007864,2,67,04,2018-06-03,,BRONZE,53934,1,1,PHONE
M0007865,2,35,23,2016-03-24,,BRONZE,29955,0,1,WEB
M0007866,2,22,13,2021-02-23,,BRONZE,32319,0,1,PHONE
M0007867,1,70,02,2014-08-14,,SILVER,296753,1,0,WEB
M0007868,1,42,13,2015-09-27,,GOLD,298611,0,1,WEB
M0007869,2,55,27,2022-04-21,,SILVER,358249,1,1,STORE
M0007870,2,27,13,2015-12-13,,SILVER,312639,0,1,STORE
M0007871,1,47,14,2025-02-22,,GOLD,527092,1,1,WEB
M0007872,1,21,36,2016-12-25,,GOLD,300631,0,1,STORE
M0007873,1,41,13,2018-12-31,,BRONZE,14767,1,0,WEB
M0007874,1,29,14,2020-03-05,2024-12-19,SILVER,288549,0,1,PHONE
M0007875,2,25,17,2021-03-08,,SILVER,95523,1,1,WEB
M0007876,1,35,31,2018-02-08,,BRONZE,130859,0,0,WEB
M0007877,2,42,10,2015-10-23,2023-04-17,SILVER,306833,1,1,WEB
M0007878,2,20,44,2022-11-14,,SILVER,85678,1,0,WEB
M0007879,9,53,06,2021-06-16,,BRONZE,93581,1,1,WEB
M0007880,2,46,15,2010-11-17,2013-05-10,BRONZE,27842,1,1,WEB
M0007881,1,22,11,2020-01-02,,SILVER,117256,1,1,WEB
M0007882,1,49,14,2024-05-29,,BRONZE,85371,1,1,WEB
M0007883,1,25,11,2018-12-17,,SILVER,131958,0,0,WEB
M0007884,2,52,18,2024-10-25,,BRONZE,80176,1,1,WEB
M0007885,1,38,12,2016-03-30,,GOLD,480246,0,0,WEB
M0007886,1,34,18,2013-11-27,,SILVER,91287,1,0,APP
M0007887,1,38,01,2017-12-24,,BRONZE,52778,1,1,APP
M0007888,1,84,10,2011-08-12,,GOLD,366303,1,1,WEB
M0007889,2,27,13,2011-01-13,2013-12-11,BRONZE,69779,1,0,APP
M0007890,2,44,14,2019-02-24,,GOLD,381657,1,1,STORE
M0007891,2,53,28,2010-06-23,,PLATINUM,625113,1,1,WEB
M0007892,2,24,13,2011-01-11,,SILVER,174837,0,0,APP
M0007893,1,48,37,2017-04-14,,GOLD,728600,0,1,APP
M0007894,1,30,27,2013-09-04,,GOLD,1188966,1,1,STORE
M0007895,1,53,13,2012-11-15,,SILVER,196916,1,1,STORE
M0007896,2,34,02,2018-02-14,,BRONZE,74519,0,1,STORE
M0007897,2,36,27,2015-03-31,,BRONZE,65445,1,1,WEB
M0007898,1,55,28,2019-10-28,2024-10-23,BRONZE,55580,1,1,APP
M0007899,9,26,27,2016-10-23,,SILVER,388553,0,0,APP
M0007900,1,38,13,2013-02-09,,BRONZE,53094,0,1,APP
M0007901,1,37,10,2021-04-08,,SILVER,365393,1,1,APP
M0007902,2,45,40,2024-12-03,,BRONZE,33613,1,0,PHONE
M0007903,2,44,28,2021-08-19,,GOLD,293644,1,1,PHONE
M0007904,2,54,27,2012-11-25,,BRONZE,94431,1,1,APP
M0007905,9,21,28,2018-12-03,,SILVER,174796,1,1,WEB
M0007906,1,37,11,2012-06-16,,BRONZE,200142,1,1,APP
M0007907,2,18,13,2010-06-01,,SILVER,237278,0,1,PHONE
M0007908,2,36,09,2012-08-06,,BRONZE,22830,0,0,WEB
M0007909,2,65,28,2022-12-14,,SILVER,161368,1,1,WEB
M0007910,1,35,38,2024-11-15,,BRONZE,51218,0,1,STORE
M0007911,9,17,22,2019-07-23,2025-12-31,SILVER,132477,0,1,STORE
M0007912,1,28,28,2024-01-23,,SILVER,212962,0,0,WEB
M0007913,1,45,13,2016-07-21,,GOLD,651983,1,0,WEB
M0007914,2,18,16,2010-07-13,,BRONZE,25315,0,1,WEB
M0007915,2,51,28,2024-06-20,,BRONZE,73503,1,1,APP
M0007916,9,15,26,2021-08-17,,PLATINUM,757557,0,1,APP
M0007917,2,45,28,2020-07-17,,SILVER,185481,0,1,WEB
M0007918,1,40,13,2011-03-06,,SILVER,222371,1,1,STORE
M0007919,2,31,24,2025-05-27,,BRONZE,67396,1,1,WEB
M0007920,1,44,21,2011-03-17,2013-11-29,SILVER,278673,1,1,WEB
M0007921,2,24,13,2010-04-01,,BRONZE,43955,0,0,WEB
M0007922,1,54,04,2011-03-21,2018-11-02,GOLD,1045634,1,1,STORE
M0007923,2,28,23,2025-01-21,2025-12-31,BRONZE,33050,1,1,APP
M0007924,2,33,28,2023-04-11,,SILVER,108688,1,1,WEB
M0007925,2,31,34,2011-10-24,,BRONZE,35907,1,1,APP
M0007926,1,52,27,2016-11-02,,BRONZE,29358,1,0,STORE
M0007927,1,49,13,2018-06-16,,BRONZE,14983,1,1,STORE
M0007928,1,50,27,2018-11-30,2023-09-06,SILVER,163084,0,0,WEB
M0007929,1,44,37,2013-03-25,,SILVER,294788,1,1,WEB
M0007930,2,16,27,2010-06-30,,SILVER,106114,0,1,STORE
M0007931,1,34,03,2010-06-30,,GOLD,802803,0,1,WEB
M0007932,2,38,20,2024-05-31,,BRONZE,118206,1,1,APP
M0007933,1,34,24,2019-12-13,2025-12-31,GOLD,341595,0,1,STORE
M0007934,1,49,13,2025-09-17,,GOLD,394642,1,1,APP
M0007935,2,52,13,2023-10-07,,SILVER,153195,0,0,APP
M0007936,1,27,46,2013-10-06,,SILVER,332302,0,0,STORE
M0007937,1,26,23,2011-06-09,,PLATINUM,976457,0,1,STORE
M0007938,1,39,13,2020-07-03,,GOLD,225026,1,0,STORE
M0007939,1,34,13,2013-08-07,,BRONZE,79845,0,1,PHONE
M0007940,2,32,22,2020-11-10,,SILVER,138150,1,1,STORE
M0007941,1,63,36,2025-06-25,,SILVER,211141,1,1,APP
M0007942,1,31,23,2025-06-17,,BRONZE,123374,1,1,WEB
M0007943,2,34,40,2014-01-08,,BRONZE,39168,1,1,WEB
M0007944,2,30,06,2017-09-28,,SILVER,215557,1,1,STORE
M0007945,2,74,13,2021-04-26,,SILVER,264963,1,1,WEB
M0007946,1,31,35,2013-10-22,,SILVER,193498,1,0,STORE
M0007947,2,32,27,2019-01-04,,GOLD,358261,1,0,WEB
M0007948,1,22,27,2015-10-07,,GOLD,290104,0,1,WEB
M0007949,1,40,14,2019-03-08,,BRONZE,70460,1,1,APP
M0007950,2,45,13,2020-03-26,,BRONZE,27624,1,1,WEB
M0007951,2,25,40,2024-01-09,,SILVER,134703,1,0,PHONE
M0007952,2,57,08,2017-07-24,,BRONZE,33559,1,0,STORE
M0007953,2,45,23,2014-08-06,,PLATINUM,1493809,1,1,APP
M0007954,1,54,02,2011-04-10,,SILVER,144347,1,1,WEB
M0007955,2,34,27,2021-03-12,,BRONZE,209891,1,1,STORE
M0007956,2,44,40,2022-12-02,,BRONZE,38506,1,1,STORE
M0007957,1,36,23,2016-07-27,2017-10-19,SILVER,457717,1,0,APP
M0007958,1,65,28,2023-10-30,,BRONZE,82487,1,0,WEB
M0007959,1,42,27,2017-08-03,2023-03-17,BRONZE,59611,1,0,STORE
M0007960,2,40,22,2017-08-27,,BRONZE,18833,1,1,WEB
M0007961,1,32,13,2010-09-29,,SILVER,153163,1,1,APP
M0007962,1,31,13,2018-05-18,,SILVER,148239,1,0,WEB
M0007963,2,44,27,2019-07-09,,BRONZE,45506,1,1,STORE
M0007964,2,54,12,2017-11-12,,SILVER,158774,0,1,WEB
M0007965,1,28,13,2018-08-09,2025-12-31,SILVER,174690,0,0,WEB
M0007966,2,42,13,2018-06-23,,GOLD,540372,0,1,WEB
M0007967,2,43,11,2021-03-09,,BRONZE,65136,0,1,APP
M0007968,2,46,14,2011-08-23,,BRONZE,82174,1,0,WEB
M0007969,1,32,13,2018-06-28,,GOLD,285647,1,0,STORE
M0007970,1,24,12,2016-12-09,,BRONZE,11450,0,1,PHONE
M0007971,2,17,12,2015-07-19,,GOLD,324228,0,0,STORE
M0007972,1,41,13,2017-03-02,,SILVER,163083,0,1,STORE
M0007973,2,25,27,2020-11-12,,BRONZE,25439,0,1,WEB
M0007974,1,32,40,2025-12-18,,SILVER,265241,1,1,APP
M0007975,2,20,46,2013-07-16,,BRONZE,49710,0,0,WEB
M0007976,2,33,18,2010-10-12,,GOLD,489104,0,1,STORE
M0007977,2,21,14,2015-08-05,,BRONZE,20703,1,1,STORE
M0007978,9,53,44,2014-12-30,2016-05-04,GOLD,373494,1,1,WEB
M0007979,2,48,11,2011-02-10,,SILVER,210425,1,1,WEB
M0007980,1,43,40,2017-12-08,,SILVER,148890,1,1,STORE
M0007981,1,35,41,2018-04-16,,SILVER,287031,1,1,APP
M0007982,2,47,10,2023-07-23,2025-12-31,PLATINUM,561456,1,1,WEB
M0007983,2,32,28,2021-03-06,,GOLD,629286,1,1,WEB
M0007984,9,27,01,2017-05-19,2023-03-15,GOLD,375566,0,1,WEB
M0007985,2,44,44,2020-07-10,,GOLD,512569,1,1,WEB
M0007986,1,51,13,2014-08-28,,BRONZE,117363,1,1,WEB
M0007987,2,46,14,2012-07-04,,BRONZE,47868,1,1,STORE
M0007988,2,61,11,2018-07-26,,BRONZE,59745,1,0,APP
M0007989,2,30,46,2017-12-13,,PLATINUM,719659,1,1,WEB
M0007990,2,30,13,2014-10-02,2021-07-31,PLATINUM,1140438,1,1,STORE
M0007991,2,58,13,2024-05-24,,BRONZE,123854,1,1,WEB
M0007992,2,43,11,2018-10-10,,BRONZE,21366,1,1,PHONE
M0007993,1,36,13,2019-01-30,,SILVER,230248,0,1,PHONE
M0007994,2,71,04,2021-01-14,,SILVER,330057,0,1,PHONE
M0007995,1,50,40,2014-08-24,,SILVER,234278,1,1,WEB
M0007996,1,37,29,2018-06-29,,GOLD,267638,1,0,WEB
M0007997,1,28,15,2024-05-06,,SILVER,187589,0,1,WEB
M0007998,2,63,11,2019-10-03,,SILVER,153552,0,1,APP
M0007999,1,44,29,2023-08-19,,SILVER,215055,0,0,WEB
M0008000,9,40,13,2010-08-15,2017-03-17,SILVER,240283,0,1,APP
M0008001,2,51,28,2021-07-11,2024-11-20,SILVER,199795,0,0,WEB
M0008002,2,55,01,2020-07-17,,SILVER,160445,1,1,WEB
M0008003,1,49,27,2024-05-13,,GOLD,329591,0,1,STORE
M0008004,1,55,13,2025-07-07,,PLATINUM,554079,0,0,STORE
M0008005,2,48,23,2012-03-24,2020-07-30,SILVER,273594,1,1,WEB
M0008006,2,49,23,2017-11-13,,BRONZE,69111,1,1,STORE
M0008007,2,28,12,2024-12-02,,GOLD,660745,0,1,STORE
M0008008,2,71,27,2022-11-05,,SILVER,211100,1,0,PHONE
M0008009,2,19,13,2011-08-15,,BRONZE,43956,0,0,STORE
M0008010,2,45,45,2018-10-13,,SILVER,201873,1,0,WEB
M0008011,9,17,13,2015-07-30,,BRONZE,39289,0,0,WEB
M0008012,2,38,47,2021-04-07,2025-04-14,GOLD,230636,0,0,PHONE
M0008013,2,30,08,2018-03-16,,BRONZE,42752,1,1,WEB
M0008014,1,42,01,2014-12-17,,BRONZE,55897,1,1,PHONE
M0008015,1,46,14,2016-09-04,,GOLD,608082,1,1,WEB
M0008016,1,24,32,2025-06-21,,BRONZE,5160,1,1,STORE
M0008017,2,39,36,2015-11-08,,SILVER,279367,1,1,STORE
M0008018,2,64,08,2013-06-11,,BRONZE,101537,1,1,STORE
M0008019,1,18,07,2011-10-20,,BRONZE,15698,0,1,WEB
M0008020,2,25,23,2012-07-18,,BRONZE,173156,1,0,WEB
M0008021,1,55,13,2010-11-08,,BRONZE,25725,1,1,APP
M0008022,1,41,47,2010-09-24,,SILVER,192508,1,0,STORE
M0008023,2,43,13,2018-07-14,,SILVER,201220,1,0,PHONE
M0008024,1,57,23,2018-08-29,2025-12-31,PLATINUM,1200425,1,1,APP
M0008025,1,27,40,2022-09-24,,BRONZE,24955,0,0,PHONE
M0008026,2,31,18,2019-11-26,,BRONZE,66393,1,1,STORE
M0008027,1,29,10,2013-01-23,,SILVER,274262,0,1,WEB
M0008028,2,34,01,2020-05-23,,BRONZE,60462,1,1,APP
M0008029,9,63,13,2017-02-04,,BRONZE,58267,1,1,STORE
M0008030,2,31,27,2012-10-03,,SILVER,298500,1,0,APP
M0008031,2,20,13,2020-05-27,,SILVER,221815,0,1,WEB
M0008032,1,17,45,2020-06-03,,BRONZE,45089,0,0,WEB
M0008033,2,64,13,2016-10-08,,GOLD,335541,0,1,STORE
M0008034,1,30,44,2012-08-22,,BRONZE,45315,0,0,WEB
M0008035,1,34,13,2010-06-23,2016-05-08,BRONZE,38656,0,1,STORE
M0008036,2,57,31,2022-01-30,,BRONZE,75160,0,1,STORE
M0008037,1,36,28,2012-06-29,,PLATINUM,809769,1,1,WEB
M0008038,2,55,26,2014-05-28,,BRONZE,30811,1,0,APP
M0008039,1,44,12,2020-10-22,,BRONZE,54354,1,1,APP
M0008040,2,38,18,2016-10-02,,BRONZE,15268,0,1,PHONE
M0008041,1,36,09,2023-02-19,2024-06-10,SILVER,136460,0,1,STORE
M0008042,1,34,27,2015-11-17,,BRONZE,59730,0,1,WEB
M0008043,2,42,39,2024-04-10,2025-12-31,BRONZE,53567,1,1,STORE
M0008044,2,23,12,2015-11-19,,SILVER,193079,0,1,WEB
M0008045,2,51,27,2011-04-28,,GOLD,199635,1,1,STORE
M0008046,1,55,14,2021-07-15,,SILVER,204399,1,1,PHONE
M0008047,2,31,23,2020-07-24,,SILVER,243286,1,0,APP
M0008048,9,52,33,2025-12-18,,PLATINUM,604932,1,1,PHONE
M0008049,2,38,21,2011-08-03,,BRONZE,48587,1,1,WEB
M0008050,2,60,14,2018-06-09,,SILVER,497752,1,1,WEB
M0008051,1,75,05,2021-05-10,,BRONZE,140308,1,1,APP
M0008052,2,21,13,2016-06-01,,SILVER,144015,1,1,APP
M0008053,2,53,14,2014-03-13,,SILVER,202215,1,1,WEB
M0008054,2,62,29,2014-09-13,2022-02-26,GOLD,320156,1,1,STORE
M0008055,2,23,13,2010-03-04,,SILVER,120762,1,1,STORE
M0008056,2,30,14,2019-12-29,2025-12-31,BRONZE,142370,1,1,APP
M0008057,2,30,13,2022-06-15,,PLATINUM,1119655,1,1,APP
M0008058,1,38,13,2017-03-21,,BRONZE,94834,0,1,APP
M0008059,2,34,13,2010-08-18,,BRONZE,93387,1,0,STORE
M0008060,2,37,13,2022-05-14,,GOLD,603608,1,1,APP
M0008061,2,54,23,2024-07-13,2025-12-31,SILVER,181715,1,1,APP
M0008062,1,22,35,2019-09-16,,GOLD,905833,0,1,WEB
M0008063,2,23,13,2011-05-24,,BRONZE,43071,0,1,APP
M0008064,2,51,32,2016-08-04,,BRONZE,62004,1,0,PHONE
M0008065,2,49,02,2019-02-08,,BRONZE,67687,1,0,WEB
M0008066,1,22,13,2025-04-01,2025-12-31,BRONZE,60986,0,1,STORE
M0008067,1,50,14,2017-12-26,,SILVER,142540,0,1,WEB
M0008068,1,63,27,2010-03-07,,BRONZE,44678,1,1,STORE
M0008069,1,39,20,2021-04-09,,BRONZE,73074,1,0,STORE
M0008070,9,23,09,2021-01-12,,SILVER,93567,0,0,WEB
M0008071,1,55,14,2013-10-08,2019-09-08,BRONZE,52313,1,1,WEB
M0008072,2,69,13,2016-07-28,,BRONZE,57090,1,1,WEB
M0008073,1,25,13,2010-09-08,,BRONZE,95046,0,0,APP
M0008074,1,41,01,2011-12-12,,BRONZE,31587,0,1,STORE
M0008075,9,59,13,2014-12-23,,BRONZE,54853,1,1,WEB
M0008076,2,42,23,2011-06-26,,SILVER,75226,1,1,APP
M0008077,1,48,01,2014-06-02,,SILVER,141266,1,1,PHONE
M0008078,1,48,05,2020-05-22,,SILVER,146216,1,1,STORE
M0008079,9,23,13,2016-02-15,,BRONZE,42183,1,1,WEB
M0008080,9,18,11,2012-05-13,,BRONZE,19612,1,1,STORE
M0008081,1,54,11,2019-12-29,,PLATINUM,960461,0,1,WEB
M0008082,2,60,26,2023-09-12,,BRONZE,132395,1,0,WEB
M0008083,1,26,11,2019-06-13,,GOLD,949096,1,1,PHONE
M0008084,2,46,40,2014-12-23,,BRONZE,28054,1,1,WEB
M0008085,1,50,13,2022-11-28,,SILVER,194204,1,0,WEB
M0008086,2,43,05,2015-07-03,,SILVER,152732,1,0,WEB
M0008087,2,45,01,2010-03-30,,SILVER,335146,0,1,WEB
M0008088,1,46,08,2020-07-24,,BRONZE,136299,0,1,WEB
M0008089,2,42,12,2021-07-01,,GOLD,310149,0,1,STORE
M0008090,1,27,33,2013-07-10,,SILVER,224011,1,1,APP
M0008091,1,26,33,2016-01-12,,SILVER,289843,1,0,WEB
M0008092,1,38,14,2010-02-11,,GOLD,619493,1,0,APP
M0008093,1,38,27,2017-07-09,,BRONZE,19538,1,0,STORE
M0008094,9,47,38,2017-02-18,2019-06-22,SILVER,326960,0,1,PHONE
M0008095,1,59,07,2014-02-17,,PLATINUM,1341210,1,0,STORE
M0008096,2,46,44,2018-06-12,,PLATINUM,901109,0,1,APP
M0008097,1,26,23,2020-11-11,,BRONZE,17539,0,0,WEB
M0008098,2,41,43,2017-02-18,,GOLD,376202,0,0,APP
M0008099,2,27,13,2022-09-24,2025-12-31,BRONZE,39518,0,0,WEB
M0008100,2,17,01,2017-04-30,,SILVER,280095,0,1,WEB
M0008101,1,28,23,2016-07-19,,SILVER,325323,0,1,APP
M0008102,1,44,13,2020-08-26,,SILVER,128562,1,1,APP
M0008103,2,41,27,2012-09-28,,BRONZE,66055,1,1,STORE
M0008104,2,72,13,2023-07-14,,BRONZE,55928,1,0,APP
M0008105,2,48,13,2019-09-06,,BRONZE,123607,0,1,APP
M0008106,1,72,42,2015-11-07,2024-02-27,BRONZE,24792,1,0,STORE
M0008107,1,52,44,2013-10-02,,BRONZE,95607,1,1,STORE
M0008108,2,58,34,2022-08-23,,SILVER,307331,1,0,APP
M0008109,2,34,46,2010-03-23,,SILVER,234744,1,0,WEB
M0008110,2,22,26,2011-01-02,,SILVER,313697,0,1,WEB
M0008111,1,32,39,2019-09-22,,SILVER,202596,1,1,WEB
M0008112,1,40,27,2017-09-07,,BRONZE,15661,1,1,APP
M0008113,2,29,27,2012-10-01,,GOLD,352368,0,1,PHONE
M0008114,2,23,31,2016-01-08,,BRONZE,20329,0,0,WEB
M0008115,1,47,11,2022-07-12,,BRONZE,41586,1,1,WEB
M0008116,2,23,08,2017-06-15,,BRONZE,18516,0,1,WEB
M0008117,2,27,28,2018-06-14,,GOLD,672925,0,0,WEB
M0008118,1,21,14,2011-06-19,,SILVER,283562,0,0,APP
M0008119,1,36,14,2021-07-16,,BRONZE,73332,1,0,PHONE
M0008120,2,23,15,2012-03-22,2016-12-27,PLATINUM,735294,0,0,STORE
M0008121,1,36,23,2013-09-26,,SILVER,210242,0,1,STORE
M0008122,2,50,14,2014-09-12,,SILVER,214475,0,0,PHONE
M0008123,2,50,01,2016-11-23,,BRONZE,31700,1,0,APP
M0008124,1,29,40,2014-05-18,,BRONZE,100904,0,1,WEB
M0008125,2,18,11,2023-01-20,,BRONZE,73471,1,1,WEB
M0008126,1,30,04,2016-02-29,,BRONZE,31168,0,1,WEB
M0008127,1,51,11,2010-07-27,,GOLD,492805,1,0,APP
M0008128,2,55,42,2017-04-26,,BRONZE,39075,1,1,APP
M0008129,2,46,23,2011-12-22,,BRONZE,46969,1,0,STORE
M0008130,1,60,43,2013-07-16,,BRONZE,129035,1,1,WEB
M0008131,2,69,29,2019-06-18,,SILVER,237178,1,1,APP
M0008132,2,32,34,2019-11-28,,BRONZE,25850,1,0,STORE
M0008133,2,65,17,2020-08-31,,BRONZE,8068,1,1,WEB
M0008134,2,36,01,2016-01-06,,BRONZE,37172,0,0,PHONE
M0008135,1,57,23,2023-05-29,2025-12-31,GOLD,493554,1,0,WEB
M0008136,1,52,28,2010-12-18,,SILVER,170892,1,1,WEB
M0008137,2,46,27,2016-01-25,,SILVER,263657,1,1,WEB
M0008138,1,24,27,2013-11-25,,SILVER,74882,0,0,PHONE
M0008139,2,19,13,2010-08-30,2017-08-26,GOLD,184038,1,1,APP
M0008140,1,16,15,2018-12-18,,BRONZE,18387,0,1,APP
M0008141,1,55,13,2010-11-29,,GOLD,305739,0,1,STORE
M0008142,1,75,28,2019-09-17,,BRONZE,14547,1,1,WEB
M0008143,1,36,13,2023-09-05,,PLATINUM,877323,1,1,APP
M0008144,1,55,13,2022-10-18,,SILVER,254702,1,1,WEB
M0008145,2,65,23,2020-11-25,,GOLD,266792,1,0,WEB
M0008146,2,44,32,2013-12-05,,SILVER,105891,0,0,STORE
M0008147,1,40,14,2020-06-16,,BRONZE,48727,1,0,STORE
M0008148,1,36,37,2018-12-30,,SILVER,263877,0,1,STORE
M0008149,2,49,13,2017-11-28,,BRONZE,21992,1,0,STORE
M0008150,1,55,11,2017-08-14,,SILVER,42013,0,1,STORE
M0008151,2,48,13,2012-04-08,,BRONZE,63339,1,1,STORE
M0008152,2,47,14,2023-07-30,,GOLD,552426,0,1,WEB
M0008153,2,39,13,2023-05-21,,BRONZE,21543,0,1,WEB
M0008154,2,53,13,2021-09-06,,SILVER,80722,1,1,WEB
M0008155,2,55,07,2018-10-06,2025-12-31,GOLD,603050,0,1,WEB
M0008156,9,18,12,2012-02-11,2019-09-27,SILVER,164286,0,1,WEB
M0008157,2,51,27,2020-02-26,,SILVER,207166,1,1,WEB
M0008158,1,53,35,2025-05-05,,SILVER,176263,1,1,APP
M0008159,1,21,05,2012-02-14,,BRONZE,316134,1,0,STORE
M0008160,1,30,14,2015-09-07,,BRONZE,104949,0,1,WEB
M0008161,1,76,40,2024-06-29,,GOLD,630648,1,1,STORE
M0008162,2,39,14,2025-04-10,,PLATINUM,1104802,1,0,APP
M0008163,1,19,26,2017-02-17,,SILVER,229610,0,1,APP
M0008164,1,54,23,2014-07-25,,GOLD,308837,1,1,APP
M0008165,1,27,13,2014-08-04,2024-04-01,GOLD,909526,0,1,WEB
M0008166,2,58,27,2017-07-03,,BRONZE,29932,1,1,WEB
M0008167,2,49,14,2015-02-11,,BRONZE,29142,1,1,PHONE
M0008168,9,24,40,2018-10-22,,SILVER,255044,0,0,WEB
M0008169,1,45,01,2011-04-11,,BRONZE,43772,0,0,PHONE
M0008170,1,26,43,2011-01-07,,BRONZE,83704,0,0,PHONE
M0008171,9,52,27,2010-01-28,,BRONZE,36545,0,1,STORE
M0008172,2,43,14,2021-06-14,,SILVER,708940,1,1,STORE
M0008173,2,37,13,2024-10-11,,SILVER,204445,1,1,WEB
M0008174,2,46,40,2011-09-04,,BRONZE,22173,0,0,PHONE
M0008175,1,35,03,2024-08-21,2025-12-31,BRONZE,18107,1,1,STORE
M0008176,2,64,43,2012-08-17,,SILVER,285158,1,1,WEB
M0008177,2,47,10,2010-10-09,,SILVER,132160,1,1,WEB
M0008178,2,53,13,2014-08-24,,GOLD,405505,1,0,STORE
M0008179,2,28,34,2014-09-06,,BRONZE,49348,0,1,STORE
M0008180,1,27,26,2025-05-16,,SILVER,152150,1,0,WEB
M0008181,1,40,27,2011-10-20,2014-01-13,BRONZE,30108,1,0,STORE
M0008182,2,34,39,2025-07-27,2025-12-31,PLATINUM,1228921,1,1,WEB
M0008183,2,63,08,2023-10-16,,GOLD,394784,1,1,PHONE
M0008184,1,37,19,2017-10-30,,BRONZE,60961,1,1,WEB
M0008185,1,19,11,2020-10-08,,BRONZE,9029,0,1,STORE
M0008186,2,26,27,2018-07-14,2025-02-09,BRONZE,69601,0,1,APP
M0008187,1,56,21,2024-07-24,,BRONZE,39940,1,1,STORE
M0008188,1,37,11,2013-05-23,,SILVER,132671,0,1,STORE
M0008189,2,36,44,2025-04-16,,BRONZE,14643,1,1,STORE
M0008190,2,58,13,2016-09-09,,BRONZE,64429,1,1,APP
M0008191,2,24,14,2024-11-29,,BRONZE,56706,0,1,STORE
M0008192,2,27,10,2025-10-01,,GOLD,429444,1,0,WEB
M0008193,1,26,28,2023-07-27,,BRONZE,28426,0,0,APP
M0008194,2,44,11,2022-08-27,,BRONZE,78610,1,1,APP
M0008195,2,36,06,2016-12-15,,BRONZE,19218,1,1,APP
M0008196,2,66,10,2021-02-27,,BRONZE,8525,1,1,WEB
M0008197,2,57,28,2013-12-01,,BRONZE,44394,1,0,WEB
M0008198,1,43,14,2014-06-16,,GOLD,498010,1,1,WEB
M0008199,1,47,01,2021-11-12,,PLATINUM,723439,1,1,WEB
M0008200,1,47,28,2022-03-18,,BRONZE,26875,1,1,STORE
M0008201,1,18,21,2014-03-09,,BRONZE,16722,0,0,APP
M0008202,9,45,12,2025-06-19,,BRONZE,74550,0,1,WEB
M0008203,1,55,23,2020-11-30,,BRONZE,58112,0,1,WEB
M0008204,2,59,13,2025-10-22,,GOLD,594749,0,1,WEB
M0008205,1,52,13,2017-08-30,,SILVER,189286,0,1,APP
M0008206,1,49,14,2019-08-07,2025-12-31,BRONZE,157618,1,1,WEB
M0008207,1,54,01,2020-06-09,,BRONZE,66948,1,1,STORE
M0008208,1,40,20,2012-07-28,,BRONZE,73623,1,1,WEB
M0008209,2,24,43,2014-06-22,,BRONZE,21706,0,1,WEB
M0008210,9,62,01,2025-06-05,,SILVER,190074,1,1,PHONE
M0008211,1,59,09,2020-10-12,,SILVER,336724,1,1,APP
M0008212,9,24,01,2018-08-30,,BRONZE,8942,0,1,WEB
M0008213,2,39,11,2010-01-17,,BRONZE,199650,0,1,STORE
M0008214,2,44,01,2010-08-13,,GOLD,681481,1,1,WEB
M0008215,1,55,40,2018-11-27,,SILVER,237732,0,1,STORE
M0008216,1,74,11,2011-04-22,,BRONZE,60004,1,1,WEB
M0008217,2,71,37,2012-04-11,,SILVER,331680,1,1,WEB
M0008218,2,41,28,2019-03-28,,GOLD,408091,1,1,STORE
M0008219,1,37,13,2025-05-17,,BRONZE,153655,1,0,APP
M0008220,2,43,23,2023-05-14,,GOLD,466261,1,1,WEB
M0008221,1,50,42,2017-06-13,,GOLD,312564,1,1,WEB
M0008222,2,61,13,2025-01-24,,BRONZE,18585,1,1,STORE
M0008223,1,29,44,2019-09-12,,GOLD,590150,0,1,APP
M0008224,2,43,46,2025-02-10,,BRONZE,101147,1,1,WEB
M0008225,1,51,28,2013-10-21,,BRONZE,61205,1,1,APP
M0008226,1,20,14,2019-04-05,,GOLD,400422,1,1,WEB
M0008227,2,56,13,2024-10-04,2025-12-31,BRONZE,105177,0,0,WEB
M0008228,1,45,13,2025-09-14,2025-12-31,BRONZE,75062,1,1,WEB
M0008229,2,30,40,2023-10-06,,SILVER,393427,1,1,APP
M0008230,2,42,19,2012-05-24,,SILVER,204075,0,1,PHONE
M0008231,1,38,41,2019-11-26,,BRONZE,42596,1,0,STORE
M0008232,1,53,13,2011-07-08,,GOLD,329763,1,1,STORE
M0008233,2,34,23,2016-02-15,,BRONZE,60863,1,0,STORE
M0008234,2,44,23,2010-06-26,2011-09-25,BRONZE,39051,1,1,APP
M0008235,2,29,40,2022-02-24,,SILVER,189843,0,1,STORE
M0008236,1,24,23,2022-05-22,,GOLD,218928,1,1,APP
M0008237,2,43,38,2011-06-25,,SILVER,93309,1,1,WEB
M0008238,2,25,11,2024-08-31,2025-12-31,SILVER,152461,0,1,WEB
M0008239,2,54,13,2023-06-07,,PLATINUM,715255,1,0,APP
M0008240,1,50,02,2023-06-09,,BRONZE,89839,1,1,APP
M0008241,1,27,13,2017-02-26,,SILVER,133452,1,1,WEB
M0008242,9,44,41,2025-01-13,,SILVER,136393,1,0,STORE
M0008243,9,27,41,2025-09-24,,GOLD,479894,0,1,APP
M0008244,1,21,13,2018-10-08,,GOLD,607112,0,1,STORE
M0008245,2,30,28,2016-01-22,,BRONZE,28643,1,0,WEB
M0008246,1,39,21,2022-03-18,2025-12-31,GOLD,848705,1,1,STORE
M0008247,1,49,11,2010-09-15,,SILVER,161811,1,0,WEB
M0008248,1,43,11,2015-05-22,,GOLD,268224,1,1,WEB
M0008249,1,55,44,2010-01-26,,BRONZE,30578,1,1,WEB
M0008250,1,23,27,2022-04-07,2025-12-31,GOLD,523164,0,0,APP
M0008251,1,34,23,2010-09-09,,GOLD,619087,1,1,STORE
M0008252,1,68,13,2022-01-18,,GOLD,665588,1,1,WEB
M0008253,2,54,14,2019-01-19,,GOLD,544281,1,1,STORE
M0008254,2,32,30,2016-12-20,,BRONZE,44678,1,1,STORE
M0008255,2,22,08,2020-02-05,,GOLD,314931,1,0,WEB
M0008256,1,37,01,2010-09-13,,SILVER,260186,1,1,STORE
M0008257,2,33,13,2022-12-24,,SILVER,231208,0,1,STORE
M0008258,1,50,30,2014-04-06,,BRONZE,76906,0,1,STORE
M0008259,2,44,14,2023-06-25,,BRONZE,51900,1,1,WEB
M0008260,2,18,23,2024-03-01,,SILVER,262267,0,0,APP
M0008261,1,30,27,2018-10-24,,BRONZE,39765,1,0,STORE
M0008262,1,40,23,2019-05-25,,GOLD,616226,1,1,WEB
M0008263,2,53,28,2024-10-11,,SILVER,242423,1,1,STORE
M0008264,2,81,14,2016-06-25,,BRONZE,73314,1,1,STORE
M0008265,2,52,23,2016-05-12,,BRONZE,75490,0,1,WEB
M0008266,9,23,40,2025-02-27,,BRONZE,29001,0,0,APP
M0008267,2,38,06,2016-06-18,,BRONZE,24103,0,1,STORE
M0008268,1,43,28,2015-11-12,,BRONZE,44215,1,0,APP
M0008269,2,31,33,2010-02-04,,SILVER,148800,0,0,APP
M0008270,1,48,13,2015-04-02,,SILVER,292018,1,1,STORE
M0008271,2,38,13,2013-12-30,,GOLD,160535,1,0,PHONE
M0008272,1,49,27,2022-04-30,,SILVER,100777,1,1,WEB
M0008273,9,32,13,2018-01-02,,SILVER,326000,1,0,WEB
M0008274,2,38,23,2015-09-08,,BRONZE,32315,0,1,WEB
M0008275,1,65,27,2024-12-10,2025-12-31,GOLD,257265,1,0,WEB
M0008276,1,19,13,2017-02-20,,BRONZE,23298,0,1,APP
M0008277,1,45,14,2016-08-27,2022-02-05,SILVER,136379,0,1,WEB
M0008278,2,53,23,2021-07-24,,SILVER,63461,1,1,WEB
M0008279,2,43,08,2014-03-07,,BRONZE,84498,0,0,WEB
M0008280,1,48,11,2016-11-18,,SILVER,262586,0,1,APP
M0008281,2,63,43,2021-04-19,,PLATINUM,547665,1,0,APP
M0008282,2,36,27,2015-02-27,,SILVER,171367,0,0,WEB
M0008283,1,31,23,2016-11-14,,SILVER,359844,1,1,WEB
M0008284,2,35,27,2010-03-31,2018-06-01,BRONZE,110070,1,1,WEB
M0008285,1,34,22,2022-09-16,,BRONZE,47965,0,1,STORE
M0008286,1,20,27,2023-10-09,,BRONZE,39840,0,1,STORE
M0008287,1,43,43,2020-09-11,,GOLD,317806,0,0,APP
M0008288,2,30,08,2018-06-06,,BRONZE,29789,0,0,APP
M0008289,1,51,28,2024-04-18,2025-12-31,BRONZE,23753,0,1,WEB
M0008290,1,49,23,2023-08-16,,BRONZE,87274,1,1,WEB
M0008291,2,68,40,2017-07-03,,BRONZE,17464,0,0,WEB
M0008292,2,36,13,2019-11-20,,BRONZE,32409,1,1,WEB
M0008293,2,26,37,2025-01-07,,BRONZE,31690,0,1,APP
M0008294,1,15,21,2013-03-18,,BRONZE,47096,0,1,STORE
M0008295,2,77,13,2022-06-15,2025-12-31,GOLD,240687,1,1,APP
M0008296,1,51,13,2015-10-24,,BRONZE,43547,1,1,STORE
M0008297,2,28,14,2011-06-27,,BRONZE,33559,0,1,APP
M0008298,1,69,17,2016-09-04,,SILVER,275113,0,1,STORE
M0008299,1,63,23,2018-04-17,2022-02-03,BRONZE,110055,1,0,WEB
M0008300,1,17,12,2021-11-01,,GOLD,171493,0,0,APP
M0008301,2,27,13,2012-06-05,,SILVER,122146,0,0,APP
M0008302,1,38,38,2018-10-09,,SILVER,428307,1,1,WEB
M0008303,1,22,13,2020-08-01,,BRONZE,125215,0,1,WEB
M0008304,2,38,14,2020-03-08,,BRONZE,65677,0,1,APP
M0008305,2,52,42,2023-04-27,,GOLD,359066,1,1,STORE
M0008306,1,17,10,2022-01-19,,BRONZE,38703,0,1,STORE
M0008307,2,45,23,2017-06-12,,BRONZE,35151,1,1,WEB
M0008308,2,60,31,2014-05-20,2016-05-16,SILVER,77955,1,1,STORE
M0008309,1,47,13,2024-02-03,,BRONZE,49360,1,1,WEB
M0008310,9,39,13,2024-02-11,,SILVER,252333,0,1,STORE
M0008311,2,29,13,2012-01-29,,SILVER,407734,0,0,PHONE
M0008312,1,54,27,2017-04-02,,GOLD,360609,1,1,PHONE
M0008313,1,20,07,2022-01-12,,BRONZE,17209,0,1,WEB
M0008314,1,44,23,2020-07-30,,BRONZE,99897,0,0,STORE
M0008315,1,40,11,2023-12-31,,BRONZE,45598,1,1,APP
M0008316,2,59,19,2013-06-29,,BRONZE,30899,1,0,STORE
M0008317,2,30,14,2025-01-23,,PLATINUM,854628,1,0,WEB
M0008318,2,32,13,2013-09-25,,SILVER,120361,1,1,WEB
M0008319,1,19,40,2011-07-15,,BRONZE,31716,1,1,WEB
M0008320,1,47,17,2021-10-05,,BRONZE,81977,1,1,APP
M0008321,1,33,11,2024-11-06,2025-12-31,SILVER,574959,0,1,WEB
M0008322,2,25,45,2015-08-10,,BRONZE,41783,0,1,WEB
M0008323,1,27,30,2012-07-22,,BRONZE,28814,0,1,WEB
M0008324,2,49,20,2024-01-07,2025-12-31,SILVER,216886,1,1,APP
M0008325,2,21,18,2011-07-11,,SILVER,192778,1,1,WEB
M0008326,1,23,28,2020-08-20,2025-12-31,BRONZE,9266,0,1,WEB
M0008327,2,55,35,2012-01-11,,SILVER,359807,1,0,PHONE
M0008328,2,37,28,2020-08-24,,SILVER,246504,0,0,WEB
M0008329,2,56,40,2011-10-28,,SILVER,103118,0,1,WEB
M0008330,2,34,27,2016-02-01,,BRONZE,47345,0,1,STORE
M0008331,1,40,24,2017-06-09,,GOLD,404982,1,1,WEB
M0008332,2,43,40,2024-06-11,2025-07-12,SILVER,40047,1,0,APP
M0008333,1,64,20,2021-05-18,,BRONZE,55280,0,1,APP
M0008334,2,62,46,2025-02-11,,BRONZE,30151,1,1,PHONE
M0008335,1,60,40,2018-08-22,,SILVER,122772,1,1,APP
M0008336,2,29,14,2014-02-16,,GOLD,504103,0,0,PHONE
M0008337,2,23,13,2016-10-17,,SILVER,102669,0,1,PHONE
M0008338,1,53,11,2018-03-27,,BRONZE,28680,1,0,WEB
M0008339,1,63,12,2019-01-09,,BRONZE,19332,1,1,STORE
M0008340,2,60,14,2024-07-06,,BRONZE,38426,1,0,WEB
M0008341,1,40,23,2024-05-09,,BRONZE,22921,1,1,WEB
M0008342,2,52,23,2011-08-15,,SILVER,124477,0,0,WEB
M0008343,2,53,27,2022-09-15,,SILVER,145771,1,0,STORE
M0008344,1,43,13,2014-10-06,,BRONZE,22817,1,1,WEB
M0008345,2,43,27,2019-05-28,2025-12-31,GOLD,272804,1,1,WEB
M0008346,2,42,21,2025-04-09,,PLATINUM,696357,0,1,WEB
M0008347,2,27,27,2024-02-13,,SILVER,48158,0,0,APP
M0008348,1,28,13,2017-10-05,,SILVER,110217,0,1,APP
M0008349,1,28,11,2010-09-25,,BRONZE,35755,0,1,WEB
M0008350,1,45,04,2025-03-23,,GOLD,375454,0,1,APP
M0008351,2,42,16,2024-07-09,,BRONZE,186910,0,1,WEB
M0008352,2,39,40,2016-01-31,,SILVER,262820,0,1,WEB
M0008353,2,53,28,2012-03-13,2020-02-05,SILVER,336764,1,0,WEB
M0008354,1,61,15,2018-06-10,,BRONZE,217913,1,0,STORE
M0008355,2,63,34,2022-10-30,,BRONZE,96917,0,1,APP
M0008356,2,64,12,2017-04-07,,SILVER,118092,1,0,WEB
M0008357,2,27,05,2010-05-03,,BRONZE,78495,0,1,STORE
M0008358,1,16,13,2017-04-25,,BRONZE,9015,0,1,APP
M0008359,2,56,11,2018-03-28,,GOLD,433827,1,0,STORE
M0008360,1,63,34,2024-09-07,,SILVER,240123,1,1,APP
M0008361,1,66,13,2022-12-03,,SILVER,46576,0,1,STORE
M0008362,2,48,14,2021-02-11,,BRONZE,325505,1,1,WEB
M0008363,2,42,04,2016-06-22,,BRONZE,65789,0,1,WEB
M0008364,1,46,36,2025-02-17,,BRONZE,23160,1,0,STORE
M0008365,2,49,13,2013-09-15,,BRONZE,327816,1,0,WEB
M0008366,9,61,32,2015-04-10,,BRONZE,39669,1,1,APP
M0008367,1,64,27,2023-07-17,2025-12-31,PLATINUM,794667,0,0,APP
M0008368,2,55,31,2025-11-26,2025-12-31,BRONZE,89658,1,1,WEB
M0008369,1,30,34,2023-01-14,,BRONZE,40120,1,1,STORE
M0008370,1,23,18,2021-04-28,,GOLD,171492,1,1,APP
M0008371,1,49,38,2025-01-02,,GOLD,436933,1,0,STORE
M0008372,2,27,43,2012-02-07,,PLATINUM,899177,0,1,WEB
M0008373,1,65,38,2020-09-15,,BRONZE,63234,1,1,APP
M0008374,1,57,23,2016-08-10,,BRONZE,80836,0,1,APP
M0008375,2,50,11,2019-07-28,,SILVER,228921,1,1,STORE
M0008376,2,45,13,2013-12-24,,GOLD,495089,0,1,WEB
M0008377,2,36,27,2017-10-28,,BRONZE,91293,0,1,STORE
M0008378,2,24,12,2013-10-08,,PLATINUM,594169,0,1,PHONE
M0008379,1,58,13,2020-04-18,,GOLD,609395,1,0,APP
M0008380,1,31,41,2024-11-15,,BRONZE,122783,1,1,APP
M0008381,2,31,27,2010-12-10,,SILVER,361646,0,1,STORE
M0008382,2,59,13,2025-05-11,,BRONZE,55740,0,1,WEB
M0008383,1,27,27,2020-07-20,,BRONZE,57911,0,0,WEB
M0008384,1,48,13,2010-03-24,,BRONZE,48352,1,1,STORE
M0008385,1,18,13,2019-04-08,2021-08-27,BRONZE,19260,0,1,WEB
M0008386,1,48,28,2012-03-17,,BRONZE,26542,1,0,APP
M0008387,9,31,14,2022-11-04,,SILVER,258824,0,1,WEB
M0008388,2,76,21,2014-06-12,,GOLD,185790,0,1,STORE
M0008389,1,38,40,2010-12-02,,BRONZE,40298,1,0,APP
M0008390,2,24,08,2023-07-26,,BRONZE,96780,0,0,WEB
M0008391,2,28,07,2018-08-03,2025-12-31,SILVER,197366,0,1,APP
M0008392,1,25,13,2019-10-12,,BRONZE,69515,0,1,WEB
M0008393,1,29,13,2023-04-22,,BRONZE,46843,1,1,APP
M0008394,2,34,29,2019-01-18,,BRONZE,41573,1,1,STORE
M0008395,1,29,06,2022-09-28,,SILVER,55875,0,1,WEB
M0008396,2,26,13,2019-07-29,,GOLD,423525,1,1,WEB
M0008397,2,20,04,2010-06-12,,SILVER,411742,0,1,WEB
M0008398,2,54,14,2025-03-18,,SILVER,527841,1,0,WEB
M0008399,9,60,13,2025-05-09,,SILVER,283941,0,1,APP
M0008400,2,36,27,2014-05-31,2016-01-14,PLATINUM,1333919,1,1,WEB
M0008401,2,40,16,2020-05-29,,SILVER,389263,1,1,PHONE
M0008402,1,21,40,2011-12-22,,BRONZE,17672,0,1,WEB
M0008403,2,41,28,2014-07-23,,BRONZE,26652,0,0,PHONE
M0008404,2,44,13,2019-09-23,2021-05-20,BRONZE,55723,1,1,PHONE
M0008405,2,36,13,2015-07-26,,BRONZE,50291,1,1,STORE
M0008406,2,47,27,2025-07-03,,SILVER,200207,1,0,STORE
M0008407,1,45,11,2011-04-04,,BRONZE,86213,0,1,STORE
M0008408,2,22,29,2021-05-12,,SILVER,234122,0,1,WEB
M0008409,2,60,17,2019-10-22,,BRONZE,42969,1,0,PHONE
M0008410,2,36,13,2024-04-10,2025-12-31,GOLD,738896,1,1,APP
M0008411,2,68,13,2022-12-12,,BRONZE,63226,1,0,WEB
M0008412,2,47,27,2024-05-04,,SILVER,304272,1,0,WEB
M0008413,2,74,30,2022-09-14,,SILVER,164694,1,0,APP
M0008414,1,60,23,2013-07-05,,SILVER,132280,0,0,WEB
M0008415,1,44,22,2016-10-17,,BRONZE,17118,1,1,STORE
M0008416,2,28,40,2020-12-20,2022-03-22,SILVER,309773,0,1,WEB
M0008417,2,28,01,2025-12-26,,GOLD,224727,0,1,WEB
M0008418,2,49,01,2023-10-18,2025-12-31,GOLD,448784,1,0,WEB
M0008419,1,42,01,2020-05-24,,BRONZE,25723,1,1,STORE
M0008420,1,30,11,2011-08-16,,BRONZE,60132,0,1,STORE
M0008421,1,54,27,2016-09-25,,GOLD,244751,1,1,APP
M0008422,2,41,11,2020-06-04,,BRONZE,50575,1,0,STORE
M0008423,2,54,45,2022-05-08,,SILVER,511663,1,1,APP
M0008424,9,23,27,2014-05-09,2019-04-03,GOLD,303170,0,0,WEB
M0008425,1,57,09,2017-06-24,,BRONZE,83798,1,0,WEB
M0008426,2,49,41,2023-02-23,,BRONZE,113859,0,1,APP
M0008427,2,60,28,2023-05-05,,SILVER,372147,1,1,WEB
M0008428,1,57,23,2013-07-28,,BRONZE,117559,1,1,APP
M0008429,9,39,13,2014-01-22,,SILVER,237162,1,1,WEB
M0008430,2,37,16,2015-12-23,,BRONZE,151747,0,0,WEB
M0008431,1,70,37,2020-04-20,,SILVER,193971,1,1,APP
M0008432,1,35,45,2020-10-29,,BRONZE,178864,0,1,WEB
M0008433,2,53,27,2022-02-23,2025-10-26,BRONZE,38965,1,0,WEB
M0008434,2,34,38,2018-11-23,2021-12-10,BRONZE,250070,1,0,WEB
M0008435,2,90,40,2024-09-07,,BRONZE,264511,1,1,WEB
M0008436,2,19,01,2011-12-03,,PLATINUM,833953,1,1,STORE
M0008437,1,47,27,2018-05-25,,BRONZE,20092,0,1,STORE
M0008438,2,52,27,2013-08-09,,BRONZE,33112,0,1,APP
M0008439,2,47,01,2018-08-16,,SILVER,234855,0,0,APP
M0008440,1,59,23,2024-03-04,,BRONZE,64338,1,1,APP
M0008441,2,47,44,2024-03-01,2025-12-31,PLATINUM,598085,1,1,APP
M0008442,1,27,27,2025-10-27,,BRONZE,58819,0,1,APP
M0008443,1,50,33,2017-11-01,,SILVER,63804,1,0,WEB
M0008444,1,43,11,2021-02-07,,BRONZE,15355,1,1,APP
M0008445,2,30,13,2017-08-18,,SILVER,189637,1,0,WEB
M0008446,1,48,27,2010-02-27,,SILVER,179532,1,0,APP
M0008447,1,41,16,2014-07-15,,BRONZE,25720,1,0,APP
M0008448,2,30,25,2021-11-23,2025-12-31,SILVER,109361,0,1,APP
M0008449,1,37,13,2010-11-12,,GOLD,326114,0,0,APP
M0008450,2,64,40,2020-04-14,2025-12-31,PLATINUM,1240951,1,1,PHONE
M0008451,2,63,23,2017-05-03,,BRONZE,49464,1,1,APP
M0008452,1,43,01,2016-08-03,,BRONZE,42933,1,0,STORE
M0008453,1,41,12,2021-10-08,,SILVER,338820,0,0,PHONE
M0008454,9,16,26,2013-08-25,,BRONZE,54056,0,1,STORE
M0008455,1,69,27,2014-02-22,,SILVER,195729,1,1,APP
M0008456,1,58,13,2012-08-26,,GOLD,522673,0,1,APP
M0008457,9,53,27,2011-09-26,,BRONZE,196576,1,0,PHONE
M0008458,2,34,39,2011-05-04,,BRONZE,20923,1,1,WEB
M0008459,2,41,28,2011-08-31,,BRONZE,252638,0,1,WEB
M0008460,2,38,27,2020-03-24,,SILVER,54045,0,1,WEB
M0008461,2,52,20,2014-10-19,2020-04-25,SILVER,224920,1,1,APP
M0008462,2,32,28,2015-05-26,,PLATINUM,1078084,0,1,STORE
M0008463,2,36,40,2022-01-18,,BRONZE,186577,0,1,WEB
M0008464,2,51,13,2018-04-16,,SILVER,378619,1,0,WEB
M0008465,2,27,19,2011-03-28,,SILVER,148476,0,1,APP
M0008466,2,30,08,2018-05-28,,SILVER,119813,1,1,STORE
M0008467,1,43,27,2020-07-30,,BRONZE,14938,1,1,APP
M0008468,2,63,27,2019-09-20,,BRONZE,18428,1,1,WEB
M0008469,2,54,27,2023-11-23,,BRONZE,37688,1,0,STORE
M0008470,1,58,03,2019-07-07,,SILVER,104979,1,0,APP
M0008471,1,41,14,2023-01-01,,SILVER,210234,1,1,APP
M0008472,2,65,14,2018-04-22,,SILVER,118243,1,1,PHONE
M0008473,1,21,40,2020-03-09,,PLATINUM,740767,0,1,APP
M0008474,1,74,45,2012-06-25,,BRONZE,21804,1,0,WEB
M0008475,1,77,11,2025-11-17,,BRONZE,52601,1,0,STORE
M0008476,1,48,40,2010-06-08,,BRONZE,77985,0,0,APP
M0008477,2,54,11,2025-06-29,,BRONZE,55207,0,1,WEB
M0008478,1,39,08,2019-03-22,,BRONZE,64964,1,1,APP
M0008479,1,36,34,2015-05-27,,BRONZE,45527,1,1,APP
M0008480,2,30,46,2016-10-09,,PLATINUM,605187,1,1,STORE
M0008481,1,39,23,2011-03-24,,BRONZE,66001,1,0,PHONE
M0008482,1,49,11,2016-07-24,,PLATINUM,870006,1,1,APP
M0008483,2,47,14,2011-02-20,,BRONZE,190756,1,1,WEB
M0008484,2,74,19,2016-11-18,,SILVER,81494,1,1,WEB
M0008485,2,42,12,2012-03-08,,SILVER,449605,1,1,APP
M0008486,2,15,40,2011-10-26,,BRONZE,6583,0,1,WEB
M0008487,2,68,23,2021-05-26,,BRONZE,43036,1,1,WEB
M0008488,1,19,27,2012-11-13,,SILVER,177168,0,1,STORE
M0008489,2,30,05,2015-05-13,,GOLD,399875,0,1,APP
M0008490,2,45,27,2020-08-05,2021-12-11,SILVER,153891,1,1,STORE
M0008491,1,47,14,2018-01-28,,BRONZE,69225,1,1,APP
M0008492,2,15,13,2018-03-22,,GOLD,189034,0,1,STORE
M0008493,1,27,27,2017-01-26,,SILVER,461828,1,1,APP
M0008494,2,15,27,2019-10-03,,SILVER,160581,0,0,APP
M0008495,2,51,10,2020-06-11,,GOLD,827606,0,1,STORE
M0008496,2,60,05,2012-01-26,2017-02-19,SILVER,186965,1,1,APP
M0008497,1,19,23,2025-05-30,,BRONZE,37328,0,1,WEB
M0008498,2,57,40,2023-01-10,2025-12-31,SILVER,223033,1,1,PHONE
M0008499,2,56,34,2016-10-14,,BRONZE,62241,1,1,WEB
M0008500,1,29,34,2015-12-18,,BRONZE,115717,0,1,WEB
M0008501,1,47,01,2021-08-12,,SILVER,153546,1,1,WEB
M0008502,2,22,12,2019-10-23,,PLATINUM,547456,0,1,APP
M0008503,1,30,21,2022-11-06,,SILVER,186516,0,1,WEB
M0008504,2,66,09,2017-06-14,,PLATINUM,639998,1,1,WEB
M0008505,2,38,27,2017-01-22,,GOLD,483218,1,1,WEB
M0008506,1,23,23,2017-06-29,,SILVER,214265,0,1,WEB
M0008507,2,43,13,2014-09-24,,BRONZE,34836,1,1,WEB
M0008508,1,18,22,2022-06-17,2023-10-01,SILVER,370863,1,1,STORE
M0008509,2,49,12,2022-09-28,,PLATINUM,542837,1,0,WEB
M0008510,2,23,45,2011-10-07,,BRONZE,187758,1,1,APP
M0008511,1,26,13,2011-07-01,,BRONZE,17684,0,1,WEB
M0008512,2,46,23,2011-03-14,,BRONZE,77199,0,1,WEB
M0008513,2,70,09,2015-04-09,,SILVER,129183,1,1,WEB
M0008514,9,77,32,2011-08-14,,BRONZE,34670,0,1,STORE
M0008515,1,22,30,2019-02-12,2021-04-02,SILVER,219013,0,1,APP
M0008516,2,30,27,2025-12-04,,SILVER,95666,0,1,WEB
M0008517,2,49,46,2021-04-12,,SILVER,257560,0,1,WEB
M0008518,1,60,45,2024-11-01,,BRONZE,59976,1,1,WEB
M0008519,2,34,44,2012-05-18,,SILVER,492831,1,1,APP
M0008520,1,41,01,2021-03-18,2025-12-31,BRONZE,85200,1,1,STORE
M0008521,2,32,26,2021-08-28,,SILVER,202370,1,1,APP
M0008522,1,36,13,2017-02-28,2018-10-01,BRONZE,32438,1,1,APP
M0008523,9,17,27,2021-12-06,,SILVER,104892,0,1,APP
M0008524,1,30,13,2011-05-13,,SILVER,153321,0,1,STORE
M0008525,1,41,23,2019-11-07,,BRONZE,108164,1,1,PHONE
M0008526,2,57,44,2023-02-19,,SILVER,254754,1,1,WEB
M0008527,2,46,12,2016-04-16,2023-04-26,GOLD,667797,0,1,WEB
M0008528,2,56,11,2013-01-12,,GOLD,290370,1,1,STORE
M0008529,2,40,20,2010-03-01,,GOLD,384515,1,1,WEB
M0008530,1,28,28,2014-05-14,,SILVER,206108,0,0,APP
M0008531,2,37,11,2023-02-21,,BRONZE,199248,1,1,WEB
M0008532,1,52,01,2023-06-15,,PLATINUM,902824,1,0,APP
M0008533,1,58,23,2019-11-15,,BRONZE,40815,1,1,APP
M0008534,2,37,12,2014-02-12,,BRONZE,34800,1,0,APP
M0008535,2,24,21,2014-02-27,,BRONZE,96992,1,0,STORE
M0008536,1,46,11,2023-07-07,,SILVER,163372,0,1,PHONE
M0008537,1,48,40,2019-05-04,,SILVER,277284,1,1,APP
M0008538,2,61,28,2022-07-30,,BRONZE,84537,0,1,WEB
M0008539,1,28,36,2015-12-05,,PLATINUM,805509,1,1,WEB
M0008540,1,29,11,2023-05-26,,SILVER,128949,0,0,APP
M0008541,1,53,29,2017-07-14,,PLATINUM,1042208,1,1,WEB
M0008542,1,33,01,2020-10-15,,SILVER,308229,0,1,STORE
M0008543,1,32,13,2023-08-15,,SILVER,170855,1,1,APP
M0008544,9,61,11,2015-08-20,,PLATINUM,668600,1,0,WEB
M0008545,1,17,27,2022-08-10,,PLATINUM,592204,0,1,WEB
M0008546,2,75,13,2020-06-14,,SILVER,236334,1,1,APP
M0008547,2,30,27,2017-12-15,,BRONZE,16711,0,0,APP
M0008548,2,55,07,2023-04-08,,BRONZE,73616,1,1,WEB
M0008549,2,38,01,2017-01-14,,BRONZE,86039,0,0,WEB
M0008550,2,45,23,2021-12-28,,BRONZE,48119,0,0,PHONE
M0008551,2,36,23,2011-03-23,,SILVER,304354,1,0,WEB
M0008552,2,55,40,2023-10-17,,BRONZE,142937,1,0,STORE
M0008553,2,34,34,2025-06-07,,SILVER,75723,1,1,STORE
M0008554,2,30,39,2025-09-26,2025-12-31,GOLD,671081,0,1,STORE
M0008555,2,71,17,2023-07-05,2025-12-31,BRONZE,13827,1,0,STORE
M0008556,1,40,14,2021-01-16,,GOLD,333372,0,1,WEB
M0008557,2,29,37,2021-11-10,,GOLD,449087,0,1,APP
M0008558,2,15,24,2024-11-06,,SILVER,135128,0,1,STORE
M0008559,1,72,13,2021-09-07,,GOLD,372614,0,1,STORE
M0008560,2,31,14,2014-05-08,,GOLD,174874,0,0,PHONE
M0008561,1,75,14,2012-07-21,,SILVER,79146,1,1,APP
M0008562,1,47,09,2025-07-30,,SILVER,84170,1,1,STORE
M0008563,2,42,23,2012-03-24,,SILVER,177866,1,1,APP
M0008564,1,43,27,2024-07-25,,SILVER,233196,1,1,PHONE
M0008565,1,78,27,2024-12-22,,PLATINUM,587513,1,1,WEB
M0008566,1,54,11,2010-08-30,,BRONZE,11099,1,0,WEB
M0008567,2,44,02,2022-12-01,,BRONZE,105368,0,1,APP
M0008568,2,35,23,2019-06-13,,GOLD,437792,0,1,APP
M0008569,2,36,27,2016-03-26,,GOLD,380583,1,1,WEB
M0008570,2,43,01,2018-01-18,,BRONZE,28302,0,1,STORE
M0008571,2,35,47,2016-11-09,,SILVER,92379,1,1,STORE
M0008572,2,43,13,2023-01-19,2024-12-19,BRONZE,48802,1,1,WEB
M0008573,2,40,23,2016-08-02,,SILVER,229059,1,1,WEB
M0008574,1,18,40,2012-01-09,,GOLD,336887,0,1,APP
M0008575,9,46,27,2016-05-08,,SILVER,129172,1,0,APP
M0008576,2,52,33,2018-06-11,,GOLD,337463,1,1,APP
M0008577,1,31,43,2017-03-16,,BRONZE,22622,0,1,WEB
M0008578,1,72,14,2018-01-08,,SILVER,175871,0,1,WEB
M0008579,2,63,14,2025-10-17,,SILVER,602166,1,1,APP
M0008580,1,54,13,2016-04-30,,BRONZE,90798,0,1,STORE
M0008581,2,54,01,2023-02-02,,GOLD,268724,0,0,APP
M0008582,1,41,13,2025-11-16,,BRONZE,63471,1,1,PHONE
M0008583,2,59,23,2023-04-16,,GOLD,325003,1,1,WEB
M0008584,1,67,13,2018-08-20,2021-08-11,BRONZE,38732,1,0,WEB
M0008585,2,54,03,2025-10-31,2025-12-31,PLATINUM,908345,1,0,STORE
M0008586,1,30,39,2016-08-12,,GOLD,364503,1,1,STORE
M0008587,1,39,13,2014-06-21,2024-02-06,GOLD,573651,1,1,WEB
M0008588,1,50,19,2023-09-14,,SILVER,170655,0,0,WEB
M0008589,2,54,26,2024-09-13,,BRONZE,21068,1,1,STORE
M0008590,2,39,13,2012-03-23,,SILVER,113197,1,1,WEB
M0008591,2,30,38,2015-02-10,,SILVER,198217,1,1,WEB
M0008592,1,67,01,2014-08-08,,BRONZE,37990,0,0,APP
M0008593,2,22,23,2023-02-13,2025-12-31,BRONZE,50525,0,0,APP
M0008594,2,24,03,2014-06-18,,SILVER,145491,1,1,APP
M0008595,1,17,14,2020-08-12,,SILVER,117785,0,1,WEB
M0008596,2,24,13,2024-12-09,,GOLD,287774,0,1,WEB
M0008597,2,61,11,2024-07-23,2025-12-31,SILVER,172938,1,1,APP
M0008598,2,62,15,2024-02-01,,SILVER,154993,1,1,STORE
M0008599,1,39,37,2018-06-21,,SILVER,107715,1,0,PHONE
M0008600,1,48,11,2019-09-16,,GOLD,470228,1,1,APP
M0008601,2,40,27,2021-08-10,,BRONZE,34459,0,1,WEB
M0008602,1,20,13,2015-02-11,,SILVER,241620,1,1,APP
M0008603,1,78,39,2018-01-07,,BRONZE,24705,1,1,WEB
M0008604,9,63,27,2017-06-28,,BRONZE,42810,1,0,WEB
M0008605,2,46,37,2022-10-23,,SILVER,385705,0,1,WEB
M0008606,1,25,27,2019-02-20,,BRONZE,80132,0,0,PHONE
M0008607,1,36,13,2017-02-15,,SILVER,166044,1,0,STORE
M0008608,2,28,27,2018-08-23,2023-09-21,GOLD,487700,0,1,STORE
M0008609,1,42,23,2012-10-02,,GOLD,362451,1,1,STORE
M0008610,1,45,14,2014-02-04,,SILVER,238329,0,1,WEB
M0008611,1,34,36,2022-10-23,2025-12-31,BRONZE,67275,0,1,STORE
M0008612,2,15,28,2012-02-02,,BRONZE,79727,0,1,APP
M0008613,2,76,13,2020-12-03,,BRONZE,32870,0,1,STORE
M0008614,1,44,01,2024-07-10,,BRONZE,101602,0,1,STORE
M0008615,1,48,40,2020-12-09,,SILVER,71919,1,0,STORE
M0008616,2,33,04,2020-04-03,,BRONZE,22107,1,0,APP
M0008617,2,47,20,2021-06-24,2023-02-23,BRONZE,66075,1,0,STORE
M0008618,2,39,46,2012-04-27,,BRONZE,63659,1,1,APP
M0008619,1,35,28,2012-03-11,,BRONZE,260428,1,1,STORE
M0008620,2,52,40,2025-11-02,,BRONZE,31278,0,1,APP
M0008621,2,55,11,2016-10-30,,BRONZE,21570,1,1,WEB
M0008622,2,53,40,2016-07-31,,BRONZE,29161,0,0,APP
M0008623,1,57,11,2012-07-14,,BRONZE,32122,0,0,WEB
M0008624,2,71,13,2021-09-23,,SILVER,168448,1,1,PHONE
M0008625,1,47,27,2010-07-18,2018-10-24,BRONZE,66617,1,1,APP
M0008626,1,59,46,2012-10-29,2015-12-17,BRONZE,20690,0,1,WEB
M0008627,1,48,38,2013-08-05,,SILVER,523239,1,1,APP
M0008628,2,38,13,2024-12-04,,SILVER,298364,1,1,WEB
M0008629,1,37,45,2025-03-15,,SILVER,216013,1,1,APP
M0008630,2,25,20,2011-04-08,,BRONZE,63678,0,1,PHONE
M0008631,2,44,13,2012-03-25,,PLATINUM,800543,1,0,WEB
M0008632,2,27,37,2025-04-17,,BRONZE,51213,0,0,WEB
M0008633,1,50,43,2020-02-25,,PLATINUM,1229635,1,1,WEB
M0008634,2,57,01,2021-08-20,,SILVER,195623,1,1,STORE
M0008635,1,60,20,2019-01-30,,BRONZE,94835,1,0,APP
M0008636,2,68,14,2013-08-21,,BRONZE,65561,1,1,WEB
M0008637,1,69,28,2021-09-08,,BRONZE,75890,1,1,WEB
M0008638,1,20,09,2012-11-23,,SILVER,137785,0,1,STORE
M0008639,2,90,28,2010-06-20,,PLATINUM,672327,1,1,WEB
M0008640,1,57,14,2023-05-25,,GOLD,663687,1,1,APP
M0008641,1,44,12,2016-01-29,,PLATINUM,1099514,1,1,WEB
M0008642,9,41,26,2010-08-22,2014-01-23,BRONZE,70515,1,1,APP
M0008643,1,39,26,2016-12-13,,BRONZE,113237,0,1,WEB
M0008644,1,53,13,2011-10-30,,SILVER,246706,0,0,STORE
M0008645,1,27,11,2017-07-15,,BRONZE,17613,0,0,APP
M0008646,1,38,13,2020-10-07,,BRONZE,18049,1,1,STORE
M0008647,2,28,12,2015-05-31,,BRONZE,49285,0,0,WEB
M0008648,1,30,27,2011-03-29,,BRONZE,53040,0,0,WEB
M0008649,2,83,39,2024-03-30,,GOLD,271117,1,1,STORE
M0008650,2,36,01,2018-08-30,,BRONZE,24415,0,1,STORE
M0008651,1,45,40,2010-05-16,,BRONZE,74008,1,0,PHONE
M0008652,2,44,09,2019-03-09,,BRONZE,20065,0,1,PHONE
M0008653,9,50,27,2024-10-12,,SILVER,334467,1,0,APP
M0008654,1,32,13,2010-04-15,,BRONZE,41446,1,1,WEB
M0008655,1,61,13,2022-08-03,,SILVER,132288,0,1,STORE
M0008656,1,48,28,2016-01-14,,SILVER,291162,1,1,WEB
M0008657,1,18,34,2021-04-28,,BRONZE,39500,1,1,WEB
M0008658,2,38,27,2010-06-16,,GOLD,359535,1,0,APP
M0008659,2,37,17,2024-07-06,,BRONZE,74625,1,1,WEB
M0008660,1,36,13,2025-06-21,,SILVER,133492,1,0,APP
M0008661,1,49,14,2018-10-19,,SILVER,160733,0,1,WEB
M0008662,1,51,12,2013-06-12,,BRONZE,35135,1,1,WEB
M0008663,9,49,25,2012-06-02,,SILVER,114727,0,1,STORE
M0008664,2,46,41,2021-01-13,,BRONZE,117088,1,0,WEB
M0008665,1,41,12,2022-09-12,,SILVER,216687,1,1,APP
M0008666,2,33,11,2020-10-12,2025-12-31,SILVER,208524,0,1,PHONE
M0008667,2,53,13,2017-11-23,,BRONZE,162091,0,1,STORE
M0008668,2,48,27,2022-05-10,,SILVER,243857,1,1,WEB
M0008669,2,23,38,2021-10-19,,BRONZE,117387,0,1,APP
M0008670,2,45,28,2015-05-14,,BRONZE,177240,1,1,WEB
M0008671,1,51,14,2022-06-06,2023-09-07,BRONZE,105456,1,1,STORE
M0008672,1,60,27,2012-12-13,,BRONZE,76911,1,1,WEB
M0008673,9,49,13,2023-02-15,,BRONZE,29594,1,0,PHONE
M0008674,1,45,16,2018-06-28,,BRONZE,33688,1,1,WEB
M0008675,1,56,40,2021-12-15,,GOLD,700081,1,1,WEB
M0008676,2,35,39,2021-02-09,,GOLD,475344,1,0,WEB
M0008677,2,47,11,2011-07-15,,PLATINUM,522079,1,0,APP
M0008678,2,29,24,2022-01-31,,PLATINUM,1005412,1,1,WEB
M0008679,2,59,13,2022-07-18,,SILVER,233363,1,0,STORE
M0008680,2,34,13,2010-10-13,,SILVER,287119,1,1,PHONE
M0008681,1,54,27,2013-08-13,,BRONZE,97142,0,1,STORE
M0008682,2,40,27,2022-01-16,,GOLD,172871,1,1,STORE
M0008683,2,56,45,2015-10-11,,BRONZE,14373,0,0,APP
M0008684,2,27,22,2011-10-20,,SILVER,567228,0,0,APP
M0008685,1,42,14,2023-09-03,,GOLD,155358,0,1,STORE
M0008686,1,41,23,2018-05-25,,PLATINUM,886318,1,0,STORE
M0008687,2,47,23,2016-04-22,,BRONZE,126283,0,0,WEB
M0008688,1,22,01,2018-11-20,2022-04-15,BRONZE,26168,0,1,STORE
M0008689,1,51,13,2016-05-25,2021-08-22,SILVER,288528,1,1,STORE
M0008690,2,53,14,2012-01-13,,GOLD,851180,0,1,STORE
M0008691,2,29,13,2018-12-28,,SILVER,74568,0,1,STORE
M0008692,1,43,37,2025-06-04,,BRONZE,34403,0,1,APP
M0008693,1,54,40,2025-03-24,,GOLD,465172,1,1,PHONE
M0008694,1,47,09,2020-03-17,,BRONZE,86068,0,1,STORE
M0008695,2,48,38,2012-08-08,,GOLD,419766,1,0,WEB
M0008696,2,65,14,2013-08-01,,GOLD,157483,1,1,WEB
M0008697,1,35,13,2015-01-18,,GOLD,424428,0,1,STORE
M0008698,1,50,14,2010-10-25,,GOLD,295118,1,1,WEB
M0008699,1,41,03,2012-03-29,,GOLD,396634,1,1,WEB
M0008700,1,39,23,2022-05-27,2025-12-31,SILVER,176682,1,1,APP
M0008701,1,62,13,2016-11-12,,SILVER,167031,0,1,WEB
M0008702,2,75,13,2023-06-18,,SILVER,76976,1,1,WEB
M0008703,1,33,06,2010-12-27,,SILVER,302883,1,1,PHONE
M0008704,1,54,10,2011-06-14,,BRONZE,60845,1,1,APP
M0008705,2,45,13,2021-01-14,,BRONZE,37276,1,0,APP
M0008706,1,46,21,2014-02-13,,BRONZE,26432,1,1,STORE
M0008707,1,44,14,2013-08-13,,SILVER,489121,0,1,STORE
M0008708,1,34,13,2020-04-12,,BRONZE,17481,1,1,STORE
M0008709,1,21,14,2024-08-11,,BRONZE,8799,0,1,WEB
M0008710,1,66,09,2016-09-14,,GOLD,285824,0,1,PHONE
M0008711,2,28,12,2022-03-15,,GOLD,400783,0,1,APP
M0008712,1,36,23,2015-06-25,,BRONZE,139245,1,1,WEB
M0008713,2,36,27,2023-06-05,,GOLD,486226,0,1,APP
M0008714,2,27,40,2016-10-16,,BRONZE,42967,0,1,WEB
M0008715,1,44,40,2012-06-05,,SILVER,129673,0,1,APP
M0008716,1,39,40,2018-01-31,,GOLD,522362,1,1,APP
M0008717,1,28,23,2014-09-06,,BRONZE,26840,0,0,STORE
M0008718,1,43,11,2012-12-15,2021-10-22,PLATINUM,720499,0,1,APP
M0008719,2,39,13,2012-12-10,,SILVER,376116,1,1,APP
M0008720,1,56,14,2016-03-17,,PLATINUM,1117020,1,1,STORE
M0008721,2,17,13,2010-02-27,,BRONZE,59229,0,1,WEB
M0008722,2,26,01,2011-02-13,,BRONZE,28978,0,1,STORE
M0008723,2,52,11,2019-06-08,2025-05-02,SILVER,342051,1,1,APP
M0008724,2,29,03,2010-02-05,,SILVER,229393,0,1,WEB
M0008725,2,25,13,2022-05-10,,GOLD,438394,0,1,PHONE
M0008726,2,30,14,2025-08-09,,BRONZE,29377,1,1,STORE
M0008727,9,38,27,2012-12-09,,BRONZE,114985,0,0,WEB
M0008728,1,38,13,2010-11-17,,SILVER,302970,1,0,PHONE
M0008729,1,36,18,2013-05-15,,SILVER,136465,1,1,STORE
M0008730,1,23,13,2010-09-12,,BRONZE,67219,1,1,WEB
M0008731,1,53,13,2014-04-23,,SILVER,355582,0,1,WEB
M0008732,2,63,40,2024-03-28,2025-12-31,SILVER,320157,1,1,WEB
M0008733,1,55,14,2023-02-12,,SILVER,253880,0,0,APP
M0008734,2,61,38,2025-08-13,,BRONZE,48314,1,1,WEB
M0008735,2,57,46,2022-12-27,,BRONZE,33922,1,1,STORE
M0008736,1,67,11,2023-07-07,,SILVER,198053,1,1,WEB
M0008737,2,60,27,2019-06-23,,BRONZE,58882,1,1,STORE
M0008738,1,54,23,2012-03-26,,GOLD,469604,1,1,STORE
M0008739,2,68,23,2022-04-20,,BRONZE,63806,0,1,WEB
M0008740,2,25,11,2020-03-26,,GOLD,220406,0,1,WEB
M0008741,1,67,13,2025-05-24,2025-12-31,BRONZE,50914,1,1,APP
M0008742,2,37,13,2021-02-24,,SILVER,134512,1,1,WEB
M0008743,1,45,13,2018-09-24,,BRONZE,116992,1,0,APP
M0008744,2,28,14,2022-05-07,,SILVER,321016,0,1,STORE
M0008745,2,57,28,2020-07-01,2025-12-31,SILVER,201435,1,1,PHONE
M0008746,1,54,33,2011-10-22,,SILVER,186809,1,1,PHONE
M0008747,2,69,27,2019-10-13,,BRONZE,21085,0,1,PHONE
M0008748,2,64,18,2016-04-02,,GOLD,369873,1,1,STORE
M0008749,2,40,27,2012-08-09,,BRONZE,41736,1,1,WEB
M0008750,2,93,13,2014-06-02,,SILVER,224466,1,0,STORE
M0008751,2,63,12,2023-05-10,,SILVER,147149,1,1,STORE
M0008752,1,49,27,2020-06-21,,GOLD,488830,1,1,WEB
M0008753,2,23,38,2010-12-06,,GOLD,348761,0,1,STORE
M0008754,2,66,39,2015-07-02,2024-05-26,BRONZE,62762,1,0,APP
M0008755,1,15,13,2020-12-20,,PLATINUM,633456,0,1,STORE
M0008756,1,24,27,2018-02-21,,BRONZE,26789,0,1,APP
M0008757,1,63,27,2022-06-02,,SILVER,119469,1,1,PHONE
M0008758,1,48,37,2020-01-09,,BRONZE,97418,0,1,APP
M0008759,1,30,13,2010-08-05,,BRONZE,127990,1,1,STORE
M0008760,1,38,16,2023-11-08,,GOLD,815330,1,1,STORE
M0008761,2,36,14,2019-02-16,,PLATINUM,771382,1,1,STORE
M0008762,1,54,28,2024-09-25,2025-12-31,BRONZE,52120,1,0,WEB
M0008763,1,25,13,2013-07-11,,BRONZE,65366,0,0,WEB
M0008764,2,46,22,2021-02-04,,GOLD,404862,1,1,STORE
M0008765,1,45,03,2010-06-21,,SILVER,344535,1,1,PHONE
M0008766,1,26,13,2012-07-02,,GOLD,264942,0,1,WEB
M0008767,2,67,27,2024-02-16,,BRONZE,36722,1,0,APP
M0008768,9,35,11,2024-03-22,,BRONZE,40738,1,0,STORE
M0008769,2,23,23,2025-04-08,2025-12-31,SILVER,75228,1,1,STORE
M0008770,1,54,25,2013-04-10,,SILVER,287799,1,1,STORE
M0008771,1,41,40,2024-04-10,,GOLD,449914,1,1,WEB
M0008772,9,47,38,2010-11-07,,BRONZE,122775,0,0,PHONE
M0008773,2,20,27,2016-05-30,,BRONZE,22277,1,0,WEB
M0008774,2,54,31,2016-12-30,,BRONZE,89188,0,1,WEB
M0008775,2,77,36,2022-09-06,,SILVER,75648,1,1,WEB
M0008776,1,19,01,2020-12-15,,BRONZE,28328,0,1,APP
M0008777,1,46,44,2015-09-30,2020-12-12,BRONZE,27665,1,0,STORE
M0008778,2,27,40,2012-05-22,,GOLD,357645,1,1,WEB
M0008779,2,86,06,2015-11-05,,GOLD,158003,1,0,PHONE
M0008780,1,61,13,2014-10-16,,GOLD,338628,1,1,STORE
M0008781,2,45,27,2020-09-20,,BRONZE,101252,0,1,PHONE
M0008782,1,19,28,2011-04-13,,BRONZE,65129,0,0,APP
M0008783,9,23,33,2016-07-31,,SILVER,64713,0,1,WEB
M0008784,1,53,42,2019-11-22,,BRONZE,31649,1,1,APP
M0008785,2,17,28,2020-05-05,,PLATINUM,614051,0,1,STORE
M0008786,1,17,30,2021-05-01,,PLATINUM,528715,0,0,STORE
M0008787,2,40,21,2014-07-31,,SILVER,277788,1,1,STORE
M0008788,2,42,18,2018-04-26,,PLATINUM,882994,1,1,APP
M0008789,1,46,13,2011-07-30,,PLATINUM,569535,1,1,WEB
M0008790,2,33,11,2017-02-10,,SILVER,235223,1,0,STORE
M0008791,2,56,23,2025-09-18,2025-12-31,BRONZE,44444,1,0,WEB
M0008792,2,25,20,2023-07-25,,BRONZE,45826,0,0,WEB
M0008793,1,51,28,2019-12-18,2022-08-04,BRONZE,58944,1,0,STORE
M0008794,2,44,24,2016-09-15,,GOLD,812064,0,1,APP
M0008795,2,50,43,2024-05-31,,SILVER,145806,1,1,WEB
M0008796,2,60,28,2017-01-25,,GOLD,388264,1,1,WEB
M0008797,2,32,20,2022-03-20,,SILVER,112220,1,0,STORE
M0008798,2,29,28,2019-03-28,,GOLD,694061,1,1,WEB
M0008799,1,75,01,2010-05-05,,BRONZE,30172,1,1,STORE
M0008800,1,69,11,2021-04-06,,SILVER,201341,0,0,WEB
M0008801,1,37,43,2024-04-17,,BRONZE,168614,1,1,APP
M0008802,1,38,24,2022-06-07,,SILVER,158264,1,0,WEB
M0008803,1,22,16,2019-11-02,,SILVER,237620,0,1,STORE
M0008804,1,25,14,2010-08-27,,BRONZE,23011,0,1,WEB
M0008805,2,66,23,2010-05-16,,SILVER,127463,1,1,APP
M0008806,2,55,31,2023-08-15,,BRONZE,17302,1,1,WEB
M0008807,1,19,39,2017-08-07,,GOLD,479685,0,1,WEB
M0008808,2,32,47,2017-03-22,2018-08-24,SILVER,161696,1,1,WEB
M0008809,2,47,10,2020-04-03,2025-12-31,BRONZE,46066,0,0,PHONE
M0008810,2,29,09,2024-06-29,,SILVER,348196,0,1,APP
M0008811,2,26,13,2016-12-27,,BRONZE,12438,1,1,WEB
M0008812,9,34,16,2018-08-01,,SILVER,119639,1,0,APP
M0008813,2,59,14,2018-12-10,2024-06-23,BRONZE,29029,1,1,APP
M0008814,9,60,31,2017-08-12,,GOLD,1159797,1,1,APP
M0008815,2,27,13,2020-07-03,2024-11-25,GOLD,539589,0,1,APP
M0008816,1,48,39,2013-02-15,2020-08-07,GOLD,463972,0,0,PHONE
M0008817,2,40,23,2015-12-21,,SILVER,96594,1,1,APP
M0008818,2,23,13,2017-07-07,,BRONZE,25684,0,1,WEB
M0008819,2,35,01,2018-04-24,,SILVER,125325,0,1,STORE
M0008820,2,19,05,2017-11-20,2024-09-29,SILVER,180568,0,1,STORE
M0008821,1,60,19,2016-09-11,,SILVER,520074,1,1,PHONE
M0008822,1,66,06,2024-04-24,2025-12-31,SILVER,183444,1,1,STORE
M0008823,2,33,28,2022-10-24,,SILVER,129336,1,1,PHONE
M0008824,2,29,13,2024-03-12,,SILVER,132138,1,1,WEB
M0008825,2,58,31,2019-07-08,,SILVER,245558,0,0,STORE
M0008826,2,61,46,2017-10-13,,BRONZE,42954,1,0,WEB
M0008827,2,21,19,2016-11-23,2022-03-23,SILVER,67260,1,1,APP
M0008828,9,37,13,2023-11-19,2025-12-31,SILVER,78062,1,1,APP
M0008829,1,39,16,2020-08-27,,SILVER,220624,1,1,WEB
M0008830,9,27,27,2023-09-03,,BRONZE,43549,0,0,STORE
M0008831,1,47,43,2023-08-08,,GOLD,466382,0,1,APP
M0008832,2,28,13,2025-03-05,,GOLD,503025,0,1,PHONE
M0008833,1,31,13,2018-09-22,2020-12-28,BRONZE,58982,0,0,WEB
M0008834,2,38,27,2015-10-15,,GOLD,405567,0,1,STORE
M0008835,1,15,16,2024-07-15,,GOLD,257031,0,1,APP
M0008836,1,46,12,2013-05-25,,GOLD,541132,1,0,WEB
M0008837,2,56,09,2015-03-03,,PLATINUM,1104895,1,1,WEB
M0008838,2,27,14,2025-02-07,,SILVER,311274,1,1,WEB
M0008839,1,76,33,2021-06-04,,BRONZE,20273,1,1,APP
M0008840,2,74,11,2019-05-11,,BRONZE,32609,1,1,WEB
M0008841,1,31,13,2018-06-27,,BRONZE,74974,0,0,WEB
M0008842,1,80,18,2017-06-20,,BRONZE,7148,1,1,APP
M0008843,1,56,23,2024-05-05,,BRONZE,67123,1,0,APP
M0008844,2,29,01,2016-08-01,,BRONZE,11143,0,1,WEB
M0008845,2,36,40,2017-09-02,,SILVER,315216,1,1,APP
M0008846,2,52,07,2011-05-11,,BRONZE,50372,0,0,STORE
M0008847,2,41,13,2011-11-01,,BRONZE,71950,1,1,WEB
M0008848,2,47,23,2013-04-07,2020-05-28,SILVER,237804,0,1,APP
M0008849,2,36,11,2014-10-17,,SILVER,363871,0,1,STORE
M0008850,9,21,15,2014-09-01,,SILVER,145584,0,1,APP
M0008851,1,33,27,2020-09-02,,BRONZE,62018,0,1,PHONE
M0008852,1,52,27,2018-10-27,,GOLD,349392,1,1,WEB
M0008853,1,34,14,2010-01-25,,BRONZE,32390,1,1,APP
M0008854,2,34,23,2018-04-08,,BRONZE,59852,1,0,PHONE
M0008855,2,38,27,2011-04-25,,BRONZE,25852,1,1,WEB
M0008856,1,42,04,2018-09-08,,GOLD,213254,0,1,APP
M0008857,2,21,14,2010-10-21,,BRONZE,105246,1,1,STORE
M0008858,9,56,11,2011-03-23,,PLATINUM,765932,1,1,APP
M0008859,1,28,28,2023-03-21,,BRONZE,89471,0,1,STORE
M0008860,1,35,40,2010-02-27,,BRONZE,25731,1,1,STORE
M0008861,1,77,06,2025-07-24,,SILVER,115852,1,0,STORE
M0008862,1,35,12,2017-05-30,,BRONZE,131083,0,0,WEB
M0008863,2,33,16,2023-03-22,,GOLD,266435,0,0,PHONE
M0008864,2,50,23,2013-02-04,,SILVER,194916,1,0,WEB
M0008865,1,40,40,2017-06-21,,SILVER,231827,1,0,STORE
M0008866,2,61,27,2024-04-07,2025-12-31,GOLD,739135,1,1,STORE
M0008867,1,57,11,2011-03-27,,BRONZE,57297,1,1,WEB
M0008868,1,49,32,2016-11-23,,BRONZE,22675,0,1,WEB
M0008869,1,49,13,2011-12-19,,BRONZE,113220,1,1,WEB
M0008870,2,36,27,2015-08-20,,GOLD,396089,1,0,STORE
M0008871,2,18,02,2025-07-13,,GOLD,489524,0,1,APP
M0008872,2,59,28,2018-09-15,,BRONZE,157988,1,0,WEB
M0008873,1,58,37,2015-05-06,,BRONZE,41804,0,1,PHONE
M0008874,2,47,13,2020-01-22,,GOLD,340401,1,1,STORE
M0008875,1,20,33,2014-07-04,,GOLD,513785,0,0,APP
M0008876,1,65,09,2011-04-25,,BRONZE,54910,0,1,APP
M0008877,2,36,18,2019-01-17,,BRONZE,49543,1,1,WEB
M0008878,2,71,40,2021-11-11,2025-12-31,BRONZE,63756,1,0,APP
M0008879,1,45,14,2012-11-10,,BRONZE,87217,1,1,PHONE
M0008880,2,49,13,2012-03-15,2016-06-17,BRONZE,99710,1,1,WEB
M0008881,2,32,20,2019-07-26,2024-10-12,SILVER,1399316,1,0,PHONE
M0008882,2,64,13,2016-03-10,,BRONZE,11658,1,0,PHONE
M0008883,2,50,27,2024-12-20,,GOLD,528572,1,1,WEB
M0008884,1,65,27,2015-09-17,,BRONZE,29570,1,1,STORE
M0008885,2,43,32,2016-04-11,,SILVER,181252,0,0,STORE
M0008886,1,39,14,2019-02-09,,BRONZE,98274,0,1,STORE
M0008887,1,50,11,2025-08-25,,BRONZE,30670,0,1,WEB
M0008888,2,65,15,2021-01-12,,BRONZE,54192,1,1,APP
M0008889,2,57,34,2020-08-29,,SILVER,218743,1,0,WEB
M0008890,1,42,20,2022-10-24,,SILVER,476756,1,1,WEB
M0008891,2,41,23,2023-01-21,2025-12-31,SILVER,263881,0,1,WEB
M0008892,2,54,13,2018-06-08,,BRONZE,26326,1,0,WEB
M0008893,2,16,13,2014-08-02,,SILVER,60450,0,1,APP
M0008894,1,41,27,2012-06-27,2015-05-29,PLATINUM,871100,1,1,STORE
M0008895,1,38,40,2019-01-28,,BRONZE,80363,0,1,WEB
M0008896,1,16,40,2021-02-19,,BRONZE,35930,0,0,PHONE
M0008897,1,46,23,2015-11-11,,SILVER,472407,1,1,WEB
M0008898,1,77,40,2017-08-30,,GOLD,698537,0,0,PHONE
M0008899,1,35,09,2017-02-15,,GOLD,761956,1,1,STORE
M0008900,1,53,13,2019-06-04,,SILVER,235187,1,0,APP
M0008901,1,80,47,2023-02-06,,BRONZE,53418,0,1,PHONE
M0008902,2,55,29,2017-02-06,,GOLD,603969,1,1,PHONE
M0008903,2,29,14,2018-04-23,,BRONZE,65924,1,1,STORE
M0008904,1,44,40,2016-08-29,,BRONZE,18697,0,0,WEB
M0008905,2,48,43,2014-10-31,,BRONZE,216690,1,1,PHONE
M0008906,1,64,39,2021-03-22,,PLATINUM,1641622,0,1,WEB
M0008907,1,61,40,2019-11-14,,SILVER,41133,0,1,WEB
M0008908,2,30,13,2018-05-21,,BRONZE,20016,1,0,APP
M0008909,1,25,46,2014-09-19,,BRONZE,284801,1,1,APP
M0008910,1,39,12,2023-11-20,,GOLD,355580,1,1,STORE
M0008911,1,23,05,2022-11-16,2025-12-31,SILVER,130542,0,0,APP
M0008912,2,35,27,2021-11-23,,BRONZE,11021,1,0,WEB
M0008913,2,28,24,2023-01-18,2025-12-31,PLATINUM,1044758,0,1,APP
M0008914,1,40,28,2017-08-15,2022-06-11,SILVER,139508,0,0,STORE
M0008915,1,31,11,2020-01-19,,SILVER,157754,1,0,WEB
M0008916,1,23,15,2013-06-05,,SILVER,157208,0,0,WEB
M0008917,2,41,40,2022-07-12,,SILVER,287039,1,1,STORE
M0008918,1,46,11,2010-04-13,,BRONZE,52441,0,1,APP
M0008919,2,32,12,2018-02-19,,BRONZE,18666,1,1,APP
M0008920,2,63,12,2013-04-15,,SILVER,320344,1,0,STORE
M0008921,1,41,44,2019-07-13,,SILVER,383807,1,1,WEB
M0008922,2,25,28,2014-07-02,,GOLD,281166,0,1,STORE
M0008923,1,21,14,2025-06-06,,GOLD,340358,0,0,STORE
M0008924,1,36,14,2011-11-22,,SILVER,445730,0,1,WEB
M0008925,1,59,23,2023-02-28,,SILVER,180959,1,1,STORE
M0008926,2,26,13,2020-09-15,,SILVER,70358,0,0,STORE
M0008927,2,50,28,2025-12-08,2025-12-31,BRONZE,154942,1,0,APP
M0008928,9,42,40,2015-03-21,,BRONZE,24580,1,1,WEB
M0008929,1,74,14,2021-04-13,,SILVER,48636,0,1,WEB
M0008930,1,47,27,2010-06-26,,SILVER,294524,1,0,STORE
M0008931,2,28,23,2020-10-30,,GOLD,453440,0,0,APP
M0008932,1,53,13,2016-12-28,,BRONZE,23232,1,0,WEB
M0008933,1,53,01,2021-08-16,2022-11-11,SILVER,194086,1,1,WEB
M0008934,9,33,14,2022-07-20,,GOLD,382097,1,0,STORE
M0008935,2,20,36,2017-10-14,,SILVER,338266,0,1,STORE
M0008936,9,49,23,2015-06-09,,BRONZE,51210,1,0,STORE
M0008937,1,41,19,2021-05-29,,SILVER,252181,1,0,STORE
M0008938,1,51,30,2024-06-09,2025-08-10,GOLD,596634,0,0,STORE
M0008939,1,44,33,2015-10-02,,BRONZE,136074,1,1,WEB
M0008940,2,29,32,2023-08-24,,SILVER,83193,0,1,WEB
M0008941,1,23,27,2017-02-06,2019-10-11,SILVER,118271,0,0,APP
M0008942,1,34,14,2024-03-25,2025-12-31,BRONZE,118516,1,1,STORE
M0008943,1,62,07,2020-05-20,,BRONZE,36365,1,1,WEB
M0008944,2,61,23,2020-09-07,,BRONZE,33960,1,1,PHONE
M0008945,2,56,01,2021-01-05,,SILVER,247731,1,1,WEB
M0008946,2,45,03,2022-11-27,,SILVER,114616,1,1,STORE
M0008947,1,50,13,2023-10-13,,BRONZE,72031,1,1,WEB
M0008948,2,42,13,2016-03-23,,BRONZE,48001,1,1,STORE
M0008949,1,21,12,2021-12-07,,SILVER,339593,0,0,WEB
M0008950,1,25,01,2021-02-03,,BRONZE,52904,0,1,PHONE
M0008951,1,30,24,2019-06-20,,SILVER,160461,0,1,APP
M0008952,2,64,05,2013-08-01,,SILVER,144730,1,0,WEB
M0008953,1,58,27,2017-06-13,,BRONZE,45278,1,1,PHONE
M0008954,9,22,13,2013-04-11,2015-05-27,PLATINUM,624588,0,1,PHONE
M0008955,2,41,40,2012-03-09,2017-02-07,SILVER,89671,1,1,WEB
M0008956,1,33,40,2025-02-05,,PLATINUM,943962,0,1,STORE
M0008957,2,37,18,2021-08-01,,BRONZE,76657,0,1,STORE
M0008958,2,31,03,2018-10-13,,PLATINUM,658101,0,1,APP
M0008959,1,64,32,2017-01-26,2025-12-31,SILVER,470925,1,1,WEB
M0008960,2,40,23,2011-02-23,2012-05-26,PLATINUM,994043,1,0,WEB
M0008961,1,44,14,2015-08-14,,SILVER,181377,1,1,PHONE
M0008962,1,44,23,2013-02-27,,PLATINUM,823547,1,1,STORE
M0008963,2,23,27,2018-08-12,,BRONZE,54845,0,0,WEB
M0008964,2,42,13,2017-05-20,,SILVER,231274,0,1,STORE
M0008965,1,58,23,2025-05-31,2025-12-31,BRONZE,145041,1,1,APP
M0008966,1,65,40,2023-07-15,,SILVER,115514,1,1,WEB
M0008967,2,20,13,2019-08-14,,BRONZE,25612,0,1,STORE
M0008968,1,43,08,2024-05-02,2025-12-31,GOLD,464171,1,0,APP
M0008969,2,41,12,2015-04-10,,SILVER,164182,0,1,STORE
M0008970,2,59,13,2011-10-26,,SILVER,233246,1,1,APP
M0008971,2,46,07,2018-12-20,,PLATINUM,1007009,0,1,STORE
M0008972,1,52,13,2010-12-29,,GOLD,449565,1,0,WEB
M0008973,2,17,23,2025-02-01,,PLATINUM,750870,0,0,PHONE
M0008974,1,30,01,2011-12-13,,BRONZE,31810,0,0,STORE
M0008975,1,47,23,2023-09-14,2025-04-14,GOLD,827899,1,1,STORE
M0008976,1,38,15,2020-09-28,,BRONZE,46859,0,1,WEB
M0008977,1,59,40,2013-12-12,,GOLD,469237,0,1,WEB
M0008978,2,63,27,2018-07-11,,SILVER,211165,1,1,WEB
M0008979,2,66,23,2018-09-14,2025-12-31,SILVER,226756,1,1,WEB
M0008980,2,42,14,2021-10-22,,BRONZE,43400,1,1,WEB
M0008981,2,69,13,2016-10-30,2023-07-07,BRONZE,77751,1,0,STORE
M0008982,2,46,11,2019-06-30,,SILVER,331578,1,1,APP
M0008983,2,72,27,2016-08-25,,BRONZE,20309,1,1,PHONE
M0008984,2,48,11,2011-07-15,,SILVER,282852,0,0,APP
M0008985,2,60,01,2021-05-16,2025-12-31,BRONZE,121640,1,1,WEB
M0008986,2,32,19,2014-02-14,,BRONZE,40972,1,1,APP
M0008987,1,25,30,2014-06-18,2024-03-17,BRONZE,114313,0,1,APP
M0008988,9,39,02,2015-04-22,,BRONZE,294095,1,1,PHONE
M0008989,1,34,35,2019-01-25,,BRONZE,102572,1,0,APP
M0008990,1,78,28,2021-04-28,,GOLD,183180,1,1,WEB
M0008991,2,42,07,2023-01-14,,BRONZE,77434,1,1,APP
M0008992,1,55,18,2019-07-21,,BRONZE,109179,1,1,WEB
M0008993,1,32,25,2016-05-13,,BRONZE,40692,0,0,STORE
M0008994,1,43,16,2025-02-24,,GOLD,677776,1,0,APP
M0008995,1,64,36,2017-08-08,,BRONZE,51091,1,1,STORE
M0008996,2,21,11,2012-04-30,,GOLD,391470,1,0,STORE
M0008997,2,46,42,2022-10-29,,SILVER,262707,1,0,APP
M0008998,2,48,40,2025-01-07,,BRONZE,31233,0,0,STORE
M0008999,9,41,13,2014-08-27,,GOLD,403528,1,1,APP
M0009000,2,27,27,2013-07-10,,SILVER,143937,1,0,WEB
M0009001,2,37,28,2015-08-20,,GOLD,307005,1,0,WEB
M0009002,1,24,13,2015-07-01,,BRONZE,26123,0,1,STORE
M0009003,2,54,13,2013-01-29,,SILVER,178660,1,1,STORE
M0009004,1,50,40,2010-07-22,,SILVER,108262,1,1,WEB
M0009005,1,40,01,2013-01-01,,BRONZE,62048,0,0,APP
M0009006,2,30,13,2014-09-29,,GOLD,745256,0,1,WEB
M0009007,1,76,28,2013-01-06,,GOLD,619361,1,0,WEB
M0009008,2,18,02,2013-03-13,2014-05-22,SILVER,124620,0,0,APP
M0009009,2,44,17,2025-02-03,,GOLD,343878,1,1,WEB
M0009010,1,39,02,2013-06-23,,BRONZE,53465,1,1,STORE
M0009011,1,36,27,2023-02-23,2025-12-31,SILVER,247590,0,1,PHONE
M0009012,2,59,47,2019-02-26,,BRONZE,67627,1,1,STORE
M0009013,2,51,34,2016-12-23,,PLATINUM,1199452,1,1,WEB
M0009014,1,41,40,2022-06-29,2025-12-31,SILVER,244415,1,1,PHONE
M0009015,9,49,13,2010-04-09,,GOLD,506884,1,1,STORE
M0009016,2,48,23,2021-12-02,2025-12-31,BRONZE,54925,1,0,WEB
M0009017,2,76,31,2016-08-28,,BRONZE,28723,1,1,WEB
M0009018,1,44,25,2023-04-08,,GOLD,536383,1,1,STORE
M0009019,2,28,35,2025-05-25,,BRONZE,95453,0,0,PHONE
M0009020,2,43,44,2021-09-13,,BRONZE,32452,1,1,STORE
M0009021,1,51,07,2011-10-31,,SILVER,278563,1,1,STORE
M0009022,9,39,13,2025-08-16,,BRONZE,59608,1,1,STORE
M0009023,2,59,13,2022-02-27,,SILVER,417356,0,1,WEB
M0009024,2,50,13,2010-04-18,,GOLD,224042,1,1,STORE
M0009025,2,45,27,2013-01-16,,SILVER,103716,1,1,WEB
M0009026,2,51,13,2025-10-22,,SILVER,78638,1,1,APP
M0009027,2,59,11,2023-05-22,,BRONZE,111651,1,1,WEB
M0009028,2,64,19,2016-07-23,,BRONZE,69835,1,0,WEB
M0009029,1,48,13,2025-04-21,,BRONZE,48998,1,1,STORE
M0009030,1,35,22,2017-08-24,,GOLD,442203,0,1,STORE
M0009031,1,49,38,2023-11-17,,BRONZE,14222,1,1,APP
M0009032,2,57,13,2019-03-29,,GOLD,224251,1,0,WEB
M0009033,1,49,13,2020-07-25,,BRONZE,39408,1,1,WEB
M0009034,2,43,11,2010-02-19,,GOLD,446725,0,1,STORE
M0009035,2,28,32,2025-07-10,,BRONZE,221220,0,1,STORE
M0009036,1,56,10,2012-11-27,,GOLD,1112598,1,1,PHONE
M0009037,2,36,13,2013-05-31,,GOLD,252040,1,1,WEB
M0009038,2,39,03,2017-02-19,,BRONZE,42029,1,1,APP
M0009039,1,39,24,2022-01-31,,PLATINUM,1285708,1,0,WEB
M0009040,1,48,27,2022-04-25,,BRONZE,49821,0,1,APP
M0009041,1,20,12,2020-01-10,,BRONZE,45041,0,0,APP
M0009042,1,50,23,2023-12-03,,PLATINUM,1805144,1,1,WEB
M0009043,1,28,27,2021-02-05,,BRONZE,67434,0,1,WEB
M0009044,2,28,35,2012-05-13,,BRONZE,31607,0,0,STORE
M0009045,1,55,27,2022-07-16,,BRONZE,84999,0,0,APP
M0009046,1,23,29,2014-03-17,,PLATINUM,771738,0,0,PHONE
M0009047,1,55,06,2018-04-25,,GOLD,953128,1,1,STORE
M0009048,1,42,27,2019-09-20,2025-12-31,BRONZE,66564,1,0,WEB
M0009049,9,64,07,2016-04-10,2025-04-01,BRONZE,12728,0,1,PHONE
M0009050,1,63,13,2015-10-11,,SILVER,149054,1,1,STORE
M0009051,1,45,27,2014-04-15,,GOLD,915802,0,1,WEB
M0009052,2,47,14,2014-10-08,,BRONZE,8424,1,1,PHONE
M0009053,2,57,34,2025-10-11,,BRONZE,34336,0,0,STORE
M0009054,2,65,37,2016-02-19,,SILVER,355360,1,0,WEB
M0009055,2,43,27,2017-07-26,,BRONZE,21422,1,1,APP
M0009056,2,50,11,2021-03-24,,SILVER,411285,1,1,PHONE
M0009057,2,46,45,2013-12-24,,SILVER,220878,1,1,WEB
M0009058,9,34,02,2013-03-06,,SILVER,173421,1,0,WEB
M0009059,1,23,13,2013-05-12,2022-12-09,SILVER,182354,1,1,STORE
M0009060,2,44,40,2010-12-28,,GOLD,448998,1,1,STORE
M0009061,2,63,11,2017-03-22,,SILVER,297667,1,1,APP
M0009062,2,50,14,2010-01-21,,GOLD,552973,0,1,PHONE
M0009063,2,22,23,2016-01-22,,SILVER,108369,0,0,WEB
M0009064,2,59,10,2018-06-05,,BRONZE,62087,1,1,WEB
M0009065,1,35,05,2014-02-17,,SILVER,150330,0,1,WEB
M0009066,2,47,14,2014-01-01,2017-08-01,BRONZE,38474,1,0,WEB
M0009067,1,57,10,2019-08-12,,BRONZE,69485,0,1,WEB
M0009068,2,24,23,2018-12-27,,SILVER,167832,0,0,APP
M0009069,2,70,18,2022-08-15,,PLATINUM,1133184,1,1,APP
M0009070,1,60,13,2024-02-05,,SILVER,350028,0,1,APP
M0009071,1,36,40,2013-12-21,,SILVER,303680,1,1,STORE
M0009072,1,48,40,2014-09-13,2023-10-11,SILVER,74682,1,0,APP
M0009073,2,81,14,2018-05-24,,SILVER,212828,1,1,STORE
M0009074,2,57,06,2012-12-08,,BRONZE,70124,1,0,WEB
M0009075,2,44,28,2021-08-26,,BRONZE,24730,1,1,STORE
M0009076,1,89,40,2010-01-10,,BRONZE,27122,1,0,WEB
M0009077,2,42,23,2015-11-18,,GOLD,401771,1,1,WEB
M0009078,2,50,06,2025-09-14,2025-12-31,BRONZE,33944,1,0,APP
M0009079,1,24,03,2021-09-28,2025-12-31,SILVER,158853,1,0,STORE
M0009080,1,48,17,2018-04-09,,SILVER,274950,0,1,STORE
M0009081,2,35,30,2010-01-22,,BRONZE,96078,1,0,STORE
M0009082,1,41,10,2022-11-01,,BRONZE,44214,0,0,STORE
M0009083,1,46,27,2017-02-18,,PLATINUM,928020,1,0,STORE
M0009084,1,16,29,2023-09-24,2025-12-31,BRONZE,84018,0,1,WEB
M0009085,1,51,14,2022-07-17,,BRONZE,124792,0,0,WEB
M0009086,1,26,02,2025-12-04,,BRONZE,45474,0,0,STORE
M0009087,1,50,46,2011-11-20,2016-05-01,BRONZE,33028,1,1,APP
M0009088,2,56,14,2023-10-03,2025-12-31,SILVER,179561,0,0,STORE
M0009089,2,33,27,2021-05-21,,GOLD,376296,1,1,APP
M0009090,1,24,27,2014-09-15,,BRONZE,21670,0,1,STORE
M0009091,2,66,46,2023-07-07,,BRONZE,69858,1,1,WEB
M0009092,2,55,11,2019-01-12,,SILVER,256720,0,0,WEB
M0009093,1,43,19,2020-07-23,,BRONZE,46608,1,0,APP
M0009094,1,65,13,2025-05-28,,BRONZE,25516,1,0,WEB
M0009095,1,41,27,2019-03-02,,SILVER,204710,1,1,WEB
M0009096,2,29,13,2020-02-19,,SILVER,152352,0,0,WEB
M0009097,2,23,24,2023-11-06,,PLATINUM,618892,1,1,STORE
M0009098,1,38,13,2022-04-22,,SILVER,136869,0,1,PHONE
M0009099,2,53,38,2020-04-04,,BRONZE,93689,1,1,WEB
M0009100,9,64,02,2024-07-04,,SILVER,154480,0,1,STORE
M0009101,1,40,36,2024-07-26,,BRONZE,94898,0,1,PHONE
M0009102,2,61,40,2019-10-27,2023-03-20,BRONZE,21880,1,1,STORE
M0009103,2,36,23,2011-07-30,,BRONZE,64399,1,1,WEB
M0009104,2,27,13,2021-01-29,,BRONZE,75499,0,1,PHONE
M0009105,2,18,11,2015-04-29,2017-07-29,SILVER,83757,0,0,WEB
M0009106,2,31,01,2019-05-31,,BRONZE,164535,0,1,PHONE
M0009107,1,18,13,2016-01-13,,GOLD,390503,0,1,WEB
M0009108,1,74,45,2015-06-02,,BRONZE,37863,1,1,PHONE
M0009109,2,47,13,2025-08-06,,SILVER,160287,1,1,PHONE
M0009110,1,38,27,2013-12-24,,SILVER,170293,1,0,APP
M0009111,9,69,01,2012-07-27,,PLATINUM,552363,0,0,APP
M0009112,1,18,23,2020-02-20,,SILVER,268652,0,1,PHONE
M0009113,2,38,27,2020-04-23,,GOLD,330085,0,1,STORE
M0009114,2,74,46,2025-09-12,2025-12-31,BRONZE,42506,1,1,APP
M0009115,1,38,27,2010-12-02,,BRONZE,79420,0,0,APP
M0009116,2,82,28,2024-08-28,,BRONZE,85081,1,0,WEB
M0009117,1,53,13,2023-06-08,,SILVER,278660,0,0,WEB
M0009118,2,62,13,2013-05-11,,BRONZE,56257,1,0,APP
M0009119,2,63,23,2023-02-06,,BRONZE,49766,1,1,STORE
M0009120,2,40,22,2023-06-27,2025-12-31,BRONZE,33754,1,0,APP
M0009121,2,32,23,2011-11-03,,SILVER,547152,0,0,STORE
M0009122,9,38,14,2010-05-04,,BRONZE,39864,1,0,WEB
M0009123,2,23,13,2020-07-28,,GOLD,435000,0,1,STORE
M0009124,1,39,41,2019-06-07,,SILVER,86441,0,0,STORE
M0009125,2,40,27,2023-10-24,,PLATINUM,704137,1,1,STORE
M0009126,9,69,28,2024-11-19,,PLATINUM,558246,0,0,WEB
M0009127,1,50,13,2011-08-31,,BRONZE,45048,0,1,WEB
M0009128,2,80,13,2025-05-08,,BRONZE,57181,1,1,WEB
M0009129,1,36,13,2023-08-27,,BRONZE,68453,0,0,APP
M0009130,2,19,13,2019-08-26,,GOLD,366026,0,1,STORE
M0009131,1,34,23,2015-10-11,,BRONZE,30864,0,1,STORE
M0009132,2,65,40,2020-02-04,,BRONZE,77041,1,0,STORE
M0009133,1,38,21,2019-01-14,,BRONZE,44419,1,1,APP
M0009134,2,15,13,2016-03-28,2025-11-09,SILVER,123140,0,0,APP
M0009135,1,36,11,2011-04-03,,BRONZE,44864,0,1,STORE
M0009136,2,20,11,2021-07-30,,SILVER,296367,0,1,PHONE
M0009137,2,16,27,2014-11-22,,SILVER,160593,0,1,WEB
M0009138,2,74,13,2013-12-06,,PLATINUM,908117,1,0,APP
M0009139,1,34,13,2016-01-02,,PLATINUM,1112463,1,1,PHONE
M0009140,1,43,13,2010-07-17,,GOLD,293627,1,1,PHONE
M0009141,1,38,40,2016-04-07,,BRONZE,85597,0,0,WEB
M0009142,2,36,13,2023-05-14,,BRONZE,93406,0,0,STORE
M0009143,1,26,40,2021-09-13,,BRONZE,63698,0,0,WEB
M0009144,2,35,11,2010-12-19,,SILVER,179343,1,1,WEB
M0009145,1,46,11,2015-04-13,,BRONZE,185326,1,0,STORE
M0009146,2,64,27,2020-08-20,,BRONZE,11441,1,0,PHONE
M0009147,1,56,23,2024-11-24,,BRONZE,98296,0,0,APP
M0009148,2,19,40,2016-12-28,,BRONZE,19872,0,0,WEB
M0009149,1,57,46,2025-10-24,,BRONZE,49412,0,0,WEB
M0009150,1,48,13,2010-09-10,,BRONZE,50865,0,0,STORE
M0009151,1,29,13,2024-07-26,,BRONZE,48295,0,1,WEB
M0009152,1,43,25,2012-07-22,,GOLD,597683,1,0,APP
M0009153,2,50,27,2021-09-02,,SILVER,125473,0,0,WEB
M0009154,9,41,27,2011-08-12,,BRONZE,26581,1,1,WEB
M0009155,2,48,32,2025-10-31,,GOLD,603973,1,1,WEB
M0009156,2,25,23,2013-06-06,,SILVER,283004,0,1,WEB
M0009157,2,74,01,2015-11-21,,BRONZE,16526,0,1,APP
M0009158,1,66,13,2020-03-01,,GOLD,599401,1,1,APP
M0009159,1,50,27,2010-10-21,,BRONZE,13094,1,1,WEB
M0009160,1,46,27,2019-02-17,,GOLD,371433,0,0,WEB
M0009161,1,51,17,2014-09-04,2015-09-27,BRONZE,43491,0,0,APP
M0009162,2,28,40,2016-12-05,,BRONZE,55290,0,1,WEB
M0009163,2,60,28,2015-04-30,,SILVER,219544,0,1,STORE
M0009164,2,38,39,2023-06-28,,GOLD,679138,1,0,STORE
M0009165,2,20,46,2017-04-22,,SILVER,135118,0,1,STORE
M0009166,1,21,13,2022-01-18,2025-12-31,PLATINUM,592497,0,1,PHONE
M0009167,2,42,28,2010-09-01,2015-09-22,BRONZE,76257,1,1,STORE
M0009168,1,39,06,2020-12-03,,GOLD,1070546,0,0,PHONE
M0009169,1,71,19,2016-02-19,,BRONZE,96401,0,1,WEB
M0009170,1,58,38,2019-08-01,,BRONZE,90584,1,1,APP
M0009171,1,71,09,2023-07-19,,SILVER,281475,0,0,WEB
M0009172,2,69,05,2021-02-20,2025-12-31,BRONZE,85384,1,1,WEB
M0009173,1,34,13,2015-08-29,2016-09-11,BRONZE,24969,0,1,WEB
M0009174,1,25,28,2013-08-17,,SILVER,612482,0,0,WEB
M0009175,2,28,01,2024-03-13,,BRONZE,108965,0,1,STORE
M0009176,9,33,06,2014-02-27,,GOLD,455374,0,0,APP
M0009177,2,70,28,2010-07-26,,PLATINUM,508382,1,1,STORE
M0009178,2,26,40,2014-10-09,,GOLD,471878,0,1,PHONE
M0009179,2,36,23,2010-03-04,,SILVER,128264,1,1,STORE
M0009180,1,31,44,2021-11-09,,BRONZE,65370,1,1,WEB
M0009181,1,46,14,2024-03-27,,PLATINUM,531659,1,1,STORE
M0009182,1,62,19,2016-12-01,,BRONZE,17221,1,0,APP
M0009183,1,69,01,2019-10-28,,BRONZE,90482,1,0,WEB
M0009184,9,17,11,2025-05-09,,SILVER,187401,0,1,APP
M0009185,2,65,40,2024-10-20,,SILVER,182194,1,1,WEB
M0009186,9,52,23,2010-08-23,2019-10-11,BRONZE,27130,1,1,STORE
M0009187,2,36,21,2011-02-08,2017-11-16,BRONZE,24359,1,0,WEB
M0009188,2,69,13,2016-02-18,,BRONZE,125883,1,0,WEB
M0009189,2,17,37,2014-06-19,,BRONZE,41633,0,1,STORE
M0009190,2,56,18,2012-06-23,,BRONZE,24241,1,1,WEB
M0009191,2,39,14,2012-06-02,,PLATINUM,964592,0,0,WEB
M0009192,1,50,13,2023-01-23,,GOLD,590349,1,1,WEB
M0009193,2,46,13,2013-02-07,,BRONZE,34517,0,1,APP
M0009194,1,36,13,2017-09-03,,BRONZE,105476,0,1,STORE
M0009195,2,53,13,2010-09-20,,PLATINUM,936317,1,1,APP
M0009196,1,39,13,2019-12-03,,SILVER,276738,0,1,STORE
M0009197,2,61,43,2021-11-11,,SILVER,329001,1,1,WEB
M0009198,1,61,12,2019-07-27,,PLATINUM,668200,1,1,STORE
M0009199,1,24,24,2014-07-24,,PLATINUM,753461,0,1,WEB
M0009200,2,54,28,2011-04-08,,BRONZE,21700,1,0,APP
M0009201,1,23,01,2016-05-28,,SILVER,325791,0,0,STORE
M0009202,9,41,33,2022-07-17,,SILVER,155882,1,1,PHONE
M0009203,1,51,27,2011-12-01,,GOLD,189232,0,1,STORE
M0009204,1,26,05,2023-02-25,2025-12-31,SILVER,87274,0,1,APP
M0009205,1,53,35,2024-08-12,,SILVER,190854,1,1,WEB
M0009206,2,31,39,2019-09-20,,BRONZE,45543,1,1,WEB
M0009207,2,30,11,2023-07-05,2024-10-23,BRONZE,45524,0,1,WEB
M0009208,1,52,30,2014-06-30,,SILVER,191432,0,1,APP
M0009209,1,26,23,2019-12-10,,BRONZE,338140,0,1,WEB
M0009210,2,25,27,2021-08-02,2024-07-17,GOLD,260552,0,1,PHONE
M0009211,2,58,27,2021-06-10,,SILVER,50501,1,0,APP
M0009212,1,42,11,2021-03-18,2025-09-08,GOLD,361028,1,1,WEB
M0009213,1,15,27,2013-02-08,,GOLD,274831,0,0,APP
M0009214,1,55,13,2024-08-07,,SILVER,331915,1,1,STORE
M0009215,1,33,13,2020-11-29,,SILVER,153821,0,1,STORE
M0009216,2,16,30,2011-11-17,,GOLD,329458,0,1,APP
M0009217,9,26,33,2020-03-26,,BRONZE,18126,0,1,WEB
M0009218,9,55,32,2024-07-22,,SILVER,194902,0,1,WEB
M0009219,2,25,28,2010-05-20,,GOLD,500772,1,1,WEB
M0009220,1,19,39,2024-03-12,,BRONZE,14926,0,1,APP
M0009221,9,51,23,2015-04-14,,SILVER,150342,1,1,WEB
M0009222,1,54,11,2014-10-05,2021-06-17,BRONZE,33807,0,1,APP
M0009223,1,27,11,2017-10-20,2025-04-06,BRONZE,32122,1,1,WEB
M0009224,2,56,27,2021-06-17,,GOLD,259835,0,1,APP
M0009225,1,75,01,2011-08-25,,BRONZE,43794,1,1,PHONE
M0009226,2,63,11,2014-03-22,,BRONZE,30720,1,0,PHONE
M0009227,9,60,45,2022-12-03,,BRONZE,90949,1,1,APP
M0009228,2,45,13,2013-10-05,,GOLD,713476,0,1,STORE
M0009229,2,32,13,2015-08-05,,BRONZE,53466,1,0,WEB
M0009230,1,39,14,2020-04-07,,SILVER,180289,1,1,APP
M0009231,1,47,27,2014-01-04,,SILVER,378588,0,0,WEB
M0009232,2,19,47,2010-10-20,,SILVER,166890,0,1,APP
M0009233,2,27,28,2018-06-10,,PLATINUM,1065302,0,1,WEB
M0009234,2,16,14,2011-07-18,,GOLD,359899,0,1,APP
M0009235,1,44,12,2016-03-07,2022-04-03,BRONZE,25577,0,1,WEB
M0009236,1,41,11,2020-07-24,,GOLD,460895,1,0,STORE
M0009237,1,29,27,2021-10-31,,SILVER,577712,1,0,WEB
M0009238,2,54,40,2025-03-25,,PLATINUM,1059526,1,1,APP
M0009239,2,22,14,2023-12-13,,PLATINUM,874165,0,1,APP
M0009240,9,28,12,2010-07-18,2013-08-18,BRONZE,42574,1,0,STORE
M0009241,1,53,24,2017-10-14,,BRONZE,41624,1,1,WEB
M0009242,2,56,27,2010-05-14,,SILVER,273926,0,1,APP
M0009243,1,26,01,2022-10-27,,BRONZE,112013,0,1,APP
M0009244,1,44,07,2011-03-13,,BRONZE,92198,1,1,APP
M0009245,1,27,40,2022-06-09,,PLATINUM,1875303,1,1,STORE
M0009246,2,37,23,2010-01-10,,SILVER,284012,0,1,WEB
M0009247,2,42,14,2011-10-11,,BRONZE,82931,1,0,PHONE
M0009248,1,50,40,2024-11-08,,BRONZE,30256,1,1,STORE
M0009249,2,45,11,2012-12-23,,GOLD,547556,1,1,WEB
M0009250,2,45,14,2017-08-02,,PLATINUM,806394,1,1,PHONE
M0009251,1,22,23,2018-04-30,,GOLD,281454,1,0,PHONE
M0009252,1,47,16,2021-01-27,,BRONZE,62671,1,1,WEB
M0009253,2,49,40,2024-12-17,,BRONZE,22484,1,0,WEB
M0009254,2,52,41,2016-08-30,2025-12-31,PLATINUM,1755984,1,1,WEB
M0009255,2,28,27,2019-08-28,2022-02-05,PLATINUM,855939,0,1,STORE
M0009256,1,56,11,2025-12-15,,BRONZE,79498,1,1,WEB
M0009257,2,18,01,2011-09-25,2016-05-30,BRONZE,94372,0,0,PHONE
M0009258,2,33,28,2017-09-05,,SILVER,180587,1,1,WEB
M0009259,1,35,42,2014-11-09,,BRONZE,11684,1,1,PHONE
M0009260,1,19,14,2025-01-11,2025-12-31,SILVER,155270,0,1,APP
M0009261,9,35,40,2019-11-03,,BRONZE,47474,1,1,PHONE
M0009262,1,44,01,2020-05-24,,GOLD,409051,1,1,WEB
M0009263,2,61,01,2012-12-30,2016-11-26,BRONZE,40323,0,1,WEB
M0009264,2,33,20,2025-03-01,,BRONZE,95336,1,0,PHONE
M0009265,1,50,21,2011-01-29,,BRONZE,33442,1,1,WEB
M0009266,2,75,13,2017-12-03,,BRONZE,28149,1,1,WEB
M0009267,2,44,17,2021-03-11,,SILVER,335139,1,1,WEB
M0009268,2,42,08,2024-01-24,,BRONZE,56664,1,0,STORE
M0009269,2,44,28,2014-05-17,,BRONZE,77543,1,1,APP
M0009270,2,50,14,2015-05-06,,GOLD,291830,1,1,APP
M0009271,1,57,36,2010-08-10,,SILVER,362099,1,1,WEB
M0009272,2,52,10,2020-07-31,,SILVER,228498,1,1,STORE
M0009273,2,62,27,2013-02-25,,BRONZE,49761,1,1,APP
M0009274,2,61,14,2019-11-16,2023-07-15,PLATINUM,990559,1,0,WEB
M0009275,2,39,07,2011-05-12,,PLATINUM,712466,1,1,WEB
M0009276,1,38,37,2017-10-16,,BRONZE,93936,1,1,WEB
M0009277,2,36,23,2017-08-28,,GOLD,186353,0,1,STORE
M0009278,1,19,33,2018-01-09,,GOLD,327520,0,0,PHONE
M0009279,1,49,40,2014-12-09,2017-12-22,GOLD,897032,1,1,PHONE
M0009280,2,60,40,2012-09-21,2019-09-11,GOLD,358445,1,1,APP
M0009281,2,52,04,2022-06-01,,BRONZE,82120,0,0,WEB
M0009282,9,39,13,2024-06-30,,BRONZE,35306,0,1,PHONE
M0009283,2,73,13,2014-06-06,,PLATINUM,533822,1,0,APP
M0009284,1,57,09,2017-04-08,,BRONZE,51565,1,1,PHONE
M0009285,2,33,27,2011-09-29,,SILVER,264204,0,1,PHONE
M0009286,1,77,13,2012-06-04,,BRONZE,52168,1,1,WEB
M0009287,2,21,13,2015-08-23,,BRONZE,23316,1,1,WEB
M0009288,2,15,27,2021-04-09,,BRONZE,22079,0,1,STORE
M0009289,1,33,27,2020-10-07,,BRONZE,18282,0,1,PHONE
M0009290,1,27,14,2021-08-20,,BRONZE,116011,0,1,WEB
M0009291,1,34,41,2011-06-05,,SILVER,186477,1,1,STORE
M0009292,2,54,12,2010-09-21,,GOLD,241428,1,0,WEB
M0009293,2,39,05,2014-05-27,2020-10-25,SILVER,223255,1,1,STORE
M0009294,1,40,13,2015-04-30,,GOLD,564047,0,1,APP
M0009295,1,41,27,2018-03-23,2025-12-31,BRONZE,231682,0,1,WEB
M0009296,1,50,35,2019-05-08,,GOLD,371580,0,1,PHONE
M0009297,1,34,12,2013-01-03,,BRONZE,31631,1,1,WEB
M0009298,2,33,22,2023-02-23,,BRONZE,76043,0,1,WEB
M0009299,2,26,14,2021-12-12,2025-12-31,BRONZE,121860,0,1,STORE
M0009300,1,36,28,2014-12-21,,PLATINUM,1385365,1,1,WEB
M0009301,2,64,23,2020-05-02,,BRONZE,19090,1,0,WEB
M0009302,1,39,27,2014-10-18,,BRONZE,64906,0,1,WEB
M0009303,1,18,25,2010-12-21,,BRONZE,103107,0,0,APP
M0009304,2,27,14,2021-10-14,2025-12-31,BRONZE,42362,0,1,WEB
M0009305,1,69,11,2011-05-19,,BRONZE,41012,1,1,APP
M0009306,2,66,13,2013-07-05,,BRONZE,114179,1,1,WEB
M0009307,2,50,12,2014-11-06,,SILVER,208915,1,1,PHONE
M0009308,2,58,20,2024-05-03,,SILVER,203989,1,0,APP
M0009309,1,45,40,2019-05-19,,SILVER,330045,1,1,WEB
M0009310,2,47,45,2022-08-25,,GOLD,536033,0,0,STORE
M0009311,1,40,27,2024-07-12,2025-12-31,PLATINUM,959633,1,1,WEB
M0009312,2,30,32,2024-04-16,2025-12-31,BRONZE,38003,1,0,WEB
M0009313,1,34,08,2019-10-01,,BRONZE,34220,0,0,WEB
M0009314,2,29,38,2015-08-30,2020-01-04,PLATINUM,590245,0,1,STORE
M0009315,1,21,15,2016-06-17,,SILVER,156044,0,1,WEB
M0009316,2,63,23,2012-08-26,,BRONZE,38227,1,0,STORE
M0009317,2,55,40,2019-06-02,,BRONZE,183303,1,1,STORE
M0009318,1,35,25,2019-05-13,,GOLD,586150,1,1,APP
M0009319,2,46,29,2025-07-23,,GOLD,367467,0,1,WEB
M0009320,1,47,28,2013-01-15,,BRONZE,89687,1,0,PHONE
M0009321,2,80,06,2022-02-10,2025-12-31,BRONZE,52427,1,1,STORE
M0009322,1,55,11,2014-04-05,,SILVER,146025,0,1,WEB
M0009323,1,54,27,2011-04-05,,BRONZE,74348,1,1,WEB
M0009324,2,41,13,2016-05-29,,GOLD,531213,1,1,STORE
M0009325,2,33,12,2025-06-03,,BRONZE,23568,1,1,APP
M0009326,2,64,03,2017-05-28,,SILVER,148577,1,1,WEB
M0009327,2,51,02,2012-12-22,2021-10-29,GOLD,443663,1,1,WEB
M0009328,1,26,28,2015-02-28,,GOLD,204814,1,1,WEB
M0009329,1,48,14,2021-02-12,,SILVER,173326,1,0,APP
M0009330,2,54,27,2014-07-22,,SILVER,249336,0,1,WEB
M0009331,2,57,13,2013-09-15,,SILVER,151300,1,1,STORE
M0009332,1,24,13,2013-12-12,,GOLD,291859,0,1,STORE
M0009333,1,46,01,2011-04-25,,BRONZE,76467,1,1,WEB
M0009334,2,34,18,2021-01-16,,SILVER,351083,0,1,APP
M0009335,2,16,36,2015-02-17,,GOLD,226031,0,1,STORE
M0009336,2,35,13,2014-11-23,2020-04-26,GOLD,246161,1,0,APP
M0009337,1,48,24,2015-04-04,,BRONZE,38428,0,0,APP
M0009338,2,49,01,2021-02-10,,GOLD,320643,1,1,WEB
M0009339,2,67,14,2023-12-27,,SILVER,148581,0,1,WEB
M0009340,1,41,09,2021-11-20,,BRONZE,45330,1,1,WEB
M0009341,1,34,46,2019-01-31,,PLATINUM,568300,1,1,STORE
M0009342,1,18,40,2021-06-05,,BRONZE,34986,0,0,STORE
M0009343,2,33,01,2013-08-19,,GOLD,588590,1,1,APP
M0009344,1,52,27,2024-08-18,,SILVER,438297,1,1,WEB
M0009345,2,53,27,2019-10-20,,SILVER,202619,1,1,WEB
M0009346,2,44,13,2025-04-10,,GOLD,452531,1,1,STORE
M0009347,1,49,13,2014-04-15,,GOLD,214209,1,1,STORE
M0009348,2,62,09,2012-05-08,,GOLD,245273,1,1,APP
M0009349,2,41,13,2021-06-08,,SILVER,260468,1,1,WEB
M0009350,1,63,03,2015-02-17,,SILVER,279402,1,1,WEB
M0009351,2,28,32,2013-04-29,,GOLD,452741,0,0,PHONE
M0009352,2,39,29,2022-08-09,2025-09-24,BRONZE,100765,0,1,WEB
M0009353,1,32,14,2018-07-12,,BRONZE,187874,0,1,STORE
M0009354,2,53,13,2022-07-05,,GOLD,449466,1,0,WEB
M0009355,2,23,11,2013-11-25,,SILVER,294999,1,0,WEB
M0009356,1,35,27,2011-02-19,2017-07-04,BRONZE,27571,0,1,PHONE
M0009357,9,75,40,2016-07-22,,GOLD,336486,0,1,WEB
M0009358,2,50,28,2025-05-24,,SILVER,273653,1,1,APP
M0009359,2,61,12,2019-05-17,,GOLD,517021,1,1,APP
M0009360,1,55,27,2023-09-13,,BRONZE,110743,1,1,APP
M0009361,1,54,27,2023-06-28,,GOLD,521572,0,1,WEB
M0009362,1,54,32,2024-05-21,,BRONZE,47260,1,1,STORE
M0009363,2,52,41,2017-05-05,,BRONZE,91399,1,1,WEB
M0009364,2,50,12,2013-04-09,,BRONZE,66343,1,0,STORE
M0009365,2,52,28,2024-05-25,,SILVER,741852,1,0,WEB
M0009366,1,29,12,2018-01-06,2024-12-29,BRONZE,34997,0,0,WEB
M0009367,2,37,13,2015-02-14,,SILVER,200345,0,1,PHONE
M0009368,2,41,35,2017-01-18,2025-12-31,SILVER,94046,0,0,WEB
M0009369,2,34,27,2022-07-10,,SILVER,196560,0,1,WEB
M0009370,2,56,03,2015-10-07,,BRONZE,34628,1,1,WEB
M0009371,2,19,27,2023-04-22,,BRONZE,37114,1,1,STORE
M0009372,1,44,07,2013-08-21,,SILVER,297584,0,1,WEB
M0009373,2,55,16,2015-01-31,,SILVER,251076,1,1,APP
M0009374,9,40,15,2012-03-26,,BRONZE,69330,0,1,WEB
M0009375,2,87,11,2023-12-10,,SILVER,84145,1,1,WEB
M0009376,1,24,01,2023-12-06,2025-12-31,BRONZE,61110,1,1,STORE
M0009377,9,48,01,2013-04-25,2016-07-30,BRONZE,431826,1,0,STORE
M0009378,1,62,08,2018-06-27,,GOLD,304351,1,0,WEB
M0009379,1,58,23,2022-08-31,2024-08-15,BRONZE,79184,1,1,WEB
M0009380,1,51,23,2019-08-13,,BRONZE,21817,0,0,APP
M0009381,2,58,04,2020-04-29,,BRONZE,130626,1,1,PHONE
M0009382,1,41,13,2014-03-09,,SILVER,168902,1,1,WEB
M0009383,2,68,12,2010-06-20,2011-11-09,GOLD,291958,1,0,WEB
M0009384,2,62,13,2024-12-17,,SILVER,113404,1,0,APP
M0009385,2,26,09,2024-08-11,,GOLD,415145,0,0,WEB
M0009386,2,45,40,2024-12-25,,SILVER,143492,0,0,WEB
M0009387,2,19,29,2010-09-10,,BRONZE,65793,0,1,STORE
M0009388,2,66,13,2020-09-28,,SILVER,162238,1,0,WEB
M0009389,1,44,11,2014-01-06,2019-10-15,BRONZE,48375,0,1,WEB
M0009390,1,63,13,2015-02-17,,BRONZE,21219,1,0,WEB
M0009391,2,38,32,2016-08-09,2020-10-10,BRONZE,44624,1,1,APP
M0009392,2,55,13,2013-09-22,2017-11-06,BRONZE,123122,0,0,WEB
M0009393,2,85,23,2019-07-09,,BRONZE,53847,1,0,APP
M0009394,1,42,13,2019-07-11,,BRONZE,140303,1,1,WEB
M0009395,2,23,21,2024-11-07,,GOLD,156445,1,1,WEB
M0009396,2,59,14,2023-04-30,,GOLD,505775,0,0,WEB
M0009397,2,75,01,2021-03-28,,BRONZE,114909,0,1,WEB
M0009398,2,37,13,2025-06-22,2025-12-31,GOLD,272232,0,1,STORE
M0009399,2,38,14,2016-11-07,,BRONZE,62673,1,1,APP
M0009400,2,44,13,2011-02-03,,BRONZE,5984,1,1,STORE
M0009401,2,21,28,2024-01-25,,GOLD,584008,1,0,WEB
M0009402,2,28,13,2015-05-08,,BRONZE,28840,0,0,WEB
M0009403,2,70,47,2017-02-21,,BRONZE,15670,1,1,APP
M0009404,2,38,40,2016-04-04,,BRONZE,146282,1,1,WEB
M0009405,2,26,01,2024-07-30,,SILVER,252560,0,0,WEB
M0009406,2,32,14,2015-11-27,,SILVER,138918,1,1,STORE
M0009407,2,58,27,2020-12-10,,SILVER,145637,1,0,STORE
M0009408,1,44,29,2020-09-07,,BRONZE,77723,1,1,APP
M0009409,2,44,16,2018-11-24,,BRONZE,46587,1,0,WEB
M0009410,2,82,12,2018-10-03,,BRONZE,26336,1,1,PHONE
M0009411,1,75,16,2011-02-27,,GOLD,192855,1,1,PHONE
M0009412,1,50,13,2024-04-06,,GOLD,521698,0,1,APP
M0009413,1,62,39,2015-05-04,,BRONZE,98332,1,1,WEB
M0009414,9,62,11,2013-07-24,,BRONZE,24536,1,0,APP
M0009415,2,38,32,2013-07-06,,BRONZE,21936,0,0,STORE
M0009416,2,56,10,2016-05-22,,GOLD,202909,0,1,APP
M0009417,1,70,14,2019-12-25,,PLATINUM,778208,1,1,WEB
M0009418,2,19,28,2018-08-29,2020-09-21,BRONZE,16522,0,1,STORE
M0009419,2,50,44,2023-05-13,,SILVER,285343,1,0,WEB
M0009420,9,46,13,2023-01-26,,BRONZE,58351,1,0,STORE
M0009421,1,42,11,2015-05-15,,BRONZE,30577,1,1,WEB
M0009422,1,40,01,2023-03-05,,SILVER,130336,1,1,WEB
M0009423,2,44,14,2020-11-28,2023-02-10,SILVER,127433,1,0,APP
M0009424,1,45,14,2023-10-02,,SILVER,600342,1,1,APP
M0009425,2,59,15,2010-01-02,,BRONZE,108692,0,0,STORE
M0009426,2,48,37,2018-04-22,,SILVER,153688,1,1,STORE
M0009427,1,37,23,2020-01-04,,BRONZE,53429,1,0,WEB
M0009428,1,26,42,2013-11-12,2020-08-25,SILVER,80288,1,1,APP
M0009429,2,32,13,2020-06-27,,BRONZE,20168,0,1,WEB
M0009430,2,44,27,2021-08-15,,BRONZE,45108,1,0,WEB
M0009431,2,28,13,2012-03-22,,SILVER,107597,1,1,APP
M0009432,1,56,11,2025-04-11,,GOLD,347579,1,0,PHONE
M0009433,2,47,01,2025-02-18,,BRONZE,26875,1,1,APP
M0009434,2,59,27,2014-07-26,2023-05-12,SILVER,73830,1,1,PHONE
M0009435,2,29,11,2013-03-13,2018-06-16,SILVER,456265,1,0,WEB
M0009436,2,26,04,2013-03-05,,SILVER,192900,0,0,PHONE
M0009437,1,59,12,2010-08-02,,BRONZE,48568,1,0,WEB
M0009438,2,42,01,2010-05-12,,SILVER,118844,1,0,APP
M0009439,2,37,01,2014-12-31,,BRONZE,113472,0,0,APP
M0009440,1,52,46,2020-08-30,,BRONZE,47376,1,1,WEB
M0009441,2,51,08,2020-11-24,,BRONZE,33019,1,1,APP
M0009442,2,19,36,2018-09-21,,SILVER,211820,0,1,WEB
M0009443,2,64,42,2020-05-26,,BRONZE,61003,1,1,WEB
M0009444,1,33,31,2012-02-27,,GOLD,527134,1,1,WEB
M0009445,2,69,13,2025-12-02,,GOLD,552072,1,1,APP
M0009446,1,17,23,2013-03-11,,BRONZE,27276,0,1,WEB
M0009447,2,45,40,2015-11-14,2023-06-29,BRONZE,76312,1,1,WEB
M0009448,2,37,13,2020-08-06,,BRONZE,65977,0,1,STORE
M0009449,1,21,28,2012-01-15,,SILVER,376649,0,1,STORE
M0009450,1,51,27,2016-12-23,,SILVER,183605,1,1,WEB
M0009451,2,35,28,2024-12-11,,BRONZE,25066,1,1,APP
M0009452,1,35,24,2013-09-25,,BRONZE,20895,1,1,WEB
M0009453,2,59,40,2019-11-30,2025-05-01,BRONZE,40394,0,1,WEB
M0009454,2,31,42,2019-09-11,,BRONZE,69722,1,1,STORE
M0009455,2,25,17,2011-03-27,,BRONZE,175506,0,1,WEB
M0009456,1,54,22,2010-11-04,,GOLD,636543,1,1,APP
M0009457,1,36,13,2012-05-05,,PLATINUM,805530,0,1,STORE
M0009458,1,33,41,2010-04-05,2011-09-29,GOLD,592387,0,1,STORE
M0009459,2,62,13,2018-07-04,,BRONZE,20089,1,1,WEB
M0009460,9,20,29,2014-03-05,,PLATINUM,831989,0,1,APP
M0009461,2,32,13,2019-07-29,2025-12-31,SILVER,452514,0,1,STORE
M0009462,1,55,13,2014-08-19,,BRONZE,25726,1,1,PHONE
M0009463,1,19,14,2015-08-09,2022-08-26,GOLD,495415,1,1,APP
M0009464,1,70,10,2011-09-02,2016-02-22,BRONZE,87413,1,1,STORE
M0009465,9,36,35,2022-09-22,,BRONZE,59261,1,1,APP
M0009466,1,55,02,2011-11-03,2014-09-18,GOLD,640565,1,1,WEB
M0009467,1,55,09,2024-08-09,,BRONZE,45608,1,0,APP
M0009468,2,37,14,2012-09-07,,SILVER,169053,0,1,WEB
M0009469,2,32,45,2025-11-06,,SILVER,111054,1,0,WEB
M0009470,1,39,40,2021-08-05,,PLATINUM,733289,0,1,WEB
M0009471,2,52,37,2023-03-05,,BRONZE,82714,1,1,WEB
M0009472,1,23,19,2022-11-25,,BRONZE,98513,0,1,STORE
M0009473,1,20,40,2017-02-17,,SILVER,395498,0,0,STORE
M0009474,1,65,14,2012-11-27,,SILVER,118531,0,1,APP
M0009475,1,28,04,2020-10-28,,SILVER,150747,0,1,WEB
M0009476,9,46,41,2020-07-05,,GOLD,358827,1,1,WEB
M0009477,2,37,03,2022-12-01,,SILVER,336251,1,1,APP
M0009478,2,37,31,2013-09-27,,GOLD,385268,1,1,WEB
M0009479,1,64,44,2023-02-08,,BRONZE,90750,1,1,STORE
M0009480,2,39,14,2024-01-31,,GOLD,588215,0,0,STORE
M0009481,9,34,23,2021-09-12,,PLATINUM,711310,0,0,STORE
M0009482,1,35,01,2014-04-21,,BRONZE,31574,0,1,APP
M0009483,9,31,27,2013-12-13,,BRONZE,70196,0,0,APP
M0009484,2,29,21,2012-01-29,,SILVER,203581,0,0,WEB
M0009485,2,32,27,2023-04-10,2024-07-31,SILVER,189265,1,1,APP
M0009486,1,68,07,2017-01-10,,SILVER,149686,1,0,WEB
M0009487,2,52,23,2014-11-28,,GOLD,695113,1,1,WEB
M0009488,2,34,26,2012-06-20,,BRONZE,113926,0,1,WEB
M0009489,9,57,23,2017-11-27,2021-08-15,PLATINUM,1362387,1,1,WEB
M0009490,2,39,28,2013-03-05,,GOLD,420564,0,0,PHONE
M0009491,1,63,27,2023-05-17,,BRONZE,35834,1,1,WEB
M0009492,2,62,22,2015-06-05,,BRONZE,57006,0,1,WEB
M0009493,2,78,40,2017-02-18,,SILVER,100342,1,0,APP
M0009494,2,57,28,2020-07-28,,BRONZE,34252,1,0,APP
M0009495,1,47,29,2021-03-10,,SILVER,218934,0,1,APP
M0009496,1,62,11,2011-11-14,,SILVER,216914,1,1,APP
M0009497,1,29,27,2011-03-23,,PLATINUM,525728,0,1,APP
M0009498,1,33,27,2014-07-19,,BRONZE,26505,0,1,WEB
M0009499,9,39,28,2021-12-13,2025-12-31,SILVER,178875,1,1,STORE
M0009500,1,63,14,2023-09-26,,PLATINUM,1278155,1,0,APP
M0009501,2,25,14,2025-07-23,,SILVER,265498,0,1,STORE
M0009502,2,24,27,2014-05-19,,BRONZE,55250,0,1,WEB
M0009503,2,44,11,2022-03-21,,BRONZE,98671,1,1,WEB
M0009504,1,52,11,2012-09-11,,BRONZE,88276,1,1,WEB
M0009505,2,28,23,2013-01-10,2019-09-21,BRONZE,20299,1,1,PHONE
M0009506,2,51,01,2018-07-16,,BRONZE,129882,1,0,STORE
M0009507,2,63,28,2011-07-26,,SILVER,208913,1,1,STORE
M0009508,1,60,40,2010-07-14,,SILVER,242741,1,0,WEB
M0009509,2,46,35,2025-12-04,,BRONZE,77906,1,1,WEB
M0009510,1,38,23,2022-11-12,2025-12-31,BRONZE,114296,1,1,STORE
M0009511,2,70,26,2020-10-24,,SILVER,147487,1,0,APP
M0009512,1,40,28,2013-07-24,,SILVER,166100,1,0,APP
M0009513,1,56,40,2011-03-23,,GOLD,360143,1,1,WEB
M0009514,2,73,10,2012-02-16,,BRONZE,23050,1,0,APP
M0009515,1,54,13,2016-09-29,2022-07-23,BRONZE,93806,1,0,STORE
M0009516,2,23,44,2022-12-07,,SILVER,192567,0,1,STORE
M0009517,2,19,28,2019-07-02,,GOLD,284281,1,1,WEB
M0009518,1,35,13,2023-06-27,2025-12-31,SILVER,109784,1,1,PHONE
M0009519,1,52,11,2024-07-18,,BRONZE,81539,1,0,WEB
M0009520,1,48,07,2021-10-03,,BRONZE,21513,1,1,PHONE
M0009521,2,78,13,2011-08-08,2017-06-27,SILVER,596728,1,1,WEB
M0009522,2,47,27,2013-10-02,,PLATINUM,870045,1,1,WEB
M0009523,1,34,38,2015-05-26,,SILVER,56872,0,1,STORE
M0009524,2,21,14,2018-06-07,,BRONZE,56872,0,1,WEB
M0009525,1,60,13,2022-09-08,,BRONZE,25392,1,1,APP
M0009526,2,40,13,2025-07-04,,BRONZE,52850,1,1,STORE
M0009527,2,38,01,2025-09-25,,SILVER,151091,1,1,APP
M0009528,1,40,28,2017-08-24,,BRONZE,264985,1,0,STORE
M0009529,2,23,12,2025-11-12,,BRONZE,51260,0,0,STORE
M0009530,1,33,43,2025-03-12,,BRONZE,48319,0,0,STORE
M0009531,2,40,13,2012-08-31,,GOLD,319937,1,1,PHONE
M0009532,2,25,27,2020-10-27,,BRONZE,18514,0,1,STORE
M0009533,9,32,27,2017-01-08,,BRONZE,64115,0,0,STORE
M0009534,2,27,11,2023-07-10,,BRONZE,47074,0,0,WEB
M0009535,2,28,13,2023-11-22,,SILVER,258627,0,1,STORE
M0009536,1,23,40,2013-01-29,,BRONZE,10254,0,1,STORE
M0009537,2,32,24,2019-08-30,,GOLD,537496,0,1,WEB
M0009538,1,25,13,2024-10-29,,SILVER,288092,0,1,STORE
M0009539,2,50,37,2020-09-04,,BRONZE,24398,0,1,APP
M0009540,1,43,37,2023-08-27,,GOLD,700828,1,0,APP
M0009541,9,60,23,2021-07-28,,BRONZE,97658,1,0,APP
M0009542,9,72,31,2022-07-24,,SILVER,111438,1,1,STORE
M0009543,1,52,07,2023-07-23,,SILVER,144487,1,0,WEB
M0009544,2,48,14,2025-01-22,,BRONZE,129320,0,1,STORE
M0009545,2,53,28,2013-03-03,2017-11-10,BRONZE,55154,1,1,WEB
M0009546,1,48,13,2022-08-16,,SILVER,205053,1,1,STORE
M0009547,2,41,23,2016-02-22,,BRONZE,106313,0,0,APP
M0009548,2,40,25,2019-03-25,,SILVER,101419,1,1,WEB
M0009549,2,23,28,2020-07-07,,SILVER,87710,0,1,APP
M0009550,1,54,40,2020-05-18,,GOLD,540735,1,0,WEB
M0009551,2,39,02,2013-02-24,,BRONZE,53646,1,1,APP
M0009552,1,65,45,2023-02-19,,BRONZE,26238,1,1,WEB
M0009553,2,56,13,2021-06-11,,SILVER,310020,0,1,WEB
M0009554,1,29,14,2021-12-27,,SILVER,300928,0,1,APP
M0009555,1,61,13,2019-11-12,,BRONZE,207950,1,1,STORE
M0009556,1,59,43,2019-06-21,,BRONZE,19506,1,1,PHONE
M0009557,1,73,28,2014-06-10,,GOLD,375824,1,0,WEB
M0009558,2,17,13,2019-07-28,,BRONZE,49345,0,1,STORE
M0009559,2,48,01,2014-06-29,,SILVER,201172,1,1,APP
M0009560,2,47,23,2024-02-01,,GOLD,959142,1,1,WEB
M0009561,2,59,13,2010-10-21,,BRONZE,33238,1,1,WEB
M0009562,1,34,31,2010-02-27,,BRONZE,45305,0,1,APP
M0009563,1,71,07,2021-08-30,,SILVER,249811,0,1,STORE
M0009564,2,34,13,2021-06-27,,GOLD,446648,0,1,PHONE
M0009565,2,36,43,2018-12-15,,GOLD,778228,0,0,WEB
M0009566,2,32,13,2019-01-19,,BRONZE,159415,1,1,WEB
M0009567,1,41,13,2010-07-23,,BRONZE,54092,0,1,WEB
M0009568,2,22,11,2023-05-31,,BRONZE,33434,0,0,PHONE
M0009569,1,51,13,2023-07-23,,BRONZE,35765,1,0,APP
M0009570,2,36,28,2013-04-15,,BRONZE,77687,0,1,PHONE
M0009571,1,73,14,2010-04-02,,GOLD,246530,1,1,PHONE
M0009572,2,36,27,2018-05-29,2019-07-21,BRONZE,27017,0,0,WEB
M0009573,1,47,46,2014-01-16,,BRONZE,56001,1,1,APP
M0009574,2,36,14,2012-01-16,,BRONZE,47704,0,0,APP
M0009575,1,21,40,2011-10-21,,PLATINUM,612809,0,1,WEB
M0009576,2,37,14,2020-07-20,,BRONZE,30306,0,0,STORE
M0009577,1,53,26,2015-09-30,,SILVER,209546,1,1,STORE
M0009578,2,50,27,2022-03-22,,GOLD,489182,1,1,WEB
M0009579,1,35,13,2015-01-11,2021-06-29,SILVER,135816,1,1,WEB
M0009580,1,15,33,2019-12-23,,BRONZE,13464,0,0,APP
M0009581,2,51,27,2014-05-10,,SILVER,112066,1,1,WEB
M0009582,1,47,31,2018-11-17,,BRONZE,53682,1,1,WEB
M0009583,1,54,28,2021-03-08,,BRONZE,40387,1,1,PHONE
M0009584,2,35,25,2015-06-30,,GOLD,302937,0,1,APP
M0009585,2,47,13,2024-03-17,2025-12-31,SILVER,273306,0,1,WEB
M0009586,2,49,43,2020-03-27,,SILVER,142743,0,1,WEB
M0009587,1,40,14,2013-03-23,,SILVER,299707,1,0,WEB
M0009588,2,64,13,2024-05-23,,SILVER,145917,0,1,APP
M0009589,2,40,17,2017-12-24,,PLATINUM,909063,0,1,WEB
M0009590,1,39,13,2021-07-17,2025-12-31,GOLD,310552,0,1,STORE
M0009591,2,47,14,2015-07-14,,SILVER,382964,1,1,WEB
M0009592,1,30,01,2010-05-15,,BRONZE,61299,1,1,STORE
M0009593,2,29,13,2019-01-05,,SILVER,123971,0,1,WEB
M0009594,2,38,27,2018-02-20,,BRONZE,11489,1,0,WEB
M0009595,2,24,23,2021-08-01,2025-12-31,SILVER,90527,0,1,WEB
M0009596,2,36,11,2021-10-13,,SILVER,221708,1,0,STORE
M0009597,1,73,28,2021-01-05,,BRONZE,32305,0,1,STORE
M0009598,1,58,09,2018-01-25,,GOLD,324942,1,1,STORE
M0009599,2,45,14,2010-02-05,,BRONZE,95205,1,1,WEB
M0009600,2,66,40,2019-06-18,,GOLD,391959,1,1,WEB
M0009601,2,26,27,2025-03-13,,BRONZE,16520,1,0,WEB
M0009602,1,82,14,2024-08-02,2025-12-31,GOLD,261633,1,1,WEB
M0009603,2,32,13,2011-04-21,2013-05-14,SILVER,168048,1,0,APP
M0009604,1,74,28,2023-12-26,2025-12-31,BRONZE,165448,1,1,PHONE
M0009605,1,74,13,2012-04-24,,BRONZE,57415,1,0,STORE
M0009606,2,68,08,2011-04-21,,GOLD,167059,1,1,WEB
M0009607,2,65,13,2010-06-04,,BRONZE,40316,1,1,STORE
M0009608,2,35,13,2018-03-03,,BRONZE,56467,1,1,APP
M0009609,9,30,14,2012-10-29,,GOLD,377982,1,1,APP
M0009610,1,49,11,2019-12-16,,SILVER,215323,1,1,APP
M0009611,2,23,05,2017-06-21,,GOLD,280265,0,1,PHONE
M0009612,2,49,05,2023-08-20,,PLATINUM,1125995,1,0,APP
M0009613,2,24,45,2013-05-15,2018-09-29,BRONZE,23058,0,0,WEB
M0009614,1,43,14,2014-04-01,2015-04-02,GOLD,223553,1,0,STORE
M0009615,1,63,13,2018-04-13,,BRONZE,120164,1,1,STORE
M0009616,1,47,31,2012-03-28,,GOLD,539333,1,0,STORE
M0009617,1,34,09,2017-05-01,,SILVER,192824,0,1,STORE
M0009618,1,49,13,2019-07-22,,GOLD,587169,1,0,APP
M0009619,2,16,13,2019-11-17,,SILVER,108198,0,1,APP
M0009620,2,26,11,2017-06-25,,SILVER,174875,1,1,STORE
M0009621,1,33,14,2011-08-14,2020-03-18,GOLD,575897,0,0,STORE
M0009622,2,53,01,2014-02-15,,BRONZE,59314,0,1,STORE
M0009623,2,47,27,2011-02-22,,BRONZE,54820,1,1,APP
M0009624,2,49,43,2025-02-01,,GOLD,889388,0,1,STORE
M0009625,2,40,23,2019-04-21,,PLATINUM,1149806,1,1,APP
M0009626,2,27,16,2015-01-30,,SILVER,66921,1,0,WEB
M0009627,1,65,13,2014-10-31,,BRONZE,89760,1,1,STORE
M0009628,1,28,01,2010-11-20,,BRONZE,68638,0,1,PHONE
M0009629,2,47,31,2017-07-26,,SILVER,421280,1,0,WEB
M0009630,2,38,13,2010-12-10,,GOLD,287271,0,1,WEB
M0009631,2,50,23,2021-03-25,,BRONZE,32521,1,0,APP
M0009632,9,30,27,2013-03-21,,BRONZE,51116,0,1,APP
M0009633,1,58,11,2011-08-09,,BRONZE,77860,0,0,STORE
M0009634,1,63,24,2011-11-14,,BRONZE,46342,0,1,WEB
M0009635,2,57,05,2010-06-15,,SILVER,145116,1,0,WEB
M0009636,1,43,16,2016-04-25,2022-05-16,BRONZE,20378,1,1,APP
M0009637,2,33,27,2010-12-10,,SILVER,248661,0,1,APP
M0009638,2,88,26,2011-04-16,,BRONZE,97568,1,1,WEB
M0009639,2,23,01,2013-07-03,2017-11-25,GOLD,232093,0,1,WEB
M0009640,1,55,13,2018-12-24,,SILVER,70681,0,0,WEB
M0009641,2,46,31,2013-07-10,,SILVER,128346,1,1,WEB
M0009642,1,39,13,2016-07-14,,GOLD,443848,1,0,WEB
M0009643,2,43,13,2016-11-13,2018-04-04,BRONZE,58515,1,1,STORE
M0009644,1,31,26,2019-07-27,,PLATINUM,847047,0,1,WEB
M0009645,2,47,13,2010-09-30,,BRONZE,39652,0,1,STORE
M0009646,2,45,13,2025-10-30,,BRONZE,82447,1,1,STORE
M0009647,1,86,13,2011-06-25,,BRONZE,25890,0,1,WEB
M0009648,2,58,33,2025-11-14,,GOLD,429071,0,1,WEB
M0009649,1,49,13,2014-07-25,,SILVER,226616,0,0,APP
M0009650,2,50,40,2016-09-03,,BRONZE,17884,0,0,WEB
M0009651,2,71,27,2011-01-27,,BRONZE,44266,0,0,APP
M0009652,2,24,14,2015-11-16,,PLATINUM,515709,0,0,WEB
M0009653,1,37,14,2024-05-20,,BRONZE,83429,0,1,APP
M0009654,2,33,34,2020-11-26,,BRONZE,43192,0,0,STORE
M0009655,2,49,18,2019-12-21,,BRONZE,44379,0,1,APP
M0009656,2,54,34,2015-11-19,2019-06-09,BRONZE,45795,1,1,STORE
M0009657,1,23,08,2024-10-25,,GOLD,379758,1,1,WEB
M0009658,1,64,14,2022-06-15,,SILVER,419461,1,1,APP
M0009659,2,28,27,2014-01-13,,BRONZE,48526,1,1,APP
M0009660,1,34,23,2019-08-18,2025-12-31,GOLD,628685,1,1,APP
M0009661,1,42,14,2016-05-05,,GOLD,406228,0,1,WEB
M0009662,2,67,12,2013-03-11,,PLATINUM,962461,1,1,WEB
M0009663,1,25,13,2020-06-29,,BRONZE,57783,0,1,WEB
M0009664,2,45,07,2016-08-21,,BRONZE,91126,1,0,APP
M0009665,1,53,14,2011-07-26,,GOLD,680202,1,1,WEB
M0009666,2,50,11,2023-10-27,2025-12-31,BRONZE,87270,1,1,STORE
M0009667,9,50,45,2019-09-13,,BRONZE,216197,1,1,APP
M0009668,9,53,27,2018-11-08,,GOLD,330537,0,1,STORE
M0009669,2,31,13,2025-12-29,,BRONZE,176637,0,0,STORE
M0009670,2,69,27,2021-05-11,,SILVER,211990,1,1,WEB
M0009671,1,38,14,2025-09-01,,PLATINUM,641860,0,1,STORE
M0009672,9,36,23,2021-05-11,,SILVER,263181,1,1,STORE
M0009673,2,63,45,2012-09-16,,GOLD,312290,1,0,STORE
M0009674,2,29,32,2017-09-18,,GOLD,288533,0,1,STORE
M0009675,1,45,08,2018-02-23,,GOLD,114968,1,0,STORE
M0009676,1,28,08,2014-09-23,,SILVER,155862,0,0,WEB
M0009677,2,83,14,2014-12-13,,BRONZE,19962,1,1,STORE
M0009678,2,79,38,2019-07-18,,BRONZE,31075,1,1,STORE
M0009679,1,38,23,2016-08-02,,GOLD,223450,1,0,APP
M0009680,1,49,13,2011-10-23,,BRONZE,86314,1,1,WEB
M0009681,2,40,42,2019-04-20,,BRONZE,14856,0,1,PHONE
M0009682,1,34,23,2019-07-24,,SILVER,197828,0,1,PHONE
M0009683,9,42,13,2023-01-26,,BRONZE,64879,1,1,APP
M0009684,1,39,10,2011-08-24,2015-03-03,GOLD,643694,0,1,WEB
M0009685,1,54,27,2017-04-26,2022-04-13,PLATINUM,708675,0,1,STORE
M0009686,1,44,27,2024-06-06,2025-12-31,BRONZE,28584,1,1,STORE
M0009687,2,39,27,2014-03-28,,BRONZE,50137,1,1,APP
M0009688,2,45,28,2021-11-26,,GOLD,699431,1,0,STORE
M0009689,1,39,14,2015-07-02,,BRONZE,52472,0,0,STORE
M0009690,1,34,13,2012-11-24,2014-02-26,BRONZE,15073,1,1,APP
M0009691,1,55,40,2021-05-17,2025-12-31,BRONZE,282762,1,1,STORE
M0009692,1,49,27,2022-07-22,,BRONZE,35637,1,0,APP
M0009693,2,64,23,2024-08-21,,SILVER,153263,1,1,APP
M0009694,1,48,11,2021-08-12,,BRONZE,142371,1,0,STORE
M0009695,2,37,13,2014-11-28,,SILVER,232058,1,1,WEB
M0009696,1,50,27,2021-08-28,,SILVER,369995,1,1,APP
M0009697,2,26,14,2010-07-09,,BRONZE,16564,0,1,APP
M0009698,1,76,23,2015-05-14,,BRONZE,23003,1,1,APP
M0009699,1,45,25,2013-05-29,,BRONZE,89921,1,0,WEB
M0009700,1,77,27,2018-05-13,,GOLD,188845,1,1,WEB
M0009701,1,25,13,2021-01-16,,BRONZE,43415,0,1,WEB
M0009702,1,21,13,2019-05-17,,GOLD,522531,0,1,STORE
M0009703,9,46,01,2012-11-24,,GOLD,170354,1,1,APP
M0009704,1,46,14,2016-01-13,,SILVER,166959,1,0,STORE
M0009705,1,46,03,2011-06-13,,PLATINUM,908797,0,1,APP
M0009706,1,43,05,2018-12-19,2025-06-18,BRONZE,89953,1,1,WEB
M0009707,2,29,13,2021-11-21,,BRONZE,80108,0,1,PHONE
M0009708,2,15,40,2013-11-27,2017-04-08,BRONZE,20118,0,0,WEB
M0009709,2,45,44,2018-06-12,,SILVER,201544,0,1,WEB
M0009710,2,18,27,2023-12-31,,BRONZE,96786,1,1,APP
M0009711,2,17,23,2011-10-30,,PLATINUM,553648,0,0,WEB
M0009712,1,34,23,2025-05-14,2025-12-31,GOLD,297868,1,0,WEB
M0009713,2,47,27,2015-04-24,,SILVER,163384,0,0,WEB
M0009714,2,74,19,2015-03-25,2024-12-20,SILVER,148516,1,1,WEB
M0009715,1,57,13,2021-06-05,,BRONZE,76768,1,1,STORE
M0009716,2,64,27,2015-06-24,2024-03-10,BRONZE,15836,1,1,STORE
M0009717,1,51,01,2016-07-01,,BRONZE,55109,1,1,WEB
M0009718,1,46,37,2013-06-17,,SILVER,350712,1,1,APP
M0009719,2,83,13,2012-02-28,,BRONZE,56610,0,1,APP
M0009720,1,18,01,2023-11-02,,GOLD,298590,0,1,APP
M0009721,2,33,13,2011-07-23,,PLATINUM,1488462,1,1,PHONE
M0009722,9,34,01,2012-08-12,,BRONZE,47744,0,1,WEB
M0009723,2,55,40,2023-03-14,,SILVER,248891,0,0,WEB
M0009724,1,23,11,2022-10-13,2025-12-31,BRONZE,42371,0,1,APP
M0009725,2,53,44,2013-06-14,,SILVER,233305,0,1,WEB
M0009726,2,50,04,2023-04-27,,GOLD,685903,1,1,PHONE
M0009727,1,54,27,2021-08-09,2023-01-13,SILVER,186820,1,1,WEB
M0009728,1,54,47,2015-01-22,,SILVER,129238,1,1,WEB
M0009729,2,66,27,2011-04-08,,BRONZE,61158,0,1,STORE
M0009730,2,39,04,2022-06-06,,BRONZE,16303,1,1,WEB
M0009731,1,49,04,2020-11-21,2025-12-31,GOLD,926874,1,1,APP
M0009732,1,27,30,2017-04-01,,PLATINUM,1119802,0,1,APP
M0009733,9,24,40,2014-05-21,,SILVER,225518,0,1,WEB
M0009734,1,70,06,2015-07-30,,BRONZE,37807,1,0,WEB
M0009735,1,26,01,2014-05-15,,SILVER,302801,0,1,APP
M0009736,2,51,11,2024-04-17,,SILVER,309323,1,1,STORE
M0009737,1,49,37,2013-04-06,,SILVER,197608,1,1,STORE
M0009738,1,60,27,2017-04-04,,BRONZE,39381,1,1,STORE
M0009739,2,40,27,2020-04-03,2024-12-02,GOLD,373903,1,1,APP
M0009740,2,55,12,2010-11-19,,PLATINUM,588008,1,1,WEB
M0009741,2,39,27,2018-01-12,2024-03-10,GOLD,437850,1,1,STORE
M0009742,1,30,25,2020-02-26,,PLATINUM,1124123,1,0,STORE
M0009743,2,36,14,2018-06-11,,BRONZE,86858,1,1,WEB
M0009744,2,58,11,2020-07-12,,BRONZE,34488,1,1,WEB
M0009745,2,52,04,2017-10-23,,GOLD,682343,0,1,STORE
M0009746,2,38,34,2020-02-26,,SILVER,134976,1,1,WEB
M0009747,2,21,05,2025-08-22,,PLATINUM,661899,0,0,STORE
M0009748,2,22,13,2015-10-07,,BRONZE,160025,0,1,APP
M0009749,2,53,14,2015-09-17,2020-12-24,BRONZE,33930,1,1,APP
M0009750,1,18,16,2020-11-09,,SILVER,219490,0,0,WEB
M0009751,9,38,36,2011-06-08,,BRONZE,23234,1,0,WEB
M0009752,2,86,12,2014-08-29,,BRONZE,84489,1,1,WEB
M0009753,1,48,01,2012-08-31,,SILVER,341796,0,1,WEB
M0009754,1,53,40,2017-06-06,,GOLD,1105852,1,1,WEB
M0009755,2,22,11,2011-12-12,,BRONZE,61983,1,0,WEB
M0009756,1,19,11,2013-06-20,,BRONZE,53378,1,1,PHONE
M0009757,2,54,13,2016-10-19,,GOLD,723735,0,1,PHONE
M0009758,2,35,13,2019-10-24,,SILVER,303046,0,1,WEB
M0009759,1,60,01,2016-11-19,,SILVER,134852,1,1,WEB
M0009760,1,42,23,2022-12-20,2025-12-31,SILVER,240500,1,1,APP
M0009761,2,100,27,2022-10-19,,BRONZE,30061,1,1,APP
M0009762,1,32,35,2011-07-25,,BRONZE,39728,0,0,APP
M0009763,2,47,27,2021-02-16,,GOLD,277324,1,0,STORE
M0009764,1,26,06,2010-06-07,,BRONZE,70117,0,1,STORE
M0009765,2,59,20,2012-10-10,,PLATINUM,1026535,0,1,WEB
M0009766,2,49,29,2022-03-07,,PLATINUM,613449,1,0,PHONE
M0009767,1,25,29,2019-04-29,,BRONZE,34168,0,1,APP
M0009768,2,36,20,2015-03-02,,BRONZE,176661,1,1,WEB
M0009769,2,65,11,2012-06-16,2020-07-05,GOLD,542988,1,1,WEB
M0009770,1,63,01,2015-03-08,,GOLD,295396,1,1,STORE
M0009771,1,18,31,2022-06-21,,BRONZE,48028,0,0,PHONE
M0009772,2,34,11,2019-01-14,,SILVER,75312,1,0,STORE
M0009773,2,73,03,2012-01-31,2020-12-04,BRONZE,35738,1,1,APP
M0009774,2,39,13,2017-10-15,,BRONZE,38034,0,0,STORE
M0009775,2,45,28,2013-03-21,2021-01-03,BRONZE,21665,1,1,STORE
M0009776,1,59,13,2011-12-12,,BRONZE,83331,1,1,APP
M0009777,1,19,02,2011-05-21,2019-07-22,BRONZE,23365,0,0,PHONE
M0009778,2,26,40,2022-03-02,2025-12-31,SILVER,389318,1,1,APP
M0009779,2,36,27,2012-07-25,,BRONZE,45688,0,1,PHONE
M0009780,2,62,40,2012-10-27,,BRONZE,252830,0,1,WEB
M0009781,1,59,06,2023-11-10,,SILVER,217037,1,0,WEB
M0009782,2,54,36,2023-03-21,,GOLD,788111,1,1,WEB
M0009783,2,39,13,2018-01-14,,SILVER,220184,1,0,WEB
M0009784,1,61,13,2022-03-25,2025-12-31,SILVER,367506,1,1,APP
M0009785,2,39,07,2010-05-15,,BRONZE,14146,0,1,WEB
M0009786,2,52,28,2012-09-04,2021-01-02,GOLD,579661,1,0,WEB
M0009787,1,57,14,2015-08-28,,BRONZE,46641,1,0,APP
M0009788,1,71,12,2022-02-18,,BRONZE,16307,0,1,APP
M0009789,1,41,32,2011-06-14,,BRONZE,34327,1,1,WEB
M0009790,2,36,27,2020-07-29,,BRONZE,45258,1,1,STORE
M0009791,1,64,23,2011-02-15,,SILVER,126370,1,1,WEB
M0009792,1,65,13,2025-09-16,,PLATINUM,595396,1,1,WEB
M0009793,1,32,41,2013-05-04,,SILVER,211917,1,1,STORE
M0009794,1,23,21,2021-05-22,,BRONZE,16059,1,1,STORE
M0009795,1,62,23,2019-12-18,,GOLD,254065,1,1,APP
M0009796,2,20,47,2016-03-30,,BRONZE,53264,0,1,STORE
M0009797,1,40,27,2022-03-19,,SILVER,129940,1,0,APP
M0009798,1,37,15,2019-12-03,,BRONZE,139759,0,1,WEB
M0009799,1,42,18,2017-03-17,,SILVER,94605,0,1,WEB
M0009800,1,22,26,2020-08-03,,BRONZE,50495,0,1,APP
M0009801,1,44,04,2014-08-05,2020-08-20,PLATINUM,1004326,1,1,WEB
M0009802,2,45,27,2021-12-06,,BRONZE,90035,1,1,WEB
M0009803,2,32,13,2021-03-18,,SILVER,229921,1,0,APP
M0009804,2,75,27,2017-07-01,,BRONZE,132485,1,1,WEB
M0009805,1,47,31,2020-07-12,,SILVER,224714,1,1,APP
M0009806,2,59,40,2023-03-31,,GOLD,700161,0,1,WEB
M0009807,2,15,28,2020-04-10,2023-08-28,SILVER,48416,0,1,WEB
M0009808,1,15,13,2014-08-04,2017-12-01,BRONZE,53536,0,0,PHONE
M0009809,1,48,23,2014-06-06,,SILVER,287995,1,1,STORE
M0009810,2,72,40,2025-05-31,,GOLD,472629,0,1,APP
M0009811,1,23,23,2022-12-08,,BRONZE,7691,0,0,STORE
M0009812,1,42,40,2014-12-20,,BRONZE,56678,0,0,APP
M0009813,2,19,13,2021-06-20,,SILVER,156665,0,1,WEB
M0009814,1,28,13,2010-08-08,,BRONZE,8674,0,1,WEB
M0009815,9,43,42,2021-01-29,2025-12-31,BRONZE,30156,1,0,WEB
M0009816,1,32,01,2013-03-15,2018-07-27,SILVER,291331,1,1,WEB
M0009817,1,18,12,2014-12-25,,SILVER,179958,1,1,STORE
M0009818,1,17,37,2024-11-02,,BRONZE,12257,0,1,WEB
M0009819,1,38,28,2012-03-23,,BRONZE,60525,0,0,STORE
M0009820,2,48,01,2022-08-23,,BRONZE,26680,1,1,WEB
M0009821,2,50,23,2016-06-13,,BRONZE,61701,1,1,WEB
M0009822,2,50,13,2017-01-11,,GOLD,527746,1,1,STORE
M0009823,2,25,14,2017-05-21,,BRONZE,86391,0,0,PHONE
M0009824,1,57,34,2024-06-25,,BRONZE,25565,1,0,APP
M0009825,1,52,11,2018-01-01,,GOLD,455430,1,1,WEB
M0009826,1,40,27,2013-12-12,,SILVER,337371,1,1,PHONE
M0009827,2,37,25,2010-02-12,,GOLD,364958,0,0,WEB
M0009828,2,29,13,2013-09-26,2015-03-12,SILVER,357273,1,1,WEB
M0009829,2,43,12,2012-07-15,,GOLD,576033,1,0,WEB
M0009830,2,67,06,2012-01-24,,BRONZE,50672,1,1,WEB
M0009831,2,59,14,2025-11-20,,SILVER,220953,0,1,APP
M0009832,1,36,13,2017-01-29,,BRONZE,7994,0,1,APP
M0009833,2,49,11,2025-12-26,,BRONZE,17588,1,1,STORE
M0009834,2,21,16,2018-03-24,,BRONZE,97144,0,1,STORE
M0009835,2,52,34,2013-07-05,,SILVER,317268,1,1,WEB
M0009836,1,26,24,2012-04-28,,SILVER,310910,0,1,WEB
M0009837,1,52,13,2022-02-27,,BRONZE,26968,1,0,STORE
M0009838,2,90,27,2011-11-01,2018-08-06,BRONZE,24234,0,1,WEB
M0009839,2,30,01,2010-10-31,,SILVER,110767,1,1,STORE
M0009840,9,90,07,2016-03-31,,SILVER,90040,1,1,APP
M0009841,2,48,13,2015-01-18,2023-02-03,SILVER,120690,1,1,WEB
M0009842,1,27,13,2013-09-21,,SILVER,278727,0,1,STORE
M0009843,1,26,13,2018-03-23,2021-08-05,SILVER,140417,0,0,STORE
M0009844,2,80,14,2019-03-10,,BRONZE,19745,1,1,STORE
M0009845,1,48,04,2016-12-11,2021-11-04,SILVER,72395,1,1,WEB
M0009846,2,30,41,2018-05-23,,BRONZE,14861,1,0,APP
M0009847,2,37,13,2020-09-10,,SILVER,120770,0,1,APP
M0009848,1,47,23,2012-08-07,,BRONZE,24246,1,1,WEB
M0009849,1,40,40,2015-12-01,,SILVER,165179,0,1,STORE
M0009850,1,46,40,2010-03-19,,SILVER,251676,1,1,APP
M0009851,1,70,13,2025-07-02,,BRONZE,42328,1,0,STORE
M0009852,2,21,14,2020-04-26,,GOLD,868474,0,0,PHONE
M0009853,1,51,27,2022-11-05,,BRONZE,38180,1,1,PHONE
M0009854,1,39,08,2022-05-14,,BRONZE,105986,0,1,PHONE
M0009855,1,32,12,2010-02-05,2011-12-04,SILVER,381727,0,0,WEB
M0009856,1,58,12,2017-10-24,,GOLD,965389,1,0,APP
M0009857,2,15,23,2023-12-02,,BRONZE,22700,0,1,STORE
M0009858,2,50,14,2019-03-18,,BRONZE,49581,1,0,WEB
M0009859,2,44,27,2019-07-26,,SILVER,321986,0,1,STORE
M0009860,2,38,13,2025-05-22,,BRONZE,34165,1,1,APP
M0009861,1,17,13,2021-12-29,,SILVER,153041,0,0,STORE
M0009862,2,70,27,2022-04-14,,GOLD,355303,1,1,APP
M0009863,1,73,45,2022-10-13,,BRONZE,81718,1,1,APP
M0009864,2,48,44,2015-05-05,,BRONZE,18336,1,1,STORE
M0009865,1,40,18,2025-07-29,,SILVER,132271,1,1,STORE
M0009866,1,77,01,2023-08-10,,SILVER,51389,0,1,APP
M0009867,1,57,02,2010-07-12,,SILVER,156773,0,1,WEB
M0009868,2,70,01,2018-10-11,2025-12-31,GOLD,164871,1,1,APP
M0009869,1,20,12,2013-12-17,2019-03-28,GOLD,289186,0,1,WEB
M0009870,2,19,27,2018-05-09,,BRONZE,55883,0,1,APP
M0009871,1,50,45,2022-12-08,,GOLD,477078,0,0,WEB
M0009872,2,47,16,2021-01-26,,SILVER,173314,0,1,PHONE
M0009873,2,61,27,2022-10-18,2024-08-25,GOLD,428727,1,1,PHONE
M0009874,1,33,23,2016-11-14,,SILVER,210259,0,1,WEB
M0009875,1,52,20,2011-03-29,,GOLD,644599,0,1,STORE
M0009876,1,57,37,2024-02-04,2025-12-31,GOLD,601670,1,1,WEB
M0009877,2,56,40,2011-04-08,,BRONZE,66384,0,0,PHONE
M0009878,2,33,23,2012-09-04,2017-11-01,SILVER,312851,0,0,PHONE
M0009879,1,49,14,2021-07-24,2023-09-13,SILVER,279774,1,1,STORE
M0009880,1,27,40,2016-10-01,,SILVER,209567,0,0,WEB
M0009881,1,35,27,2017-08-16,,BRONZE,28138,0,1,STORE
M0009882,1,22,13,2011-01-15,,BRONZE,37314,1,0,APP
M0009883,2,27,40,2012-09-25,,BRONZE,65555,0,1,PHONE
M0009884,1,36,11,2021-04-15,,SILVER,163869,1,1,STORE
M0009885,1,32,19,2019-01-23,2021-11-12,SILVER,93396,0,0,STORE
M0009886,2,27,23,2014-04-29,,SILVER,134029,0,1,STORE
M0009887,2,18,14,2016-05-27,,BRONZE,24646,0,1,WEB
M0009888,2,73,11,2016-10-22,,GOLD,514451,0,0,WEB
M0009889,1,31,21,2024-10-07,,SILVER,123460,1,0,APP
M0009890,2,46,23,2024-03-07,2025-12-31,GOLD,349281,1,1,STORE
M0009891,2,58,28,2017-09-05,,GOLD,365050,1,1,APP
M0009892,2,63,13,2012-12-24,,GOLD,248178,1,0,APP
M0009893,1,43,13,2019-01-30,,SILVER,731159,0,1,WEB
M0009894,2,32,39,2010-01-14,2014-05-06,BRONZE,30361,1,1,WEB
M0009895,2,33,27,2020-05-08,2025-12-31,SILVER,542259,1,1,PHONE
M0009896,2,55,14,2019-04-02,,BRONZE,21141,1,1,APP
M0009897,2,37,13,2024-05-19,,GOLD,499310,1,1,APP
M0009898,2,26,23,2017-01-01,,SILVER,106581,0,1,WEB
M0009899,2,38,10,2018-12-28,,SILVER,243400,0,1,WEB
M0009900,2,38,04,2010-11-18,,SILVER,101782,1,1,PHONE
M0009901,1,83,30,2023-03-13,,SILVER,156564,1,1,STORE
M0009902,1,34,14,2014-09-28,,SILVER,156494,1,1,WEB
M0009903,2,57,14,2022-02-12,2023-05-08,BRONZE,205957,0,1,APP
M0009904,2,71,44,2013-10-29,,BRONZE,30651,1,1,WEB
M0009905,2,51,11,2015-07-25,,PLATINUM,1032782,1,1,WEB
M0009906,2,29,26,2014-03-04,2016-01-21,GOLD,636075,1,1,WEB
M0009907,2,18,01,2024-05-19,,BRONZE,16957,0,0,WEB
M0009908,2,53,27,2022-08-20,,BRONZE,14503,0,1,APP
M0009909,1,68,43,2021-04-07,,SILVER,158356,1,1,WEB
M0009910,2,49,14,2014-11-16,,PLATINUM,689538,1,1,WEB
M0009911,1,61,12,2021-09-27,,PLATINUM,832665,0,1,STORE
M0009912,2,84,27,2017-11-01,,BRONZE,19953,1,0,PHONE
M0009913,2,54,28,2021-06-10,,BRONZE,60272,1,0,WEB
M0009914,1,21,28,2014-04-01,,BRONZE,33450,0,1,APP
M0009915,1,41,27,2018-08-19,,BRONZE,63909,1,0,PHONE
M0009916,1,63,46,2025-03-17,2025-12-31,BRONZE,70120,0,1,WEB
M0009917,2,36,13,2011-04-04,,SILVER,338342,1,0,WEB
M0009918,1,66,11,2022-05-22,2025-12-31,GOLD,586598,0,1,WEB
M0009919,1,39,13,2021-03-03,,BRONZE,44987,1,1,STORE
M0009920,2,46,04,2016-10-09,,BRONZE,45729,0,0,PHONE
M0009921,1,34,11,2024-07-23,,SILVER,240937,1,0,APP
M0009922,2,43,28,2021-08-19,,SILVER,308982,1,1,STORE
M0009923,2,44,06,2018-06-10,,BRONZE,149609,1,1,PHONE
M0009924,1,45,17,2015-01-14,,BRONZE,83736,1,1,STORE
M0009925,1,32,44,2020-12-25,2025-12-31,SILVER,257137,1,1,PHONE
M0009926,9,19,31,2011-04-26,,BRONZE,52354,0,1,WEB
M0009927,2,33,14,2014-02-11,,SILVER,138675,1,0,APP
M0009928,1,26,09,2016-11-20,,GOLD,164999,0,0,WEB
M0009929,2,57,13,2013-08-04,2019-06-18,BRONZE,39325,0,1,WEB
M0009930,2,57,13,2019-01-13,2025-04-17,SILVER,103830,1,1,STORE
M0009931,1,50,11,2023-12-13,,GOLD,543185,1,0,APP
M0009932,2,18,11,2015-08-04,,SILVER,137748,0,0,WEB
M0009933,2,38,23,2016-07-07,,BRONZE,80224,1,1,APP
M0009934,1,17,11,2016-06-04,2022-10-09,BRONZE,44789,0,1,PHONE
M0009935,2,37,12,2021-08-06,,GOLD,296614,1,0,WEB
M0009936,1,51,42,2021-06-07,,BRONZE,62320,1,1,WEB
M0009937,1,57,13,2013-10-01,2020-08-11,GOLD,569825,1,1,APP
M0009938,1,48,14,2024-04-29,,GOLD,295829,1,1,WEB
M0009939,2,61,13,2020-05-11,,GOLD,513133,1,1,WEB
M0009940,2,44,27,2024-04-22,,GOLD,347333,1,1,STORE
M0009941,2,36,46,2024-01-03,,GOLD,350291,0,0,STORE
M0009942,1,55,13,2019-03-19,2025-12-31,GOLD,620579,1,1,WEB
M0009943,2,55,27,2021-04-05,,SILVER,172024,1,0,STORE
M0009944,2,31,11,2020-01-27,,BRONZE,82606,1,0,WEB
M0009945,1,46,14,2019-10-02,,BRONZE,62820,1,1,WEB
M0009946,1,35,28,2018-07-11,,BRONZE,17263,1,1,WEB
M0009947,2,43,46,2013-09-12,,BRONZE,51951,1,0,STORE
M0009948,1,47,06,2015-12-10,,GOLD,360902,1,1,WEB
M0009949,2,18,40,2021-04-14,,GOLD,528278,0,1,STORE
M0009950,2,46,04,2021-10-23,,BRONZE,22908,1,0,STORE
M0009951,1,37,32,2017-06-24,,GOLD,605477,0,1,STORE
M0009952,9,28,27,2011-10-13,,SILVER,154000,0,0,WEB
M0009953,2,33,08,2012-02-23,,SILVER,140620,0,0,PHONE
M0009954,2,60,01,2024-04-21,,GOLD,430410,1,1,APP
M0009955,2,31,10,2012-01-07,2019-07-08,GOLD,375346,1,1,WEB
M0009956,2,22,13,2014-07-17,,GOLD,599799,0,1,STORE
M0009957,2,46,10,2011-01-02,,SILVER,206769,1,1,STORE
M0009958,1,36,20,2013-07-02,,BRONZE,77893,1,1,STORE
M0009959,1,53,05,2023-06-07,2025-12-31,BRONZE,16678,1,1,STORE
M0009960,1,23,27,2014-05-21,,SILVER,309761,1,0,STORE
M0009961,2,44,13,2023-05-13,2024-06-19,GOLD,627185,1,0,STORE
M0009962,2,82,10,2022-12-27,,SILVER,48992,0,1,STORE
M0009963,1,36,12,2021-03-15,,GOLD,868045,1,1,WEB
M0009964,9,43,46,2014-04-21,,BRONZE,48924,1,0,STORE
M0009965,1,65,11,2025-12-15,,BRONZE,44256,1,1,WEB
M0009966,1,25,27,2019-10-03,2024-08-17,SILVER,107437,1,0,WEB
M0009967,1,48,18,2022-04-27,,GOLD,224110,1,1,STORE
M0009968,2,34,15,2015-06-29,,SILVER,227921,1,1,STORE
M0009969,1,50,23,2020-08-11,,BRONZE,22402,1,1,WEB
M0009970,2,47,15,2020-07-03,,GOLD,400859,1,0,PHONE
M0009971,2,18,14,2019-07-22,,BRONZE,37793,1,1,APP
M0009972,1,57,27,2019-06-20,,SILVER,79013,1,0,WEB
M0009973,9,19,13,2021-04-01,,SILVER,77750,0,1,PHONE
M0009974,1,27,14,2025-12-18,,PLATINUM,595198,1,1,WEB
M0009975,2,44,12,2023-11-28,,BRONZE,85578,0,1,APP
M0009976,1,67,27,2014-12-23,,SILVER,489603,0,1,WEB
M0009977,2,23,33,2024-03-23,,BRONZE,27091,0,1,WEB
M0009978,2,43,27,2015-08-07,,BRONZE,61233,1,0,APP
M0009979,1,43,04,2013-12-24,,BRONZE,71334,0,1,STORE
M0009980,1,51,23,2013-03-07,,BRONZE,23685,1,1,WEB
M0009981,1,60,27,2021-04-04,2025-04-05,GOLD,375066,1,1,PHONE
M0009982,1,33,28,2017-06-04,,SILVER,264937,1,1,STORE
M0009983,9,57,42,2023-04-01,2025-08-24,GOLD,552316,1,1,STORE
M0009984,2,63,41,2023-05-26,,GOLD,261673,1,0,APP
M0009985,2,70,14,2018-08-12,,BRONZE,43747,1,1,WEB
M0009986,9,49,23,2013-05-18,,BRONZE,43139,1,1,WEB
M0009987,2,43,13,2011-10-16,,BRONZE,49483,1,1,PHONE
M0009988,2,32,11,2025-05-20,,BRONZE,16267,1,1,WEB
M0009989,1,15,14,2014-12-01,,BRONZE,13068,0,0,STORE
M0009990,1,35,39,2010-03-18,,BRONZE,117457,0,1,WEB
M0009991,1,42,12,2016-05-08,,BRONZE,84896,0,1,WEB
M0009992,1,38,27,2022-11-19,,BRONZE,58329,1,1,WEB
M0009993,1,50,47,2011-06-19,,BRONZE,93988,1,1,APP
M0009994,1,15,05,2021-01-24,,BRONZE,13835,0,1,APP
M0009995,1,37,13,2016-08-27,2025-03-07,SILVER,759771,1,1,STORE
M0009996,1,74,21,2024-06-26,,BRONZE,36256,1,1,APP
M0009997,1,57,28,2017-03-07,,BRONZE,39937,1,1,STORE
M0009998,1,50,40,2018-05-08,,GOLD,325705,1,1,PHONE
M0009999,1,47,27,2017-04-23,,GOLD,457435,0,0,WEB
M0010000,2,34,27,2020-11-23,2025-12-03,BRONZE,29163,1,1,PHONE
